datetime,open,high,low,close,volume
2026-06-12 04:00:00+00:00,4219.0,4222.60009765625,4213.7001953125,4216.5,289.0
2026-06-12 04:15:00+00:00,4216.2998046875,4217.2001953125,4212.0,4214.5,270.0
2026-06-12 04:30:00+00:00,4214.5,4220.10009765625,4213.89990234375,4215.2001953125,354.0
2026-06-12 04:45:00+00:00,4215.5,4215.89990234375,4211.10009765625,4211.89990234375,256.0
2026-06-12 05:00:00+00:00,4211.7998046875,4214.39990234375,4203.60009765625,4210.5,684.0
2026-06-12 05:15:00+00:00,4209.89990234375,4211.10009765625,4206.2001953125,4208.89990234375,340.0
2026-06-12 05:30:00+00:00,4208.5,4209.60009765625,4194.0,4201.7998046875,1350.0
2026-06-12 05:45:00+00:00,4202.2001953125,4202.2001953125,4192.10009765625,4194.7001953125,894.0
2026-06-12 06:00:00+00:00,4194.7001953125,4207.0,4194.7001953125,4204.89990234375,1098.0
2026-06-12 06:15:00+00:00,4204.39990234375,4204.60009765625,4200.60009765625,4203.7998046875,540.0
2026-06-12 06:30:00+00:00,4204.0,4204.5,4193.7001953125,4198.10009765625,854.0
2026-06-12 06:45:00+00:00,4198.2001953125,4206.10009765625,4195.60009765625,4205.39990234375,840.0
2026-06-12 07:00:00+00:00,4205.5,4206.2998046875,4197.5,4199.39990234375,852.0
2026-06-12 07:15:00+00:00,4199.60009765625,4201.2001953125,4195.2998046875,4195.2998046875,884.0
2026-06-12 07:30:00+00:00,4195.2998046875,4205.7001953125,4191.10009765625,4204.2998046875,1731.0
2026-06-12 07:45:00+00:00,4204.7001953125,4215.2001953125,4195.2001953125,4215.2001953125,2240.0
2026-06-12 08:00:00+00:00,4215.89990234375,4226.39990234375,4213.2001953125,4224.89990234375,2219.0
2026-06-12 08:15:00+00:00,4225.7001953125,4242.0,4220.7998046875,4234.5,2504.0
2026-06-12 08:30:00+00:00,4235.0,4244.89990234375,4233.7001953125,4239.7998046875,1891.0
2026-06-12 08:45:00+00:00,4240.10009765625,4247.7001953125,4236.2998046875,4241.2001953125,1194.0
2026-06-12 09:00:00+00:00,4241.39990234375,4247.0,4239.10009765625,4245.7998046875,886.0
2026-06-12 09:15:00+00:00,4245.89990234375,4248.60009765625,4240.60009765625,4242.5,1923.0
2026-06-12 09:30:00+00:00,4242.10009765625,4249.2998046875,4240.39990234375,4246.7001953125,1924.0
2026-06-12 09:45:00+00:00,4246.89990234375,4249.60009765625,4242.7998046875,4243.10009765625,866.0
2026-06-12 10:00:00+00:00,4242.89990234375,4246.7001953125,4240.0,4242.39990234375,1054.0
2026-06-12 10:15:00+00:00,4242.2998046875,4242.89990234375,4223.60009765625,4227.7998046875,1910.0
2026-06-12 10:30:00+00:00,4227.89990234375,4239.39990234375,4227.5,4236.7998046875,805.0
2026-06-12 10:45:00+00:00,4236.2998046875,4239.7001953125,4230.2998046875,4231.89990234375,1048.0
2026-06-12 11:00:00+00:00,4232.2998046875,4233.10009765625,4225.89990234375,4228.2998046875,933.0
2026-06-12 11:15:00+00:00,4228.10009765625,4231.39990234375,4223.0,4223.5,843.0
2026-06-12 11:30:00+00:00,4223.39990234375,4232.0,4218.10009765625,4230.7001953125,1363.0
2026-06-12 11:45:00+00:00,4230.89990234375,4236.2998046875,4227.39990234375,4227.7998046875,946.0
2026-06-12 12:00:00+00:00,4227.89990234375,4235.2001953125,4223.60009765625,4235.2001953125,1886.0
2026-06-12 12:15:00+00:00,4235.39990234375,4236.2998046875,4221.2001953125,4221.89990234375,1687.0
2026-06-12 12:30:00+00:00,4222.2001953125,4222.7001953125,4211.89990234375,4217.39990234375,3127.0
2026-06-12 12:45:00+00:00,4217.39990234375,4221.2001953125,4209.2998046875,4212.2998046875,2311.0
2026-06-12 13:00:00+00:00,4212.10009765625,4222.0,4207.2998046875,4219.10009765625,1950.0
2026-06-12 13:15:00+00:00,4219.0,4227.7001953125,4218.0,4223.89990234375,1303.0
2026-06-12 13:30:00+00:00,4223.7001953125,4231.2001953125,4203.0,4211.2998046875,5485.0
2026-06-12 13:45:00+00:00,4211.10009765625,4214.5,4203.2001953125,4206.7001953125,2957.0
2026-06-12 14:00:00+00:00,4207.39990234375,4219.2001953125,4205.60009765625,4214.10009765625,3390.0
2026-06-12 14:15:00+00:00,4213.60009765625,4220.10009765625,4202.89990234375,4208.7998046875,2442.0
2026-06-12 14:30:00+00:00,4209.2998046875,4213.89990234375,4201.2998046875,4205.0,3232.0
2026-06-12 14:45:00+00:00,4204.7998046875,4229.5,4197.5,4224.89990234375,4919.0
2026-06-12 15:00:00+00:00,4224.89990234375,4236.10009765625,4221.0,4234.60009765625,2520.0
2026-06-12 15:15:00+00:00,4235.0,4256.7998046875,4233.5,4246.7998046875,3997.0
2026-06-12 15:30:00+00:00,4247.0,4249.2001953125,4230.39990234375,4231.60009765625,3476.0
2026-06-12 15:45:00+00:00,4232.10009765625,4239.2998046875,4227.39990234375,4232.39990234375,2307.0
2026-06-12 16:00:00+00:00,4232.2998046875,4246.0,4228.60009765625,4242.10009765625,2142.0
2026-06-12 16:15:00+00:00,4242.60009765625,4254.10009765625,4236.7998046875,4237.5,2192.0
2026-06-12 16:30:00+00:00,4237.89990234375,4241.0,4232.2998046875,4234.10009765625,1343.0
2026-06-12 16:45:00+00:00,4234.2001953125,4238.5,4232.0,4236.5,1415.0
2026-06-12 17:00:00+00:00,4236.5,4247.10009765625,4235.5,4238.5,1967.0
2026-06-12 17:15:00+00:00,4239.0,4244.2001953125,4234.39990234375,4239.2001953125,2568.0
2026-06-12 17:30:00+00:00,4239.2001953125,4243.89990234375,4234.0,4242.60009765625,1187.0
2026-06-12 17:45:00+00:00,4243.0,4245.2998046875,4239.60009765625,4241.7998046875,594.0
2026-06-12 18:00:00+00:00,4242.2001953125,4249.2001953125,4238.5,4247.89990234375,1130.0
2026-06-12 18:15:00+00:00,4247.2001953125,4256.2001953125,4245.2998046875,4247.2001953125,1639.0
2026-06-12 18:30:00+00:00,4247.39990234375,4250.7998046875,4245.2001953125,4250.0,715.0
2026-06-12 18:45:00+00:00,4249.2001953125,4250.0,4234.89990234375,4236.2001953125,1322.0
2026-06-12 19:00:00+00:00,4236.2001953125,4240.7998046875,4235.2001953125,4238.7998046875,795.0
2026-06-12 19:15:00+00:00,4238.60009765625,4238.60009765625,4228.89990234375,4229.89990234375,1171.0
2026-06-12 19:30:00+00:00,4229.89990234375,4231.60009765625,4223.2001953125,4226.39990234375,1474.0
2026-06-12 19:45:00+00:00,4226.7001953125,4232.5,4225.2998046875,4231.89990234375,1029.0
2026-06-12 20:00:00+00:00,4231.60009765625,4234.89990234375,4230.7001953125,4234.10009765625,516.0
2026-06-12 20:15:00+00:00,4234.2998046875,4238.10009765625,4233.5,4235.7998046875,368.0
2026-06-12 20:30:00+00:00,4235.89990234375,4235.89990234375,4233.7001953125,4234.7001953125,268.0
2026-06-12 20:45:00+00:00,4234.89990234375,4240.60009765625,4233.7998046875,4238.7998046875,577.0
2026-06-14 22:00:00+00:00,4325.60009765625,4326.0,4315.7001953125,4320.0,584.0
2026-06-14 22:15:00+00:00,4320.2998046875,4327.0,4303.7998046875,4306.89990234375,2349.0
2026-06-14 22:30:00+00:00,4306.89990234375,4308.7998046875,4300.0,4304.89990234375,1160.0
2026-06-14 22:45:00+00:00,4304.89990234375,4311.89990234375,4304.60009765625,4305.7998046875,890.0
2026-06-14 23:00:00+00:00,4305.60009765625,4308.60009765625,4302.2001953125,4303.39990234375,838.0
2026-06-14 23:15:00+00:00,4303.0,4305.0,4301.2998046875,4302.89990234375,395.0
2026-06-14 23:30:00+00:00,4304.2001953125,4306.5,4301.7998046875,4305.7998046875,770.0
2026-06-14 23:45:00+00:00,4305.89990234375,4315.39990234375,4304.7001953125,4314.2998046875,1309.0
2026-06-15 00:00:00+00:00,4314.2998046875,4321.2998046875,4313.5,4319.89990234375,1358.0
2026-06-15 00:15:00+00:00,4320.2998046875,4328.5,4319.89990234375,4321.2001953125,1434.0
2026-06-15 00:30:00+00:00,4321.2998046875,4326.10009765625,4316.0,4318.2998046875,1557.0
2026-06-15 00:45:00+00:00,4318.7998046875,4321.2001953125,4312.7001953125,4313.10009765625,791.0
2026-06-15 01:00:00+00:00,4313.89990234375,4321.2998046875,4306.39990234375,4317.7001953125,1746.0
2026-06-15 01:15:00+00:00,4316.7998046875,4327.60009765625,4310.39990234375,4324.89990234375,1262.0
2026-06-15 01:30:00+00:00,4324.60009765625,4340.7001953125,4322.7001953125,4339.2001953125,1829.0
2026-06-15 01:45:00+00:00,4338.60009765625,4340.2998046875,4334.39990234375,4337.5,963.0
2026-06-15 02:00:00+00:00,4337.10009765625,4347.7998046875,4337.10009765625,4347.60009765625,1289.0
2026-06-15 02:15:00+00:00,4347.7998046875,4352.2998046875,4345.5,4349.5,1586.0
2026-06-15 02:30:00+00:00,4349.0,4355.7998046875,4349.0,4351.2998046875,1256.0
2026-06-15 02:45:00+00:00,4351.5,4356.7998046875,4349.10009765625,4350.7001953125,939.0
2026-06-15 03:00:00+00:00,4350.5,4352.5,4343.10009765625,4346.7001953125,980.0
2026-06-15 03:15:00+00:00,4347.0,4350.7998046875,4342.5,4345.0,654.0
2026-06-15 03:30:00+00:00,4345.0,4348.5,4342.5,4345.0,545.0
2026-06-15 03:45:00+00:00,4344.10009765625,4348.39990234375,4344.0,4345.7001953125,259.0
2026-06-15 04:00:00+00:00,4346.39990234375,4348.2998046875,4343.89990234375,4347.2998046875,311.0
2026-06-15 04:15:00+00:00,4347.7001953125,4349.0,4341.7001953125,4348.39990234375,920.0
2026-06-15 04:30:00+00:00,4348.39990234375,4351.7001953125,4346.7001953125,4348.7001953125,345.0
2026-06-15 04:45:00+00:00,4349.5,4350.2998046875,4347.89990234375,4349.5,155.0
2026-06-15 05:00:00+00:00,4349.2001953125,4352.10009765625,4345.10009765625,4350.0,558.0
2026-06-15 05:15:00+00:00,4350.2001953125,4353.89990234375,4346.89990234375,4350.7998046875,503.0
2026-06-15 05:30:00+00:00,4351.5,4353.7001953125,4333.89990234375,4333.89990234375,1309.0
2026-06-15 05:45:00+00:00,4334.0,4337.60009765625,4328.60009765625,4331.39990234375,1014.0
2026-06-15 06:00:00+00:00,4331.5,4334.39990234375,4323.5,4329.7998046875,1455.0
2026-06-15 06:15:00+00:00,4330.0,4330.39990234375,4324.0,4325.60009765625,924.0
2026-06-15 06:30:00+00:00,4325.7001953125,4327.89990234375,4321.60009765625,4327.39990234375,717.0
2026-06-15 06:45:00+00:00,4327.5,4330.7998046875,4325.2001953125,4329.10009765625,813.0
2026-06-15 07:00:00+00:00,4329.2001953125,4335.5,4326.10009765625,4334.39990234375,1395.0
2026-06-15 07:15:00+00:00,4334.5,4339.89990234375,4334.0,4337.7001953125,854.0
2026-06-15 07:30:00+00:00,4337.89990234375,4338.39990234375,4332.2998046875,4337.7001953125,864.0
2026-06-15 07:45:00+00:00,4337.89990234375,4346.0,4333.7001953125,4344.2998046875,1401.0
2026-06-15 08:00:00+00:00,4344.10009765625,4350.2998046875,4342.7001953125,4349.39990234375,1276.0
2026-06-15 08:15:00+00:00,4349.2998046875,4353.0,4347.7998046875,4349.10009765625,1237.0
2026-06-15 08:30:00+00:00,4348.7998046875,4366.10009765625,4348.39990234375,4362.0,2779.0
2026-06-15 08:45:00+00:00,4362.10009765625,4364.0,4355.0,4355.39990234375,1171.0
2026-06-15 09:00:00+00:00,4355.5,4364.0,4355.2998046875,4361.10009765625,1862.0
2026-06-15 09:15:00+00:00,4361.0,4364.39990234375,4357.5,4359.89990234375,1460.0
2026-06-15 09:30:00+00:00,4359.60009765625,4361.7001953125,4355.10009765625,4356.10009765625,1766.0
2026-06-15 09:45:00+00:00,4356.39990234375,4362.0,4355.7001953125,4357.7001953125,770.0
2026-06-15 10:00:00+00:00,4357.89990234375,4361.60009765625,4356.7998046875,4358.89990234375,623.0
2026-06-15 10:15:00+00:00,4359.39990234375,4360.7001953125,4357.0,4359.39990234375,347.0
2026-06-15 10:30:00+00:00,4359.89990234375,4361.5,4356.2998046875,4359.10009765625,1032.0
2026-06-15 10:45:00+00:00,4359.0,4362.7998046875,4357.60009765625,4359.10009765625,1050.0
2026-06-15 11:00:00+00:00,4359.0,4361.0,4357.10009765625,4359.2001953125,489.0
2026-06-15 11:15:00+00:00,4358.89990234375,4362.39990234375,4357.0,4361.89990234375,1104.0
2026-06-15 11:30:00+00:00,4362.0,4368.89990234375,4359.0,4359.7998046875,1673.0
2026-06-15 11:45:00+00:00,4359.39990234375,4359.7998046875,4352.89990234375,4356.60009765625,1301.0
2026-06-15 12:00:00+00:00,4356.60009765625,4360.0,4351.60009765625,4352.2001953125,1183.0
2026-06-15 12:15:00+00:00,4352.2998046875,4359.2998046875,4345.2998046875,4358.2001953125,2379.0
2026-06-15 12:30:00+00:00,4358.5,4367.89990234375,4356.0,4366.5,2457.0
2026-06-15 12:45:00+00:00,4366.2001953125,4370.7998046875,4364.7001953125,4370.5,1643.0
2026-06-15 13:00:00+00:00,4370.39990234375,4372.0,4362.7998046875,4371.0,1675.0
2026-06-15 13:15:00+00:00,4371.2001953125,4377.89990234375,4370.7998046875,4374.89990234375,2630.0
2026-06-15 13:30:00+00:00,4375.0,4390.7998046875,4373.60009765625,4384.7998046875,6349.0
2026-06-15 13:45:00+00:00,4385.10009765625,4386.5,4375.89990234375,4376.7998046875,3522.0
2026-06-15 14:00:00+00:00,4376.7001953125,4391.5,4375.5,4379.0,4899.0
2026-06-15 14:15:00+00:00,4379.2001953125,4386.10009765625,4375.5,4385.5,2531.0
2026-06-15 14:30:00+00:00,4385.60009765625,4387.10009765625,4375.5,4378.7001953125,2530.0
2026-06-15 14:45:00+00:00,4378.60009765625,4385.39990234375,4377.10009765625,4378.5,2376.0
2026-06-15 15:00:00+00:00,4378.2998046875,4381.10009765625,4371.2001953125,4372.89990234375,2120.0
2026-06-15 15:15:00+00:00,4372.5,4380.39990234375,4371.7998046875,4375.7998046875,2237.0
2026-06-15 15:30:00+00:00,4375.7001953125,4381.7998046875,4370.60009765625,4379.5,1491.0
2026-06-15 15:45:00+00:00,4379.7998046875,4382.7998046875,4376.5,4377.60009765625,1624.0
2026-06-15 16:00:00+00:00,4377.7998046875,4380.2998046875,4370.2998046875,4373.2001953125,1528.0
2026-06-15 16:15:00+00:00,4373.2001953125,4374.10009765625,4360.5,4364.39990234375,2178.0
2026-06-15 16:30:00+00:00,4364.5,4364.5,4357.2001953125,4357.7998046875,1339.0
2026-06-15 16:45:00+00:00,4357.5,4361.2998046875,4355.89990234375,4360.60009765625,1105.0
2026-06-15 17:00:00+00:00,4360.5,4360.5,4352.0,4355.39990234375,1647.0
2026-06-15 17:15:00+00:00,4355.2001953125,4356.2998046875,4350.2998046875,4351.2001953125,1886.0
2026-06-15 17:30:00+00:00,4351.2001953125,4351.2001953125,4342.39990234375,4343.2998046875,1914.0
2026-06-15 17:45:00+00:00,4343.60009765625,4346.89990234375,4341.7001953125,4346.0,862.0
2026-06-15 18:00:00+00:00,4346.2001953125,4346.2998046875,4339.10009765625,4345.2998046875,949.0
2026-06-15 18:15:00+00:00,4345.60009765625,4349.7001953125,4344.2998046875,4346.5,955.0
2026-06-15 18:30:00+00:00,4346.2998046875,4347.89990234375,4343.2998046875,4346.0,625.0
2026-06-15 18:45:00+00:00,4346.5,4349.0,4345.60009765625,4347.2998046875,833.0
2026-06-15 19:00:00+00:00,4347.5,4348.2998046875,4342.2998046875,4344.2001953125,644.0
2026-06-15 19:15:00+00:00,4344.2998046875,4346.39990234375,4342.39990234375,4343.0,852.0
2026-06-15 19:30:00+00:00,4343.60009765625,4345.5,4340.0,4341.0,620.0
2026-06-15 19:45:00+00:00,4341.2998046875,4343.10009765625,4338.2001953125,4342.39990234375,1082.0
2026-06-15 20:00:00+00:00,4342.60009765625,4343.89990234375,4337.2998046875,4337.89990234375,464.0
2026-06-15 20:15:00+00:00,4337.60009765625,4340.2001953125,4332.60009765625,4334.60009765625,756.0
2026-06-15 20:30:00+00:00,4334.7001953125,4335.10009765625,4330.2001953125,4331.60009765625,575.0
2026-06-15 20:45:00+00:00,4331.5,4332.5,4328.5,4331.0,535.0
2026-06-15 22:00:00+00:00,4331.2998046875,4337.2998046875,4330.0,4330.89990234375,230.0
2026-06-15 22:15:00+00:00,4330.89990234375,4334.89990234375,4326.7001953125,4330.2998046875,646.0
2026-06-15 22:30:00+00:00,4330.0,4335.60009765625,4328.0,4333.5,360.0
2026-06-15 22:45:00+00:00,4333.89990234375,4335.5,4331.60009765625,4333.10009765625,212.0
2026-06-15 23:00:00+00:00,4333.7001953125,4337.39990234375,4333.7001953125,4334.7001953125,598.0
2026-06-15 23:15:00+00:00,4334.0,4337.0,4332.7998046875,4336.5,270.0
2026-06-15 23:30:00+00:00,4336.7001953125,4340.7998046875,4334.89990234375,4339.2001953125,550.0
2026-06-15 23:45:00+00:00,4339.7001953125,4340.5,4334.2001953125,4337.2998046875,519.0
2026-06-16 00:00:00+00:00,4336.60009765625,4339.7001953125,4334.39990234375,4335.0,442.0
2026-06-16 00:15:00+00:00,4334.39990234375,4337.10009765625,4327.39990234375,4329.39990234375,967.0
2026-06-16 00:30:00+00:00,4329.39990234375,4334.60009765625,4328.7001953125,4331.7998046875,1104.0
2026-06-16 00:45:00+00:00,4331.7001953125,4341.60009765625,4331.7001953125,4340.2998046875,760.0
2026-06-16 01:00:00+00:00,4340.2998046875,4346.7998046875,4336.0,4340.39990234375,1331.0
2026-06-16 01:15:00+00:00,4340.7001953125,4345.0,4337.10009765625,4340.10009765625,1009.0
2026-06-16 01:30:00+00:00,4340.0,4341.2001953125,4334.0,4335.7001953125,603.0
2026-06-16 01:45:00+00:00,4335.5,4340.10009765625,4332.7998046875,4334.0,470.0
2026-06-16 02:00:00+00:00,4334.60009765625,4334.7998046875,4328.0,4330.2998046875,1236.0
2026-06-16 02:15:00+00:00,4330.2998046875,4333.7998046875,4328.89990234375,4333.7001953125,258.0
2026-06-16 02:30:00+00:00,4333.7001953125,4339.0,4330.2998046875,4333.0,439.0
2026-06-16 02:45:00+00:00,4332.89990234375,4341.60009765625,4332.2001953125,4339.7001953125,352.0
2026-06-16 03:00:00+00:00,4339.7998046875,4341.7998046875,4338.0,4339.7001953125,294.0
2026-06-16 03:15:00+00:00,4339.10009765625,4343.39990234375,4336.60009765625,4342.2001953125,346.0
2026-06-16 03:30:00+00:00,4342.39990234375,4354.10009765625,4340.60009765625,4352.89990234375,817.0
2026-06-16 03:45:00+00:00,4352.89990234375,4353.89990234375,4349.60009765625,4351.39990234375,400.0
2026-06-16 04:00:00+00:00,4352.10009765625,4353.0,4346.60009765625,4347.89990234375,359.0
2026-06-16 04:15:00+00:00,4348.0,4348.60009765625,4343.0,4343.89990234375,280.0
2026-06-16 04:30:00+00:00,4343.89990234375,4346.2001953125,4342.7998046875,4344.0,428.0
2026-06-16 04:45:00+00:00,4344.7001953125,4345.0,4342.10009765625,4343.2001953125,366.0
2026-06-16 05:00:00+00:00,4343.39990234375,4350.2998046875,4342.7998046875,4347.10009765625,582.0
2026-06-16 05:15:00+00:00,4347.39990234375,4349.2001953125,4345.39990234375,4348.39990234375,152.0
2026-06-16 05:30:00+00:00,4348.0,4351.89990234375,4336.89990234375,4339.0,983.0
2026-06-16 05:45:00+00:00,4338.7998046875,4342.2001953125,4335.5,4337.2001953125,821.0
2026-06-16 06:00:00+00:00,4337.39990234375,4341.0,4334.2001953125,4339.89990234375,743.0
2026-06-16 06:15:00+00:00,4340.0,4340.0,4335.39990234375,4337.7998046875,644.0
2026-06-16 06:30:00+00:00,4337.7998046875,4341.5,4335.2998046875,4337.5,739.0
2026-06-16 06:45:00+00:00,4337.39990234375,4345.5,4337.2001953125,4345.0,501.0
2026-06-16 07:00:00+00:00,4345.10009765625,4349.7998046875,4343.5,4347.0,795.0
2026-06-16 07:15:00+00:00,4347.2998046875,4351.0,4345.2998046875,4350.10009765625,560.0
2026-06-16 07:30:00+00:00,4350.0,4354.0,4347.2001953125,4348.5,681.0
2026-06-16 07:45:00+00:00,4348.60009765625,4357.10009765625,4347.7001953125,4356.60009765625,802.0
2026-06-16 08:00:00+00:00,4356.39990234375,4361.7001953125,4354.2001953125,4359.39990234375,976.0
2026-06-16 08:15:00+00:00,4359.2998046875,4365.2998046875,4359.0,4362.7998046875,1145.0
2026-06-16 08:30:00+00:00,4362.7998046875,4367.0,4360.60009765625,4365.2001953125,1063.0
2026-06-16 08:45:00+00:00,4365.10009765625,4369.5,4362.2998046875,4368.2998046875,756.0
2026-06-16 09:00:00+00:00,4368.10009765625,4369.7998046875,4365.39990234375,4367.60009765625,843.0
2026-06-16 09:15:00+00:00,4367.7998046875,4367.7998046875,4359.39990234375,4361.0,1558.0
2026-06-16 09:30:00+00:00,4361.0,4367.5,4360.60009765625,4362.7998046875,1502.0
2026-06-16 09:45:00+00:00,4363.39990234375,4369.2001953125,4361.2001953125,4366.2001953125,684.0
2026-06-16 10:00:00+00:00,4366.2001953125,4367.5,4364.2001953125,4366.7998046875,609.0
2026-06-16 10:15:00+00:00,4367.0,4367.7001953125,4364.60009765625,4365.39990234375,476.0
2026-06-16 10:30:00+00:00,4365.2998046875,4367.7998046875,4363.10009765625,4367.7001953125,461.0
2026-06-16 10:45:00+00:00,4367.60009765625,4369.89990234375,4367.5,4369.89990234375,671.0
2026-06-16 11:00:00+00:00,4369.89990234375,4370.60009765625,4360.2001953125,4362.7001953125,1294.0
2026-06-16 11:15:00+00:00,4362.2001953125,4364.2998046875,4359.10009765625,4363.2001953125,696.0
2026-06-16 11:30:00+00:00,4362.89990234375,4363.10009765625,4355.7001953125,4359.60009765625,1718.0
2026-06-16 11:45:00+00:00,4359.2998046875,4362.39990234375,4357.2998046875,4361.39990234375,869.0
2026-06-16 12:00:00+00:00,4361.60009765625,4366.89990234375,4359.0,4365.39990234375,1000.0
2026-06-16 12:15:00+00:00,4365.39990234375,4365.89990234375,4358.2001953125,4364.60009765625,1067.0
2026-06-16 12:30:00+00:00,4364.39990234375,4371.0,4362.60009765625,4370.89990234375,1480.0
2026-06-16 12:45:00+00:00,4370.89990234375,4376.5,4369.5,4375.89990234375,2137.0
2026-06-16 13:00:00+00:00,4375.89990234375,4376.5,4363.2998046875,4364.7001953125,2067.0
2026-06-16 13:15:00+00:00,4364.89990234375,4366.0,4354.2998046875,4356.2001953125,2003.0
2026-06-16 13:30:00+00:00,4356.0,4361.89990234375,4354.5,4359.89990234375,1614.0
2026-06-16 13:45:00+00:00,4360.2001953125,4361.7001953125,4352.60009765625,4352.7001953125,2223.0
2026-06-16 14:00:00+00:00,4352.5,4360.0,4352.39990234375,4356.60009765625,3037.0
2026-06-16 14:15:00+00:00,4356.5,4356.5,4338.2001953125,4340.5,3537.0
2026-06-16 14:30:00+00:00,4340.7001953125,4349.2998046875,4333.7001953125,4345.10009765625,3460.0
2026-06-16 14:45:00+00:00,4345.10009765625,4348.39990234375,4342.2998046875,4344.39990234375,1744.0
2026-06-16 15:00:00+00:00,4344.39990234375,4347.7001953125,4342.89990234375,4345.10009765625,1184.0
2026-06-16 15:15:00+00:00,4345.2001953125,4349.39990234375,4341.39990234375,4346.7001953125,1191.0
2026-06-16 15:30:00+00:00,4346.5,4350.39990234375,4343.60009765625,4347.2998046875,1225.0
2026-06-16 15:45:00+00:00,4347.2998046875,4364.5,4342.60009765625,4355.7001953125,3329.0
2026-06-16 16:00:00+00:00,4355.60009765625,4368.10009765625,4355.39990234375,4366.7001953125,2097.0
2026-06-16 16:15:00+00:00,4367.0,4367.5,4362.0,4365.7001953125,1133.0
2026-06-16 16:30:00+00:00,4365.39990234375,4366.2998046875,4361.0,4365.0,866.0
2026-06-16 16:45:00+00:00,4365.0,4367.60009765625,4361.2001953125,4361.7998046875,697.0
2026-06-16 17:00:00+00:00,4361.5,4362.2998046875,4354.2998046875,4356.60009765625,1398.0
2026-06-16 17:15:00+00:00,4356.2998046875,4357.0,4346.39990234375,4356.0,3052.0
2026-06-16 17:30:00+00:00,4356.10009765625,4361.2998046875,4355.39990234375,4359.89990234375,953.0
2026-06-16 17:45:00+00:00,4359.89990234375,4361.7998046875,4357.2001953125,4361.5,498.0
2026-06-16 18:00:00+00:00,4361.7998046875,4364.2998046875,4360.39990234375,4363.2001953125,520.0
2026-06-16 18:15:00+00:00,4362.7001953125,4363.60009765625,4360.5,4363.0,509.0
2026-06-16 18:30:00+00:00,4362.7001953125,4364.39990234375,4359.60009765625,4360.0,418.0
2026-06-16 18:45:00+00:00,4360.2001953125,4360.89990234375,4357.39990234375,4360.0,439.0
2026-06-16 19:00:00+00:00,4359.60009765625,4364.2998046875,4359.2001953125,4360.5,387.0
2026-06-16 19:15:00+00:00,4360.60009765625,4362.2998046875,4357.60009765625,4361.0,425.0
2026-06-16 19:30:00+00:00,4361.0,4361.39990234375,4358.39990234375,4360.0,510.0
2026-06-16 19:45:00+00:00,4360.2998046875,4361.39990234375,4352.39990234375,4355.60009765625,1328.0
2026-06-16 20:00:00+00:00,4355.2998046875,4355.60009765625,4352.60009765625,4352.7001953125,438.0
2026-06-16 20:15:00+00:00,4352.5,4355.5,4352.5,4354.5,159.0
2026-06-16 20:30:00+00:00,4354.5,4356.7001953125,4352.89990234375,4355.2001953125,212.0
2026-06-16 20:45:00+00:00,4355.10009765625,4355.39990234375,4351.2998046875,4353.0,333.0
2026-06-16 22:00:00+00:00,4352.60009765625,4355.2998046875,4350.2001953125,4351.89990234375,134.0
2026-06-16 22:15:00+00:00,4351.7998046875,4352.89990234375,4348.7001953125,4349.7001953125,408.0
2026-06-16 22:30:00+00:00,4350.10009765625,4353.10009765625,4349.89990234375,4352.60009765625,325.0
2026-06-16 22:45:00+00:00,4353.0,4355.89990234375,4351.7998046875,4355.0,220.0
2026-06-16 23:00:00+00:00,4354.7998046875,4358.0,4353.60009765625,4356.10009765625,230.0
2026-06-16 23:15:00+00:00,4356.5,4356.5,4355.2998046875,4356.2998046875,45.0
2026-06-16 23:30:00+00:00,4356.10009765625,4356.10009765625,4352.7001953125,4354.10009765625,133.0
2026-06-16 23:45:00+00:00,4354.0,4354.5,4349.10009765625,4350.7998046875,167.0
2026-06-17 00:00:00+00:00,4350.89990234375,4359.7998046875,4348.2001953125,4357.2998046875,497.0
2026-06-17 00:15:00+00:00,4357.89990234375,4361.89990234375,4356.2001953125,4356.7998046875,385.0
2026-06-17 00:30:00+00:00,4356.89990234375,4358.5,4354.39990234375,4355.0,242.0
2026-06-17 00:45:00+00:00,4354.89990234375,4358.0,4351.7001953125,4356.89990234375,515.0
2026-06-17 01:00:00+00:00,4356.39990234375,4369.7998046875,4354.10009765625,4367.5,1294.0
2026-06-17 01:15:00+00:00,4367.89990234375,4367.89990234375,4359.10009765625,4363.5,769.0
2026-06-17 01:30:00+00:00,4363.10009765625,4364.0,4357.7998046875,4359.7998046875,497.0
2026-06-17 01:45:00+00:00,4359.2998046875,4364.0,4356.7998046875,4361.0,366.0
2026-06-17 02:00:00+00:00,4360.89990234375,4364.39990234375,4359.89990234375,4362.7001953125,290.0
2026-06-17 02:15:00+00:00,4362.5,4364.39990234375,4359.39990234375,4360.5,274.0
2026-06-17 02:30:00+00:00,4360.39990234375,4364.0,4357.7001953125,4358.7998046875,313.0
2026-06-17 02:45:00+00:00,4358.7998046875,4358.89990234375,4349.60009765625,4351.2001953125,945.0
2026-06-17 03:00:00+00:00,4351.0,4353.60009765625,4349.10009765625,4350.2001953125,293.0
2026-06-17 03:15:00+00:00,4349.89990234375,4352.2001953125,4348.39990234375,4351.2998046875,426.0
2026-06-17 03:30:00+00:00,4351.2001953125,4353.2998046875,4349.60009765625,4353.0,360.0
2026-06-17 03:45:00+00:00,4352.60009765625,4353.7001953125,4350.0,4351.2001953125,260.0
2026-06-17 04:00:00+00:00,4352.2001953125,4352.2001953125,4348.10009765625,4350.2001953125,286.0
2026-06-17 04:15:00+00:00,4349.7001953125,4353.60009765625,4343.2998046875,4344.10009765625,656.0
2026-06-17 04:30:00+00:00,4343.7998046875,4345.2001953125,4337.10009765625,4342.5,727.0
2026-06-17 04:45:00+00:00,4342.5,4346.10009765625,4341.7001953125,4346.10009765625,222.0
2026-06-17 05:00:00+00:00,4346.2001953125,4347.5,4340.39990234375,4342.2001953125,455.0
2026-06-17 05:15:00+00:00,4342.10009765625,4347.0,4340.60009765625,4346.5,443.0
2026-06-17 05:30:00+00:00,4346.7998046875,4352.7001953125,4346.39990234375,4349.5,892.0
2026-06-17 05:45:00+00:00,4349.39990234375,4353.7998046875,4343.89990234375,4346.10009765625,584.0
2026-06-17 06:00:00+00:00,4346.5,4349.60009765625,4343.7998046875,4348.7998046875,613.0
2026-06-17 06:15:00+00:00,4348.5,4349.0,4340.10009765625,4343.7001953125,1058.0
2026-06-17 06:30:00+00:00,4343.60009765625,4348.7001953125,4342.0,4347.2998046875,671.0
2026-06-17 06:45:00+00:00,4347.2998046875,4351.2001953125,4346.2998046875,4351.2001953125,408.0
2026-06-17 07:00:00+00:00,4351.10009765625,4352.5,4346.60009765625,4346.89990234375,595.0
2026-06-17 07:15:00+00:00,4347.0,4352.2998046875,4346.10009765625,4348.2998046875,656.0
2026-06-17 07:30:00+00:00,4347.89990234375,4351.10009765625,4344.7998046875,4348.2001953125,636.0
2026-06-17 07:45:00+00:00,4348.5,4348.89990234375,4344.10009765625,4344.7001953125,863.0
2026-06-17 08:00:00+00:00,4344.7998046875,4347.5,4341.5,4342.2001953125,469.0
2026-06-17 08:15:00+00:00,4342.10009765625,4344.39990234375,4338.7998046875,4343.2001953125,848.0
2026-06-17 08:30:00+00:00,4342.7001953125,4343.89990234375,4337.89990234375,4339.2001953125,473.0
2026-06-17 08:45:00+00:00,4339.10009765625,4345.0,4335.60009765625,4344.2001953125,791.0
2026-06-17 09:00:00+00:00,4344.39990234375,4345.2998046875,4340.5,4344.7001953125,347.0
2026-06-17 09:15:00+00:00,4345.0,4352.60009765625,4345.0,4351.0,1147.0
2026-06-17 09:30:00+00:00,4351.10009765625,4355.10009765625,4347.7998046875,4348.0,976.0
2026-06-17 09:45:00+00:00,4348.2998046875,4349.2998046875,4345.2001953125,4349.2998046875,415.0
2026-06-17 10:00:00+00:00,4349.2001953125,4350.5,4346.89990234375,4350.2998046875,287.0
2026-06-17 10:15:00+00:00,4350.10009765625,4350.2998046875,4346.2001953125,4348.60009765625,303.0
2026-06-17 10:30:00+00:00,4348.7998046875,4350.7998046875,4346.7998046875,4350.7001953125,318.0
2026-06-17 10:45:00+00:00,4350.5,4355.10009765625,4350.2998046875,4351.10009765625,728.0
2026-06-17 11:00:00+00:00,4351.2998046875,4351.5,4347.2001953125,4348.60009765625,563.0
2026-06-17 11:15:00+00:00,4348.39990234375,4351.39990234375,4347.5,4348.0,276.0
2026-06-17 11:30:00+00:00,4348.39990234375,4348.5,4343.39990234375,4345.2001953125,626.0
2026-06-17 11:45:00+00:00,4345.0,4346.60009765625,4340.0,4342.60009765625,704.0
2026-06-17 12:00:00+00:00,4342.7998046875,4344.2998046875,4338.7001953125,4342.60009765625,1482.0
2026-06-17 12:15:00+00:00,4342.60009765625,4347.0,4341.0,4343.7998046875,979.0
2026-06-17 12:30:00+00:00,4344.5,4351.7001953125,4342.7001953125,4351.10009765625,1123.0
2026-06-17 12:45:00+00:00,4351.5,4355.2001953125,4350.7001953125,4353.2998046875,1158.0
2026-06-17 13:00:00+00:00,4353.39990234375,4354.10009765625,4343.7001953125,4351.39990234375,1752.0
2026-06-17 13:15:00+00:00,4351.5,4358.60009765625,4350.39990234375,4355.2998046875,1494.0
2026-06-17 13:30:00+00:00,4355.60009765625,4361.89990234375,4352.2998046875,4361.2998046875,2123.0
2026-06-17 13:45:00+00:00,4361.7001953125,4365.5,4359.2001953125,4359.7998046875,3312.0
2026-06-17 14:00:00+00:00,4359.60009765625,4366.39990234375,4355.5,4362.5,3187.0
2026-06-17 14:15:00+00:00,4362.5,4382.39990234375,4360.89990234375,4380.39990234375,4204.0
2026-06-17 14:30:00+00:00,4380.0,4384.2001953125,4367.10009765625,4372.0,3462.0
2026-06-17 14:45:00+00:00,4372.10009765625,4375.60009765625,4349.89990234375,4364.10009765625,4953.0
2026-06-17 15:00:00+00:00,4363.7998046875,4368.2998046875,4363.60009765625,4367.89990234375,1001.0
2026-06-17 15:15:00+00:00,4367.60009765625,4380.0,4366.89990234375,4375.2001953125,2279.0
2026-06-17 15:30:00+00:00,4375.39990234375,4381.2001953125,4374.39990234375,4378.10009765625,1053.0
2026-06-17 15:45:00+00:00,4378.10009765625,4385.5,4377.0,4383.60009765625,1616.0
2026-06-17 16:00:00+00:00,4383.2998046875,4386.2001953125,4380.60009765625,4382.39990234375,1217.0
2026-06-17 16:15:00+00:00,4382.5,4386.7001953125,4380.7998046875,4385.2998046875,1034.0
2026-06-17 16:30:00+00:00,4385.2998046875,4385.39990234375,4375.2001953125,4377.89990234375,990.0
2026-06-17 16:45:00+00:00,4378.0,4380.10009765625,4376.2001953125,4379.7998046875,857.0
2026-06-17 17:00:00+00:00,4379.60009765625,4381.60009765625,4375.7001953125,4379.5,1565.0
2026-06-17 17:15:00+00:00,4379.2001953125,4384.60009765625,4378.2001953125,4381.7001953125,1643.0
2026-06-17 17:30:00+00:00,4381.39990234375,4402.7998046875,4381.2001953125,4396.7001953125,5205.0
2026-06-17 17:45:00+00:00,4397.10009765625,4403.60009765625,4394.60009765625,4401.10009765625,1919.0
2026-06-17 18:00:00+00:00,4399.60009765625,4399.60009765625,4296.10009765625,4303.2998046875,18165.0
2026-06-17 18:15:00+00:00,4304.0,4328.0,4302.10009765625,4312.60009765625,5670.0
2026-06-17 18:30:00+00:00,4311.7001953125,4347.0,4288.2998046875,4343.2001953125,11297.0
2026-06-17 18:45:00+00:00,4343.39990234375,4352.5,4296.0,4305.2001953125,6747.0
2026-06-17 19:00:00+00:00,4305.0,4315.0,4277.60009765625,4283.0,7827.0
2026-06-17 19:15:00+00:00,4282.7001953125,4283.60009765625,4244.89990234375,4245.7998046875,7442.0
2026-06-17 19:30:00+00:00,4245.60009765625,4255.2001953125,4237.39990234375,4249.2001953125,8113.0
2026-06-17 19:45:00+00:00,4249.2998046875,4265.5,4247.39990234375,4254.2998046875,5232.0
2026-06-17 20:00:00+00:00,4254.2001953125,4279.2998046875,4253.2998046875,4276.0,2786.0
2026-06-17 20:15:00+00:00,4276.7998046875,4289.0,4272.7998046875,4277.5,2415.0
2026-06-17 20:30:00+00:00,4277.5,4284.89990234375,4277.5,4279.5,860.0
2026-06-17 20:45:00+00:00,4279.89990234375,4281.60009765625,4275.10009765625,4276.2998046875,428.0
2026-06-17 22:00:00+00:00,4275.10009765625,4287.2998046875,4273.2998046875,4284.7998046875,713.0
2026-06-17 22:15:00+00:00,4284.89990234375,4290.5,4283.7001953125,4286.0,877.0
2026-06-17 22:30:00+00:00,4285.5,4287.7998046875,4282.39990234375,4282.7001953125,422.0
2026-06-17 22:45:00+00:00,4283.2998046875,4289.89990234375,4279.2998046875,4285.7998046875,583.0
2026-06-17 23:00:00+00:00,4285.7001953125,4301.7001953125,4283.2001953125,4301.39990234375,803.0
2026-06-17 23:15:00+00:00,4301.39990234375,4303.0,4294.5,4299.0,975.0
2026-06-17 23:30:00+00:00,4298.7998046875,4301.7001953125,4287.39990234375,4295.39990234375,984.0
2026-06-17 23:45:00+00:00,4295.39990234375,4298.2998046875,4291.7001953125,4297.2001953125,573.0
2026-06-18 00:00:00+00:00,4297.60009765625,4318.7998046875,4296.2001953125,4317.10009765625,1504.0
2026-06-18 00:15:00+00:00,4316.89990234375,4320.89990234375,4313.7998046875,4319.89990234375,1187.0
2026-06-18 00:30:00+00:00,4320.0,4331.2001953125,4319.5,4330.39990234375,1424.0
2026-06-18 00:45:00+00:00,4330.60009765625,4335.0,4327.7001953125,4328.0,1372.0
2026-06-18 01:00:00+00:00,4328.7998046875,4348.89990234375,4326.2998046875,4342.89990234375,2605.0
2026-06-18 01:15:00+00:00,4342.60009765625,4343.7001953125,4335.0,4339.2001953125,1077.0
2026-06-18 01:30:00+00:00,4339.2001953125,4345.2998046875,4337.0,4342.5,1258.0
2026-06-18 01:45:00+00:00,4342.10009765625,4346.10009765625,4337.0,4337.7001953125,795.0
2026-06-18 02:00:00+00:00,4338.0,4350.2001953125,4336.10009765625,4347.2998046875,1209.0
2026-06-18 02:15:00+00:00,4347.10009765625,4350.0,4343.39990234375,4344.5,727.0
2026-06-18 02:30:00+00:00,4344.2998046875,4345.39990234375,4336.10009765625,4336.60009765625,973.0
2026-06-18 02:45:00+00:00,4336.2998046875,4338.89990234375,4330.39990234375,4331.0,854.0
2026-06-18 03:00:00+00:00,4331.2998046875,4336.2001953125,4328.89990234375,4331.2998046875,773.0
2026-06-18 03:15:00+00:00,4332.89990234375,4336.7998046875,4330.39990234375,4334.2998046875,750.0
2026-06-18 03:30:00+00:00,4334.7998046875,4343.0,4333.2998046875,4339.0,1198.0
2026-06-18 03:45:00+00:00,4338.89990234375,4341.0,4336.7001953125,4339.60009765625,310.0
2026-06-18 04:00:00+00:00,4340.0,4344.2001953125,4334.89990234375,4338.2001953125,780.0
2026-06-18 04:15:00+00:00,4338.10009765625,4339.2998046875,4331.60009765625,4333.7001953125,485.0
2026-06-18 04:30:00+00:00,4333.60009765625,4338.2998046875,4330.0,4330.0,555.0
2026-06-18 04:45:00+00:00,4330.10009765625,4337.5,4330.0,4336.0,675.0
2026-06-18 05:00:00+00:00,4335.7998046875,4338.60009765625,4332.5,4335.60009765625,380.0
2026-06-18 05:15:00+00:00,4336.39990234375,4343.2998046875,4335.7998046875,4343.2998046875,593.0
2026-06-18 05:30:00+00:00,4343.0,4345.2001953125,4329.60009765625,4330.5,1168.0
2026-06-18 05:45:00+00:00,4330.10009765625,4331.39990234375,4321.5,4328.0,1896.0
2026-06-18 06:00:00+00:00,4328.39990234375,4330.2998046875,4316.39990234375,4319.39990234375,1318.0
2026-06-18 06:15:00+00:00,4318.89990234375,4325.7001953125,4316.2998046875,4325.39990234375,875.0
2026-06-18 06:30:00+00:00,4325.0,4325.39990234375,4319.2998046875,4321.7998046875,712.0
2026-06-18 06:45:00+00:00,4321.39990234375,4327.7998046875,4321.39990234375,4326.60009765625,852.0
2026-06-18 07:00:00+00:00,4326.39990234375,4329.2998046875,4320.39990234375,4327.0,1026.0
2026-06-18 07:15:00+00:00,4327.0,4329.7001953125,4323.7998046875,4327.60009765625,759.0
2026-06-18 07:30:00+00:00,4327.2001953125,4327.2001953125,4312.7998046875,4317.2998046875,1258.0
2026-06-18 07:45:00+00:00,4317.89990234375,4318.5,4307.10009765625,4308.39990234375,977.0
2026-06-18 08:00:00+00:00,4308.60009765625,4312.60009765625,4303.5,4306.7001953125,1220.0
2026-06-18 08:15:00+00:00,4306.39990234375,4309.7001953125,4302.60009765625,4304.10009765625,740.0
2026-06-18 08:30:00+00:00,4304.10009765625,4309.0,4300.10009765625,4300.7001953125,1441.0
2026-06-18 08:45:00+00:00,4300.7998046875,4300.89990234375,4284.60009765625,4285.89990234375,1920.0
2026-06-18 09:00:00+00:00,4286.0,4288.5,4278.60009765625,4286.2998046875,1947.0
2026-06-18 09:15:00+00:00,4286.60009765625,4292.5,4284.39990234375,4285.39990234375,1401.0
2026-06-18 09:30:00+00:00,4285.2001953125,4288.2001953125,4282.60009765625,4287.7001953125,1506.0
2026-06-18 09:45:00+00:00,4287.60009765625,4292.60009765625,4286.60009765625,4287.7001953125,1041.0
2026-06-18 10:00:00+00:00,4287.60009765625,4289.0,4280.5,4287.2001953125,1134.0
2026-06-18 10:15:00+00:00,4287.10009765625,4291.89990234375,4282.2001953125,4288.39990234375,1614.0
2026-06-18 10:30:00+00:00,4288.5,4289.5,4282.10009765625,4282.7998046875,678.0
2026-06-18 10:45:00+00:00,4283.2001953125,4285.5,4273.2001953125,4273.89990234375,1115.0
2026-06-18 11:00:00+00:00,4274.2001953125,4274.2001953125,4258.60009765625,4266.10009765625,2603.0
2026-06-18 11:15:00+00:00,4265.7998046875,4269.10009765625,4262.2001953125,4268.0,1463.0
2026-06-18 11:30:00+00:00,4267.89990234375,4269.7001953125,4261.0,4262.60009765625,1538.0
2026-06-18 11:45:00+00:00,4262.7001953125,4264.7001953125,4257.89990234375,4260.60009765625,1775.0
2026-06-18 12:00:00+00:00,4260.5,4277.10009765625,4259.0,4275.2998046875,2304.0
2026-06-18 12:15:00+00:00,4275.7001953125,4288.60009765625,4273.2001953125,4273.89990234375,3495.0
2026-06-18 12:30:00+00:00,4273.89990234375,4277.60009765625,4259.7001953125,4261.7998046875,3114.0
2026-06-18 12:45:00+00:00,4261.89990234375,4266.89990234375,4259.2001953125,4265.10009765625,2266.0
2026-06-18 13:00:00+00:00,4265.0,4278.2001953125,4263.5,4278.2001953125,1842.0
2026-06-18 13:15:00+00:00,4278.2998046875,4282.5,4271.60009765625,4282.10009765625,1980.0
2026-06-18 13:30:00+00:00,4282.0,4296.2001953125,4281.89990234375,4283.60009765625,4409.0
2026-06-18 13:45:00+00:00,4283.7998046875,4284.60009765625,4269.7998046875,4275.5,2917.0
2026-06-18 14:00:00+00:00,4275.2998046875,4277.2998046875,4257.2001953125,4260.2001953125,6211.0
2026-06-18 14:15:00+00:00,4259.7001953125,4275.10009765625,4255.0,4263.5,3797.0
2026-06-18 14:30:00+00:00,4263.39990234375,4271.7001953125,4260.2998046875,4263.7998046875,2203.0
2026-06-18 14:45:00+00:00,4263.5,4274.2998046875,4258.89990234375,4271.7001953125,2098.0
2026-06-18 15:00:00+00:00,4271.89990234375,4274.2001953125,4265.5,4266.2998046875,1417.0
2026-06-18 15:15:00+00:00,4266.39990234375,4268.39990234375,4253.2001953125,4254.89990234375,2681.0
2026-06-18 15:30:00+00:00,4254.2001953125,4255.60009765625,4242.60009765625,4250.5,3614.0
2026-06-18 15:45:00+00:00,4250.2001953125,4250.60009765625,4241.7001953125,4245.5,2230.0
2026-06-18 16:00:00+00:00,4245.7998046875,4252.5,4245.0,4246.60009765625,1883.0
2026-06-18 16:15:00+00:00,4246.7998046875,4247.89990234375,4241.2001953125,4244.0,2336.0
2026-06-18 16:30:00+00:00,4244.60009765625,4248.89990234375,4234.2001953125,4241.2998046875,3640.0
2026-06-18 16:45:00+00:00,4241.39990234375,4241.60009765625,4233.0,4238.7001953125,1746.0
2026-06-18 17:00:00+00:00,4238.7001953125,4247.5,4237.7998046875,4247.2998046875,1931.0
2026-06-18 17:15:00+00:00,4246.7998046875,4250.89990234375,4244.7998046875,4245.2998046875,2949.0
2026-06-18 17:30:00+00:00,4245.10009765625,4249.39990234375,4241.5,4249.39990234375,1544.0
2026-06-18 17:45:00+00:00,4249.0,4252.5,4246.2998046875,4249.5,830.0
2026-06-18 18:00:00+00:00,4249.2001953125,4252.10009765625,4246.2001953125,4247.2998046875,515.0
2026-06-18 18:15:00+00:00,4247.2001953125,4249.0,4244.39990234375,4245.2001953125,439.0
2026-06-18 18:30:00+00:00,4245.10009765625,4245.2001953125,4239.5,4243.7998046875,1012.0
2026-06-18 18:45:00+00:00,4243.7001953125,4244.2001953125,4237.39990234375,4237.7001953125,786.0
2026-06-18 19:00:00+00:00,4237.89990234375,4238.39990234375,4223.10009765625,4226.7001953125,2042.0
2026-06-18 19:15:00+00:00,4226.7001953125,4227.5,4221.0,4224.10009765625,1385.0
2026-06-18 19:30:00+00:00,4224.0,4234.0,4220.2998046875,4233.39990234375,1317.0
2026-06-18 19:45:00+00:00,4233.2998046875,4237.7001953125,4232.60009765625,4236.2001953125,1281.0
2026-06-18 20:00:00+00:00,4236.2001953125,4237.2001953125,4233.89990234375,4235.89990234375,360.0
2026-06-18 20:15:00+00:00,4236.10009765625,4238.7001953125,4234.0,4237.7001953125,287.0
2026-06-18 20:30:00+00:00,4237.89990234375,4237.89990234375,4231.7998046875,4232.0,412.0
2026-06-18 20:45:00+00:00,4232.10009765625,4232.2998046875,4226.60009765625,4227.89990234375,568.0
2026-06-18 22:00:00+00:00,4231.2001953125,4231.39990234375,4221.39990234375,4226.60009765625,98.0
2026-06-18 22:15:00+00:00,4226.89990234375,4229.0,4221.2998046875,4222.60009765625,244.0
2026-06-18 22:30:00+00:00,4223.0,4224.2001953125,4221.7001953125,4223.60009765625,135.0
2026-06-18 22:45:00+00:00,4223.89990234375,4229.2998046875,4222.89990234375,4225.89990234375,278.0
2026-06-18 23:00:00+00:00,4226.2001953125,4226.7998046875,4210.5,4214.5,651.0
2026-06-18 23:15:00+00:00,4215.0,4217.7001953125,4212.10009765625,4215.39990234375,301.0
2026-06-18 23:30:00+00:00,4215.60009765625,4217.39990234375,4212.2001953125,4212.89990234375,200.0
2026-06-18 23:45:00+00:00,4212.39990234375,4213.2001953125,4205.0,4206.7998046875,569.0
2026-06-19 00:00:00+00:00,4206.89990234375,4216.89990234375,4202.5,4204.0,751.0
2026-06-19 00:15:00+00:00,4203.89990234375,4207.5,4202.2001953125,4203.2001953125,750.0
2026-06-19 00:30:00+00:00,4203.39990234375,4210.0,4202.7001953125,4206.89990234375,559.0
2026-06-19 00:45:00+00:00,4207.2998046875,4210.2998046875,4206.0,4209.0,216.0
2026-06-19 01:00:00+00:00,4209.2998046875,4213.10009765625,4202.2998046875,4204.5,688.0
2026-06-19 01:15:00+00:00,4204.60009765625,4209.7998046875,4201.2001953125,4209.0,661.0
2026-06-19 01:30:00+00:00,4208.2998046875,4208.2998046875,4202.2998046875,4203.7998046875,345.0
2026-06-19 01:45:00+00:00,4203.7998046875,4205.39990234375,4201.5,4202.60009765625,539.0
2026-06-19 02:00:00+00:00,4202.2998046875,4204.0,4195.7998046875,4197.2001953125,1383.0
2026-06-19 02:15:00+00:00,4197.5,4197.60009765625,4192.5,4197.10009765625,697.0
2026-06-19 02:30:00+00:00,4197.10009765625,4201.39990234375,4194.7001953125,4197.39990234375,448.0
2026-06-19 02:45:00+00:00,4197.60009765625,4198.10009765625,4189.5,4193.89990234375,680.0
2026-06-19 03:00:00+00:00,4194.0,4194.7001953125,4183.7001953125,4183.7001953125,957.0
2026-06-19 03:15:00+00:00,4184.2001953125,4188.5,4182.5,4185.10009765625,680.0
2026-06-19 03:30:00+00:00,4185.0,4185.5,4175.10009765625,4180.10009765625,893.0
2026-06-19 03:45:00+00:00,4179.39990234375,4179.5,4162.7001953125,4167.5,1418.0
2026-06-21 22:00:00+00:00,4163.89990234375,4176.0,4151.39990234375,4168.10009765625,1391.0
2026-06-21 22:15:00+00:00,4167.89990234375,4172.89990234375,4164.7998046875,4168.39990234375,690.0
2026-06-21 22:30:00+00:00,4168.7001953125,4172.89990234375,4167.0,4172.89990234375,555.0
2026-06-21 22:45:00+00:00,4170.7001953125,4173.2998046875,4169.5,4172.7998046875,336.0
2026-06-21 23:00:00+00:00,4172.7998046875,4181.5,4171.89990234375,4174.89990234375,971.0
2026-06-21 23:15:00+00:00,4174.89990234375,4175.7001953125,4170.39990234375,4172.7998046875,920.0
2026-06-21 23:30:00+00:00,4172.0,4172.89990234375,4158.0,4162.10009765625,936.0
2026-06-21 23:45:00+00:00,4161.7001953125,4172.89990234375,4152.89990234375,4157.0,1144.0
2026-06-22 00:00:00+00:00,4157.2998046875,4179.39990234375,4156.60009765625,4177.60009765625,1558.0
2026-06-22 00:15:00+00:00,4178.2998046875,4187.7001953125,4172.89990234375,4184.60009765625,1197.0
2026-06-22 00:30:00+00:00,4184.60009765625,4193.7001953125,4183.0,4193.10009765625,845.0
2026-06-22 00:45:00+00:00,4193.2998046875,4218.2998046875,4172.89990234375,4218.10009765625,2174.0
2026-06-22 01:00:00+00:00,4217.7001953125,4238.10009765625,4172.89990234375,4229.5,3577.0
2026-06-22 01:15:00+00:00,4228.89990234375,4232.39990234375,4172.89990234375,4225.0,1673.0
2026-06-22 01:30:00+00:00,4224.60009765625,4224.60009765625,4172.89990234375,4218.0,1807.0
2026-06-22 01:45:00+00:00,4218.89990234375,4219.0,4207.0,4208.10009765625,1170.0
2026-06-22 02:00:00+00:00,4208.2001953125,4212.5,4172.89990234375,4201.39990234375,908.0
2026-06-22 02:15:00+00:00,4201.60009765625,4207.60009765625,4172.89990234375,4206.2998046875,850.0
2026-06-22 02:30:00+00:00,4206.0,4217.89990234375,4172.89990234375,4209.2998046875,1043.0
2026-06-22 02:45:00+00:00,4209.10009765625,4209.7001953125,4172.89990234375,4205.7001953125,541.0
2026-06-22 03:00:00+00:00,4206.2998046875,4207.39990234375,4196.0,4196.0,665.0
2026-06-22 03:15:00+00:00,4196.2998046875,4198.5,4172.89990234375,4197.5,823.0
2026-06-22 03:30:00+00:00,4197.89990234375,4198.5,4172.89990234375,4193.10009765625,317.0
2026-06-22 03:45:00+00:00,4193.2998046875,4196.60009765625,4172.89990234375,4189.60009765625,341.0
2026-06-22 04:00:00+00:00,4189.2001953125,4196.2001953125,4188.10009765625,4193.7001953125,322.0
2026-06-22 04:15:00+00:00,4194.10009765625,4196.60009765625,4172.89990234375,4194.2001953125,188.0
2026-06-22 04:30:00+00:00,4194.2001953125,4196.0,4172.89990234375,4194.39990234375,223.0
2026-06-22 04:45:00+00:00,4194.10009765625,4199.7001953125,4172.89990234375,4199.39990234375,305.0
2026-06-22 05:00:00+00:00,4199.2998046875,4204.39990234375,4172.89990234375,4203.2998046875,452.0
2026-06-22 05:15:00+00:00,4204.2001953125,4211.89990234375,4202.0,4211.7998046875,668.0
2026-06-22 05:30:00+00:00,4211.5,4216.39990234375,4172.89990234375,4210.5,1062.0
2026-06-22 05:45:00+00:00,4210.7998046875,4214.7001953125,4172.89990234375,4211.2998046875,497.0
2026-06-22 06:00:00+00:00,4211.60009765625,4216.0,4208.89990234375,4211.7998046875,755.0
2026-06-22 06:15:00+00:00,4212.2001953125,4219.10009765625,4172.89990234375,4214.89990234375,1114.0
2026-06-22 06:30:00+00:00,4214.7998046875,4220.60009765625,4212.89990234375,4220.5,549.0
2026-06-22 06:45:00+00:00,4220.39990234375,4225.39990234375,4172.89990234375,4215.39990234375,1260.0
2026-06-22 07:00:00+00:00,4216.0,4219.60009765625,4172.89990234375,4217.2001953125,750.0
2026-06-22 07:15:00+00:00,4217.89990234375,4219.7001953125,4215.0,4215.60009765625,654.0
2026-06-22 07:30:00+00:00,4215.7001953125,4217.89990234375,4172.89990234375,4212.5,923.0
2026-06-22 07:45:00+00:00,4212.2001953125,4214.2001953125,4206.5,4208.5,616.0
2026-06-22 08:00:00+00:00,4208.2998046875,4212.7001953125,4172.89990234375,4208.0,1047.0
2026-06-22 08:15:00+00:00,4208.0,4213.2998046875,4172.89990234375,4209.89990234375,540.0
2026-06-22 08:30:00+00:00,4209.5,4212.10009765625,4207.0,4211.60009765625,572.0
2026-06-22 08:45:00+00:00,4211.60009765625,4215.89990234375,4172.89990234375,4215.7001953125,594.0
2026-06-22 09:00:00+00:00,4215.5,4227.7998046875,4172.89990234375,4223.5,1026.0
2026-06-22 09:15:00+00:00,4223.7001953125,4227.10009765625,4172.89990234375,4222.0,756.0
2026-06-22 09:30:00+00:00,4222.2001953125,4227.89990234375,4172.89990234375,4224.89990234375,2000.0
2026-06-22 09:45:00+00:00,4224.7998046875,4228.60009765625,4222.2001953125,4226.2001953125,1037.0
2026-06-22 10:00:00+00:00,4226.5,4232.2001953125,4172.89990234375,4230.89990234375,780.0
2026-06-22 10:15:00+00:00,4230.60009765625,4232.2998046875,4172.89990234375,4228.10009765625,598.0
2026-06-22 10:30:00+00:00,4228.0,4229.39990234375,4172.89990234375,4226.39990234375,311.0
2026-06-22 10:45:00+00:00,4226.60009765625,4227.39990234375,4172.89990234375,4222.7001953125,661.0
2026-06-22 11:00:00+00:00,4222.7998046875,4233.7001953125,4222.39990234375,4226.2998046875,1259.0
2026-06-22 11:15:00+00:00,4226.10009765625,4227.7998046875,4172.89990234375,4222.0,328.0
2026-06-22 11:30:00+00:00,4221.89990234375,4226.2998046875,4172.89990234375,4224.39990234375,699.0
2026-06-22 11:45:00+00:00,4224.39990234375,4225.7998046875,4172.89990234375,4225.2998046875,614.0
2026-06-22 12:00:00+00:00,4225.89990234375,4229.5,4172.89990234375,4226.10009765625,872.0
2026-06-22 12:15:00+00:00,4225.39990234375,4229.89990234375,4224.2001953125,4226.7001953125,1501.0
2026-06-22 12:30:00+00:00,4226.2998046875,4226.60009765625,4172.89990234375,4221.7998046875,1224.0
2026-06-22 12:45:00+00:00,4222.0,4223.10009765625,4172.89990234375,4211.39990234375,1649.0
2026-06-22 13:00:00+00:00,4211.60009765625,4215.2998046875,4172.89990234375,4212.89990234375,3340.0
2026-06-22 13:15:00+00:00,4212.7998046875,4215.89990234375,4172.89990234375,4205.10009765625,2656.0
2026-06-22 13:30:00+00:00,4205.5,4212.7998046875,4201.2001953125,4209.60009765625,2958.0
2026-06-22 13:45:00+00:00,4209.2001953125,4224.5,4172.89990234375,4218.5,3506.0
2026-06-22 14:00:00+00:00,4218.7001953125,4229.5,4172.89990234375,4223.89990234375,3980.0
2026-06-22 14:15:00+00:00,4223.89990234375,4224.7998046875,4172.89990234375,4210.39990234375,2436.0
2026-06-22 14:30:00+00:00,4210.0,4216.0,4172.89990234375,4211.0,2469.0
2026-06-22 14:45:00+00:00,4211.10009765625,4224.2998046875,4210.89990234375,4216.7001953125,2253.0
2026-06-22 15:00:00+00:00,4216.60009765625,4219.60009765625,4172.89990234375,4216.2998046875,968.0
2026-06-22 15:15:00+00:00,4216.0,4216.2998046875,4172.89990234375,4207.60009765625,1586.0
2026-06-22 15:30:00+00:00,4207.2001953125,4208.7998046875,4172.89990234375,4199.10009765625,1959.0
2026-06-22 15:45:00+00:00,4198.89990234375,4203.2001953125,4172.89990234375,4201.0,4299.0
2026-06-22 16:00:00+00:00,4200.7998046875,4203.10009765625,4192.2001953125,4195.60009765625,1659.0
2026-06-22 16:15:00+00:00,4194.7998046875,4201.10009765625,4172.89990234375,4201.10009765625,1082.0
2026-06-22 16:30:00+00:00,4200.7001953125,4204.60009765625,4172.89990234375,4200.0,692.0
2026-06-22 16:45:00+00:00,4199.89990234375,4211.89990234375,4172.89990234375,4208.5,1084.0
2026-06-22 17:00:00+00:00,4208.5,4209.7001953125,4172.89990234375,4205.0,714.0
2026-06-22 17:15:00+00:00,4205.10009765625,4210.10009765625,4201.5,4202.60009765625,1950.0
2026-06-22 17:30:00+00:00,4202.5,4203.10009765625,4172.89990234375,4199.7998046875,1023.0
2026-06-22 17:45:00+00:00,4199.7998046875,4202.0,4172.89990234375,4201.39990234375,296.0
2026-06-22 18:00:00+00:00,4201.60009765625,4204.60009765625,4172.89990234375,4202.2998046875,298.0
2026-06-22 18:15:00+00:00,4202.5,4208.2998046875,4172.89990234375,4206.0,648.0
2026-06-22 18:30:00+00:00,4206.60009765625,4208.39990234375,4204.2001953125,4208.2998046875,424.0
2026-06-22 18:45:00+00:00,4208.0,4211.2998046875,4172.89990234375,4209.10009765625,494.0
2026-06-22 19:00:00+00:00,4209.5,4211.60009765625,4172.89990234375,4209.5,397.0
2026-06-22 19:15:00+00:00,4209.7001953125,4210.10009765625,4205.60009765625,4205.7998046875,355.0
2026-06-22 19:30:00+00:00,4205.7998046875,4208.7001953125,4172.89990234375,4203.0,454.0
2026-06-22 19:45:00+00:00,4202.7998046875,4210.39990234375,4202.7998046875,4209.39990234375,1046.0
2026-06-22 20:00:00+00:00,4209.39990234375,4212.2998046875,4172.89990234375,4209.10009765625,284.0
2026-06-22 20:15:00+00:00,4209.0,4209.7998046875,4172.89990234375,4208.60009765625,195.0
2026-06-22 20:30:00+00:00,4208.60009765625,4212.2001953125,4208.0,4211.0,243.0
2026-06-22 20:45:00+00:00,4211.39990234375,4211.7998046875,4172.89990234375,4172.89990234375,243.0
2026-06-22 22:00:00+00:00,4210.7998046875,4212.7001953125,4209.2998046875,4210.5,203.0
2026-06-22 22:15:00+00:00,4210.7998046875,4211.39990234375,4209.0,4211.10009765625,169.0
2026-06-22 22:30:00+00:00,4211.10009765625,4212.7001953125,4207.2998046875,4208.10009765625,425.0
2026-06-22 22:45:00+00:00,4208.2001953125,4208.7001953125,4206.10009765625,4207.7998046875,214.0
2026-06-22 23:00:00+00:00,4207.5,4210.7998046875,4207.5,4209.2001953125,192.0
2026-06-22 23:15:00+00:00,4208.5,4210.0,4208.10009765625,4209.2001953125,95.0
2026-06-22 23:30:00+00:00,4208.7001953125,4213.60009765625,4208.60009765625,4213.39990234375,196.0
2026-06-22 23:45:00+00:00,4213.10009765625,4213.10009765625,4204.60009765625,4205.5,381.0
2026-06-23 00:00:00+00:00,4205.0,4210.0,4196.0,4196.60009765625,605.0
2026-06-23 00:15:00+00:00,4197.0,4203.2998046875,4196.0,4200.7998046875,479.0
2026-06-23 00:30:00+00:00,4201.5,4211.2998046875,4199.7998046875,4209.7998046875,456.0
2026-06-23 00:45:00+00:00,4210.0,4212.7001953125,4207.2998046875,4210.7001953125,399.0
2026-06-23 01:00:00+00:00,4210.60009765625,4216.0,4202.2001953125,4202.39990234375,1025.0
2026-06-23 01:15:00+00:00,4202.39990234375,4203.2001953125,4188.0,4195.7001953125,1359.0
2026-06-23 01:30:00+00:00,4195.2001953125,4195.2001953125,4171.0,4171.7998046875,3068.0
2026-06-23 01:45:00+00:00,4171.5,4180.89990234375,4167.5,4179.2998046875,1662.0
2026-06-23 02:00:00+00:00,4179.39990234375,4181.2001953125,4166.60009765625,4171.7998046875,1332.0
2026-06-23 02:15:00+00:00,4171.39990234375,4181.2998046875,4171.2998046875,4180.10009765625,822.0
2026-06-23 02:30:00+00:00,4179.7001953125,4180.10009765625,4170.39990234375,4173.39990234375,530.0
2026-06-23 02:45:00+00:00,4172.7001953125,4175.0,4164.2998046875,4164.89990234375,817.0
2026-06-23 03:00:00+00:00,4164.89990234375,4167.60009765625,4156.2998046875,4160.7001953125,1367.0
2026-06-23 03:15:00+00:00,4160.7998046875,4161.7998046875,4148.39990234375,4158.7998046875,1894.0
2026-06-23 03:30:00+00:00,4158.7001953125,4159.0,4151.2998046875,4156.39990234375,872.0
2026-06-23 03:45:00+00:00,4156.39990234375,4162.2001953125,4154.5,4162.2001953125,603.0
2026-06-23 04:00:00+00:00,4161.7998046875,4164.7998046875,4159.2001953125,4160.7998046875,595.0
2026-06-23 04:15:00+00:00,4160.2998046875,4160.2998046875,4154.60009765625,4157.7001953125,436.0
2026-06-23 04:30:00+00:00,4157.10009765625,4158.0,4152.2998046875,4156.0,696.0
2026-06-23 04:45:00+00:00,4156.2001953125,4157.5,4132.2001953125,4135.60009765625,1866.0
2026-06-23 05:00:00+00:00,4136.0,4155.0,4133.10009765625,4147.5,1306.0
2026-06-23 05:15:00+00:00,4147.39990234375,4148.2001953125,4141.60009765625,4143.0,492.0
2026-06-23 05:30:00+00:00,4143.10009765625,4151.5,4134.89990234375,4145.60009765625,1471.0
2026-06-23 05:45:00+00:00,4145.39990234375,4145.7001953125,4134.60009765625,4138.89990234375,1518.0
2026-06-23 06:00:00+00:00,4139.60009765625,4144.89990234375,4129.2001953125,4140.2998046875,2305.0
2026-06-23 06:15:00+00:00,4141.0,4144.7001953125,4132.5,4134.0,1545.0
2026-06-23 06:30:00+00:00,4134.2001953125,4139.2001953125,4128.7998046875,4131.60009765625,1187.0
2026-06-23 06:45:00+00:00,4131.60009765625,4138.2001953125,4127.89990234375,4132.39990234375,1064.0
2026-06-23 07:00:00+00:00,4131.89990234375,4142.7001953125,4127.5,4133.5,1645.0
2026-06-23 07:15:00+00:00,4133.7001953125,4141.0,4131.2998046875,4136.2001953125,818.0
2026-06-23 07:30:00+00:00,4135.89990234375,4137.39990234375,4121.0,4122.10009765625,1351.0
2026-06-23 07:45:00+00:00,4122.7998046875,4125.7998046875,4114.0,4116.0,1775.0
2026-06-23 08:00:00+00:00,4116.2998046875,4117.5,4108.2001953125,4111.5,2528.0
2026-06-23 08:15:00+00:00,4110.7998046875,4117.39990234375,4109.7001953125,4115.89990234375,1029.0
2026-06-23 08:30:00+00:00,4115.7998046875,4128.39990234375,4114.2001953125,4127.2998046875,1590.0
2026-06-23 08:45:00+00:00,4127.2001953125,4127.2001953125,4119.5,4122.60009765625,821.0
2026-06-23 09:00:00+00:00,4123.0,4131.7001953125,4122.10009765625,4129.10009765625,1164.0
2026-06-23 09:15:00+00:00,4129.10009765625,4134.89990234375,4126.5,4130.2001953125,1286.0
2026-06-23 09:30:00+00:00,4130.60009765625,4138.5,4130.10009765625,4134.7001953125,1118.0
2026-06-23 09:45:00+00:00,4135.2001953125,4140.10009765625,4133.0,4140.10009765625,576.0
2026-06-23 10:00:00+00:00,4140.0,4151.10009765625,4139.89990234375,4147.60009765625,1382.0
2026-06-23 10:15:00+00:00,4147.60009765625,4150.60009765625,4144.2001953125,4148.10009765625,719.0
2026-06-23 10:30:00+00:00,4148.2001953125,4149.7001953125,4142.0,4144.2998046875,668.0
2026-06-23 10:45:00+00:00,4144.39990234375,4144.39990234375,4137.39990234375,4137.7001953125,965.0
2026-06-23 11:00:00+00:00,4137.60009765625,4147.89990234375,4135.2001953125,4146.89990234375,1092.0
2026-06-23 11:15:00+00:00,4146.7001953125,4150.0,4142.2998046875,4144.89990234375,1150.0
2026-06-23 11:30:00+00:00,4144.60009765625,4146.39990234375,4136.39990234375,4138.89990234375,1187.0
2026-06-23 11:45:00+00:00,4138.39990234375,4144.0,4135.7001953125,4141.10009765625,1265.0
2026-06-23 12:00:00+00:00,4141.0,4145.2998046875,4130.60009765625,4131.7998046875,1277.0
2026-06-23 12:15:00+00:00,4131.39990234375,4137.60009765625,4129.0,4132.10009765625,2112.0
2026-06-23 12:30:00+00:00,4132.2001953125,4140.0,4131.39990234375,4135.5,1247.0
2026-06-23 12:45:00+00:00,4135.39990234375,4139.39990234375,4130.2001953125,4131.0,1538.0
2026-06-23 13:00:00+00:00,4131.10009765625,4137.10009765625,4125.60009765625,4131.2998046875,2243.0
2026-06-23 13:15:00+00:00,4131.0,4136.7001953125,4122.7998046875,4133.39990234375,1823.0
2026-06-23 13:30:00+00:00,4133.7998046875,4146.60009765625,4127.89990234375,4144.0,3269.0
2026-06-23 13:45:00+00:00,4144.7001953125,4158.5,4142.39990234375,4154.10009765625,4555.0
2026-06-23 14:00:00+00:00,4153.10009765625,4163.5,4150.7998046875,4155.5,4509.0
2026-06-23 14:15:00+00:00,4156.0,4160.7001953125,4146.2001953125,4150.10009765625,4406.0
2026-06-23 14:30:00+00:00,4150.2001953125,4150.5,4140.0,4143.7001953125,2858.0
2026-06-23 14:45:00+00:00,4143.5,4148.0,4141.5,4147.5,2268.0
2026-06-23 15:00:00+00:00,4148.0,4153.2001953125,4140.60009765625,4145.5,3111.0
2026-06-23 15:15:00+00:00,4146.0,4148.0,4141.2998046875,4144.7998046875,1340.0
2026-06-23 15:30:00+00:00,4144.7001953125,4159.39990234375,4144.2001953125,4156.7001953125,2889.0
2026-06-23 15:45:00+00:00,4156.89990234375,4157.39990234375,4151.7998046875,4156.7001953125,948.0
2026-06-23 16:00:00+00:00,4156.7998046875,4158.10009765625,4151.60009765625,4153.2998046875,835.0
2026-06-23 16:15:00+00:00,4153.7001953125,4156.2998046875,4150.89990234375,4154.60009765625,878.0
2026-06-23 16:30:00+00:00,4154.2998046875,4161.7998046875,4153.5,4161.10009765625,1216.0
2026-06-23 16:45:00+00:00,4161.2998046875,4161.7998046875,4149.2998046875,4151.89990234375,1285.0
2026-06-23 17:00:00+00:00,4151.89990234375,4157.7001953125,4147.60009765625,4156.2998046875,1602.0
2026-06-23 17:15:00+00:00,4156.2998046875,4156.2998046875,4147.7001953125,4148.89990234375,1728.0
2026-06-23 17:30:00+00:00,4149.2001953125,4150.2998046875,4145.5,4149.89990234375,803.0
2026-06-23 17:45:00+00:00,4150.0,4151.10009765625,4145.7001953125,4145.89990234375,664.0
2026-06-23 18:00:00+00:00,4146.0,4148.7998046875,4141.7998046875,4142.10009765625,681.0
2026-06-23 18:15:00+00:00,4142.10009765625,4143.39990234375,4138.2998046875,4139.0,752.0
2026-06-23 18:30:00+00:00,4139.0,4140.7998046875,4133.7001953125,4134.0,694.0
2026-06-23 18:45:00+00:00,4134.2998046875,4136.39990234375,4130.7998046875,4135.60009765625,718.0
2026-06-23 19:00:00+00:00,4135.7998046875,4144.39990234375,4135.0,4139.2998046875,707.0
2026-06-23 19:15:00+00:00,4139.2998046875,4140.5,4135.2998046875,4139.89990234375,425.0
2026-06-23 19:30:00+00:00,4140.0,4142.2998046875,4138.7001953125,4138.7998046875,336.0
2026-06-23 19:45:00+00:00,4138.7998046875,4139.2998046875,4129.10009765625,4129.60009765625,1833.0
2026-06-23 20:00:00+00:00,4129.89990234375,4130.7998046875,4126.5,4127.7998046875,1240.0
2026-06-23 20:15:00+00:00,4127.7998046875,4129.10009765625,4125.0,4128.2001953125,540.0
2026-06-23 20:30:00+00:00,4128.60009765625,4129.39990234375,4126.39990234375,4128.10009765625,342.0
2026-06-23 20:45:00+00:00,4128.0,4129.2001953125,4126.2998046875,4129.0,259.0
2026-06-23 22:00:00+00:00,4130.0,4131.7998046875,4128.2001953125,4130.7998046875,127.0
2026-06-23 22:15:00+00:00,4130.89990234375,4132.39990234375,4121.60009765625,4123.10009765625,1281.0
2026-06-23 22:30:00+00:00,4123.2998046875,4125.2998046875,4113.89990234375,4121.7001953125,1159.0
2026-06-23 22:45:00+00:00,4121.10009765625,4126.0,4120.39990234375,4121.2001953125,648.0
2026-06-23 23:00:00+00:00,4120.89990234375,4120.89990234375,4111.89990234375,4117.0,572.0
2026-06-23 23:15:00+00:00,4116.5,4117.7998046875,4114.2001953125,4114.2001953125,236.0
2026-06-23 23:30:00+00:00,4114.5,4115.0,4097.89990234375,4103.60009765625,1367.0
2026-06-23 23:45:00+00:00,4103.10009765625,4118.2001953125,4102.89990234375,4116.60009765625,921.0
2026-06-24 00:00:00+00:00,4117.0,4129.7001953125,4112.2001953125,4125.10009765625,1243.0
2026-06-24 00:15:00+00:00,4125.0,4126.60009765625,4111.39990234375,4117.60009765625,942.0
2026-06-24 00:30:00+00:00,4117.2001953125,4117.60009765625,4111.39990234375,4112.7001953125,460.0
2026-06-24 00:45:00+00:00,4112.60009765625,4117.2001953125,4111.7001953125,4114.7001953125,446.0
2026-06-24 01:00:00+00:00,4114.89990234375,4115.2001953125,4086.0,4107.2001953125,3257.0
2026-06-24 01:15:00+00:00,4107.7001953125,4118.39990234375,4101.10009765625,4116.0,1275.0
2026-06-24 01:30:00+00:00,4115.60009765625,4119.7998046875,4109.2998046875,4109.7998046875,862.0
2026-06-24 01:45:00+00:00,4109.89990234375,4110.5,4099.7998046875,4106.5,861.0
2026-06-24 02:00:00+00:00,4106.39990234375,4113.10009765625,4096.7001953125,4097.10009765625,987.0
2026-06-24 02:15:00+00:00,4097.10009765625,4098.2998046875,4088.199951171875,4090.39990234375,1656.0
2026-06-24 02:30:00+00:00,4090.5,4093.60009765625,4069.0,4073.800048828125,2482.0
2026-06-24 02:45:00+00:00,4074.0,4086.60009765625,4071.800048828125,4078.300048828125,1442.0
2026-06-24 03:00:00+00:00,4078.10009765625,4081.800048828125,4069.60009765625,4074.199951171875,860.0
2026-06-24 03:15:00+00:00,4074.39990234375,4075.60009765625,4067.0,4073.60009765625,1145.0
2026-06-24 03:30:00+00:00,4073.800048828125,4086.89990234375,4072.60009765625,4085.89990234375,1189.0
2026-06-24 03:45:00+00:00,4086.10009765625,4088.5,4079.5,4079.89990234375,600.0
2026-06-24 04:00:00+00:00,4080.10009765625,4081.300048828125,4072.5,4075.39990234375,689.0
2026-06-24 04:15:00+00:00,4075.699951171875,4083.699951171875,4071.60009765625,4080.39990234375,816.0
2026-06-24 04:30:00+00:00,4080.0,4083.60009765625,4079.199951171875,4080.800048828125,283.0
2026-06-24 04:45:00+00:00,4080.0,4083.5,4078.800048828125,4080.60009765625,311.0
2026-06-24 05:00:00+00:00,4081.199951171875,4086.199951171875,4077.60009765625,4084.39990234375,600.0
2026-06-24 05:15:00+00:00,4084.0,4091.5,4082.10009765625,4090.10009765625,1037.0
2026-06-24 05:30:00+00:00,4090.199951171875,4103.10009765625,4089.0,4094.800048828125,1530.0
2026-06-24 05:45:00+00:00,4094.39990234375,4096.7001953125,4088.5,4093.10009765625,691.0
2026-06-24 06:00:00+00:00,4093.10009765625,4114.2001953125,4093.10009765625,4113.5,1875.0
2026-06-24 06:15:00+00:00,4113.60009765625,4114.7001953125,4100.2998046875,4104.7001953125,1527.0
2026-06-24 06:30:00+00:00,4104.39990234375,4111.10009765625,4102.10009765625,4109.10009765625,666.0
2026-06-24 06:45:00+00:00,4108.7998046875,4112.2001953125,4101.60009765625,4103.89990234375,972.0
2026-06-24 07:00:00+00:00,4103.89990234375,4107.7998046875,4102.5,4103.10009765625,415.0
2026-06-24 07:15:00+00:00,4103.2998046875,4104.7001953125,4100.0,4101.2998046875,503.0
2026-06-24 07:30:00+00:00,4101.5,4102.10009765625,4093.0,4099.7001953125,1216.0
2026-06-24 07:45:00+00:00,4099.60009765625,4103.2998046875,4090.699951171875,4091.5,893.0
2026-06-24 08:00:00+00:00,4091.60009765625,4095.199951171875,4090.0,4091.0,618.0
2026-06-24 08:15:00+00:00,4091.0,4097.7998046875,4090.300048828125,4097.7001953125,1123.0
2026-06-24 08:30:00+00:00,4097.5,4104.7998046875,4096.10009765625,4100.0,790.0
2026-06-24 08:45:00+00:00,4100.2998046875,4100.5,4092.699951171875,4093.300048828125,409.0
2026-06-24 09:00:00+00:00,4093.300048828125,4095.199951171875,4086.800048828125,4093.300048828125,873.0
2026-06-24 09:15:00+00:00,4092.89990234375,4095.800048828125,4085.199951171875,4086.39990234375,881.0
2026-06-24 09:30:00+00:00,4086.10009765625,4089.699951171875,4082.699951171875,4085.699951171875,1324.0
2026-06-24 09:45:00+00:00,4085.39990234375,4088.300048828125,4081.60009765625,4081.800048828125,791.0
2026-06-24 10:00:00+00:00,4082.0,4083.5,4076.199951171875,4078.199951171875,935.0
2026-06-24 10:15:00+00:00,4078.300048828125,4078.300048828125,4072.10009765625,4077.10009765625,829.0
2026-06-24 10:30:00+00:00,4077.800048828125,4083.699951171875,4073.5,4081.699951171875,916.0
2026-06-24 10:45:00+00:00,4081.60009765625,4082.5,4071.0,4072.300048828125,605.0
2026-06-24 11:00:00+00:00,4072.10009765625,4075.60009765625,4061.300048828125,4062.699951171875,1876.0
2026-06-24 11:15:00+00:00,4062.39990234375,4063.5,4053.89990234375,4060.60009765625,2562.0
2026-06-24 11:30:00+00:00,4060.39990234375,4068.10009765625,4059.89990234375,4062.39990234375,1362.0
2026-06-24 11:45:00+00:00,4062.199951171875,4072.800048828125,4055.300048828125,4063.199951171875,1938.0
2026-06-24 12:00:00+00:00,4063.39990234375,4065.199951171875,4051.300048828125,4054.300048828125,2432.0
2026-06-24 12:15:00+00:00,4054.10009765625,4058.300048828125,4022.60009765625,4031.800048828125,7607.0
2026-06-24 12:30:00+00:00,4032.0,4037.300048828125,4023.0,4029.5,5545.0
2026-06-24 12:45:00+00:00,4029.39990234375,4033.800048828125,4003.300048828125,4004.0,6976.0
2026-06-24 13:00:00+00:00,4004.10009765625,4011.10009765625,3982.39990234375,3987.699951171875,14084.0
2026-06-24 13:15:00+00:00,3987.199951171875,3993.300048828125,3980.300048828125,3991.39990234375,5954.0
2026-06-24 13:30:00+00:00,3991.300048828125,4035.199951171875,3990.0,4032.10009765625,11030.0
2026-06-24 13:45:00+00:00,4032.39990234375,4059.0,4026.0,4054.89990234375,8835.0
2026-06-24 14:00:00+00:00,4054.89990234375,4058.199951171875,4036.0,4036.89990234375,6862.0
2026-06-24 14:15:00+00:00,4037.199951171875,4045.5,4031.39990234375,4041.10009765625,3466.0
2026-06-24 14:30:00+00:00,4041.10009765625,4052.199951171875,4028.199951171875,4033.199951171875,3439.0
2026-06-24 14:45:00+00:00,4032.699951171875,4033.0,4020.0,4025.0,2568.0
2026-06-24 15:00:00+00:00,4025.39990234375,4027.699951171875,4014.300048828125,4019.199951171875,2431.0
2026-06-24 15:15:00+00:00,4018.800048828125,4032.0,4016.60009765625,4031.89990234375,2687.0
2026-06-24 15:30:00+00:00,4031.699951171875,4032.699951171875,4018.10009765625,4023.0,1355.0
2026-06-24 15:45:00+00:00,4023.199951171875,4033.89990234375,4017.0,4019.5,2123.0
2026-06-24 16:00:00+00:00,4019.39990234375,4023.699951171875,4012.60009765625,4019.89990234375,2573.0
2026-06-24 16:15:00+00:00,4019.89990234375,4034.300048828125,4018.5,4033.699951171875,2127.0
2026-06-24 16:30:00+00:00,4033.0,4039.699951171875,4026.39990234375,4029.10009765625,3230.0
2026-06-24 16:45:00+00:00,4028.89990234375,4029.199951171875,4023.199951171875,4023.39990234375,875.0
2026-06-24 17:00:00+00:00,4023.699951171875,4028.60009765625,4021.199951171875,4023.0,1231.0
2026-06-24 17:15:00+00:00,4023.0,4024.39990234375,4006.800048828125,4007.39990234375,4756.0
2026-06-24 17:30:00+00:00,4007.800048828125,4008.199951171875,4000.0,4001.39990234375,3365.0
2026-06-24 17:45:00+00:00,4001.199951171875,4004.10009765625,3989.5,3989.800048828125,2254.0
2026-06-24 18:00:00+00:00,3989.89990234375,4009.5,3975.699951171875,4005.60009765625,4747.0
2026-06-24 18:15:00+00:00,4005.699951171875,4009.5,3996.60009765625,4007.300048828125,2343.0
2026-06-24 18:30:00+00:00,4007.89990234375,4011.699951171875,3998.89990234375,4000.800048828125,1240.0
2026-06-24 18:45:00+00:00,3998.89990234375,4001.300048828125,3993.89990234375,3998.10009765625,799.0
2026-06-24 19:00:00+00:00,3998.699951171875,4002.199951171875,3990.39990234375,3993.699951171875,936.0
2026-06-24 19:15:00+00:00,3992.89990234375,4001.10009765625,3990.60009765625,4000.699951171875,823.0
2026-06-24 19:30:00+00:00,4001.0,4005.60009765625,3996.39990234375,4000.0,693.0
2026-06-24 19:45:00+00:00,3999.699951171875,4008.199951171875,3997.800048828125,4004.89990234375,2261.0
2026-06-24 20:00:00+00:00,4005.5,4020.0,4001.60009765625,4012.699951171875,1523.0
2026-06-24 20:15:00+00:00,4012.699951171875,4018.39990234375,4009.10009765625,4017.60009765625,899.0
2026-06-24 20:30:00+00:00,4017.39990234375,4018.60009765625,4013.0,4016.199951171875,441.0
2026-06-24 20:45:00+00:00,4016.0,4018.5,4013.699951171875,4016.39990234375,327.0
2026-06-24 22:00:00+00:00,4019.0,4024.89990234375,4016.5,4017.39990234375,879.0
2026-06-24 22:15:00+00:00,4017.199951171875,4018.89990234375,4016.199951171875,4017.89990234375,186.0
2026-06-24 22:30:00+00:00,4018.10009765625,4023.0,4015.39990234375,4018.10009765625,759.0
2026-06-24 22:45:00+00:00,4018.39990234375,4018.60009765625,4008.800048828125,4012.0,598.0
2026-06-24 23:00:00+00:00,4012.5,4015.0,4006.0,4011.10009765625,853.0
2026-06-24 23:15:00+00:00,4011.300048828125,4016.300048828125,4011.0,4014.199951171875,303.0
2026-06-24 23:30:00+00:00,4015.0,4033.89990234375,4015.0,4030.199951171875,1267.0
2026-06-24 23:45:00+00:00,4029.89990234375,4033.0,4024.699951171875,4026.60009765625,549.0
2026-06-25 00:00:00+00:00,4028.300048828125,4031.5,4019.10009765625,4020.60009765625,583.0
2026-06-25 00:15:00+00:00,4020.699951171875,4021.39990234375,4010.699951171875,4011.60009765625,930.0
2026-06-25 00:30:00+00:00,4011.300048828125,4012.0,3996.800048828125,4001.199951171875,1189.0
2026-06-25 00:45:00+00:00,4001.0,4016.5,3994.199951171875,4007.300048828125,1757.0
2026-06-25 01:00:00+00:00,4007.199951171875,4021.39990234375,3997.39990234375,4001.89990234375,1356.0
2026-06-25 01:15:00+00:00,3999.800048828125,4015.60009765625,3999.39990234375,4006.5,701.0
2026-06-25 01:30:00+00:00,4006.39990234375,4011.5,3992.300048828125,3997.5,1571.0
2026-06-25 01:45:00+00:00,3997.5,4004.199951171875,3987.89990234375,3992.199951171875,1086.0
2026-06-25 02:00:00+00:00,3992.89990234375,3997.300048828125,3976.300048828125,3983.300048828125,2103.0
2026-06-25 02:15:00+00:00,3983.5,4006.60009765625,3982.800048828125,4002.199951171875,1898.0
2026-06-25 02:30:00+00:00,4002.199951171875,4003.800048828125,3990.39990234375,3994.39990234375,1189.0
2026-06-25 02:45:00+00:00,3995.300048828125,4000.5,3991.5,3998.699951171875,756.0
2026-06-25 03:00:00+00:00,3998.800048828125,4005.10009765625,3981.60009765625,3986.300048828125,1374.0
2026-06-25 03:15:00+00:00,3986.5,3998.60009765625,3983.0,3991.800048828125,935.0
2026-06-25 03:30:00+00:00,3991.5,3992.800048828125,3984.199951171875,3990.39990234375,600.0
2026-06-25 03:45:00+00:00,3990.39990234375,4016.60009765625,3990.10009765625,4012.39990234375,2008.0
2026-06-25 04:00:00+00:00,4011.10009765625,4013.199951171875,4005.39990234375,4005.800048828125,813.0
2026-06-25 04:15:00+00:00,4005.0,4013.199951171875,4003.300048828125,4010.0,592.0
2026-06-25 04:30:00+00:00,4010.89990234375,4011.60009765625,3999.5,4007.300048828125,693.0
2026-06-25 04:45:00+00:00,4007.60009765625,4012.699951171875,4007.0,4011.800048828125,463.0
2026-06-25 05:00:00+00:00,4012.0,4015.699951171875,4007.89990234375,4013.800048828125,894.0
2026-06-25 05:15:00+00:00,4014.10009765625,4014.300048828125,4004.699951171875,4009.800048828125,1103.0
2026-06-25 05:30:00+00:00,4009.60009765625,4013.0,3997.199951171875,3999.10009765625,1196.0
2026-06-25 05:45:00+00:00,3998.60009765625,4007.199951171875,3996.199951171875,4001.60009765625,988.0
2026-06-25 06:00:00+00:00,4001.5,4004.60009765625,3995.800048828125,3995.89990234375,731.0
2026-06-25 06:15:00+00:00,3995.300048828125,4002.199951171875,3988.89990234375,3999.60009765625,1297.0
2026-06-25 06:30:00+00:00,3999.300048828125,4000.5,3991.800048828125,3997.0,1234.0
2026-06-25 06:45:00+00:00,3997.60009765625,3999.39990234375,3991.10009765625,3992.699951171875,1112.0
2026-06-25 07:00:00+00:00,3992.5,4001.5,3988.5,3995.300048828125,1568.0
2026-06-25 07:15:00+00:00,3995.0,4005.5,3992.89990234375,4000.800048828125,1190.0
2026-06-25 07:30:00+00:00,4000.89990234375,4005.10009765625,3988.800048828125,3989.800048828125,1464.0
2026-06-25 07:45:00+00:00,3989.5,4004.800048828125,3986.60009765625,4003.5,1390.0
2026-06-25 08:00:00+00:00,4003.60009765625,4011.10009765625,4000.199951171875,4002.60009765625,1486.0
2026-06-25 08:15:00+00:00,4003.0,4017.10009765625,4002.10009765625,4009.39990234375,2236.0
2026-06-25 08:30:00+00:00,4009.800048828125,4017.89990234375,4009.800048828125,4015.300048828125,1158.0
2026-06-25 08:45:00+00:00,4015.39990234375,4015.39990234375,4004.199951171875,4004.89990234375,1092.0
2026-06-25 09:00:00+00:00,4004.89990234375,4012.0,4004.60009765625,4006.89990234375,746.0
2026-06-25 09:15:00+00:00,4006.39990234375,4011.10009765625,4004.699951171875,4009.699951171875,672.0
2026-06-25 09:30:00+00:00,4010.0,4013.5,4001.89990234375,4003.800048828125,1742.0
2026-06-25 09:45:00+00:00,4003.39990234375,4008.800048828125,4002.699951171875,4003.39990234375,593.0
2026-06-25 10:00:00+00:00,4003.0,4004.60009765625,3998.699951171875,3999.199951171875,743.0
2026-06-25 10:15:00+00:00,3999.300048828125,4004.60009765625,3998.199951171875,4004.60009765625,573.0
2026-06-25 10:30:00+00:00,4004.39990234375,4004.39990234375,3999.800048828125,4000.800048828125,651.0
2026-06-25 10:45:00+00:00,4000.60009765625,4000.60009765625,3996.39990234375,3999.5,568.0
2026-06-25 11:00:00+00:00,4000.0,4001.10009765625,3997.0,3998.39990234375,602.0
2026-06-25 11:15:00+00:00,3998.10009765625,3998.300048828125,3991.0,3992.300048828125,1345.0
2026-06-25 11:30:00+00:00,3992.0,4001.5,3988.60009765625,3999.89990234375,1099.0
2026-06-25 11:45:00+00:00,4000.300048828125,4003.199951171875,3994.39990234375,3995.300048828125,717.0
2026-06-25 12:00:00+00:00,3995.39990234375,3999.89990234375,3994.60009765625,3997.60009765625,980.0
2026-06-25 12:15:00+00:00,3997.5,4001.199951171875,3993.5,3999.5,1553.0
2026-06-25 12:30:00+00:00,4000.300048828125,4027.39990234375,3998.300048828125,4021.39990234375,7354.0
2026-06-25 12:45:00+00:00,4021.89990234375,4035.10009765625,4019.39990234375,4028.199951171875,4072.0
2026-06-25 13:00:00+00:00,4028.199951171875,4049.89990234375,4027.39990234375,4046.800048828125,5532.0
2026-06-25 13:15:00+00:00,4046.800048828125,4047.10009765625,4034.39990234375,4037.800048828125,3061.0
2026-06-25 13:30:00+00:00,4037.89990234375,4044.199951171875,4026.60009765625,4027.699951171875,5235.0
2026-06-25 13:45:00+00:00,4027.800048828125,4035.10009765625,4016.60009765625,4017.5,4708.0
2026-06-25 14:00:00+00:00,4017.89990234375,4037.89990234375,4015.10009765625,4032.39990234375,5205.0
2026-06-25 14:15:00+00:00,4032.10009765625,4045.0,4028.39990234375,4042.699951171875,4390.0
2026-06-25 14:30:00+00:00,4042.300048828125,4045.60009765625,4031.39990234375,4035.800048828125,1980.0
2026-06-25 14:45:00+00:00,4036.0,4037.0,4026.800048828125,4027.60009765625,1863.0
2026-06-25 15:00:00+00:00,4027.800048828125,4036.0,4020.39990234375,4023.89990234375,2543.0
2026-06-25 15:15:00+00:00,4023.0,4056.89990234375,4021.10009765625,4042.39990234375,5116.0
2026-06-25 15:30:00+00:00,4042.199951171875,4046.39990234375,4037.199951171875,4043.5,1546.0
2026-06-25 15:45:00+00:00,4043.5,4058.699951171875,4042.39990234375,4057.5,3685.0
2026-06-25 16:00:00+00:00,4057.199951171875,4058.699951171875,4049.300048828125,4052.800048828125,2155.0
2026-06-25 16:15:00+00:00,4052.89990234375,4060.0,4052.89990234375,4056.199951171875,1898.0
2026-06-25 16:30:00+00:00,4056.300048828125,4056.39990234375,4046.39990234375,4047.199951171875,1400.0
2026-06-25 16:45:00+00:00,4046.699951171875,4049.0,4039.10009765625,4044.0,1485.0
2026-06-25 17:00:00+00:00,4044.39990234375,4047.699951171875,4042.300048828125,4044.800048828125,1056.0
2026-06-25 17:15:00+00:00,4044.699951171875,4051.800048828125,4043.39990234375,4048.39990234375,3648.0
2026-06-25 17:30:00+00:00,4048.10009765625,4051.39990234375,4046.800048828125,4049.60009765625,891.0
2026-06-25 17:45:00+00:00,4049.699951171875,4052.300048828125,4045.0,4050.199951171875,1189.0
2026-06-25 18:00:00+00:00,4050.5,4051.10009765625,4041.60009765625,4047.699951171875,1089.0
2026-06-25 18:15:00+00:00,4047.800048828125,4059.89990234375,4047.60009765625,4059.699951171875,1001.0
2026-06-25 18:30:00+00:00,4059.60009765625,4059.60009765625,4046.199951171875,4048.300048828125,1782.0
2026-06-25 18:45:00+00:00,4047.89990234375,4051.89990234375,4045.39990234375,4050.39990234375,554.0
2026-06-25 19:00:00+00:00,4051.0,4056.300048828125,4048.300048828125,4055.5,893.0
2026-06-25 19:15:00+00:00,4055.800048828125,4059.699951171875,4050.699951171875,4051.300048828125,1090.0
2026-06-25 19:30:00+00:00,4051.800048828125,4053.10009765625,4047.39990234375,4049.800048828125,1175.0
2026-06-25 19:45:00+00:00,4049.300048828125,4049.39990234375,4036.800048828125,4041.60009765625,3040.0
2026-06-25 20:00:00+00:00,4042.10009765625,4049.800048828125,4040.300048828125,4042.89990234375,509.0
2026-06-25 20:15:00+00:00,4043.300048828125,4045.89990234375,4041.60009765625,4045.60009765625,395.0
2026-06-25 20:30:00+00:00,4045.39990234375,4045.39990234375,4039.5,4041.39990234375,383.0
2026-06-25 20:45:00+00:00,4041.39990234375,4042.300048828125,4039.39990234375,4041.60009765625,349.0
2026-06-25 22:00:00+00:00,4044.39990234375,4046.699951171875,4036.300048828125,4038.199951171875,231.0
2026-06-25 22:15:00+00:00,4038.0,4041.5,4034.5,4039.39990234375,557.0
2026-06-25 22:30:00+00:00,4039.300048828125,4051.60009765625,4039.10009765625,4043.699951171875,792.0
2026-06-25 22:45:00+00:00,4043.699951171875,4045.89990234375,4037.10009765625,4041.39990234375,734.0
2026-06-25 23:00:00+00:00,4041.300048828125,4042.199951171875,4036.5,4038.89990234375,210.0
2026-06-25 23:15:00+00:00,4038.300048828125,4045.699951171875,4037.39990234375,4045.10009765625,183.0
2026-06-25 23:30:00+00:00,4045.5,4045.5,4035.60009765625,4039.199951171875,279.0
2026-06-25 23:45:00+00:00,4039.10009765625,4039.10009765625,4027.5,4030.199951171875,459.0
2026-06-26 00:00:00+00:00,4029.89990234375,4035.0,4026.300048828125,4034.699951171875,680.0
2026-06-26 00:15:00+00:00,4034.39990234375,4038.5,4027.300048828125,4030.39990234375,541.0
2026-06-26 00:30:00+00:00,4030.800048828125,4034.800048828125,4027.5,4034.300048828125,312.0
2026-06-26 00:45:00+00:00,4034.39990234375,4039.60009765625,4030.89990234375,4035.10009765625,798.0
2026-06-26 01:00:00+00:00,4035.60009765625,4044.800048828125,4029.300048828125,4034.800048828125,1132.0
2026-06-26 01:15:00+00:00,4034.39990234375,4041.699951171875,4033.0,4038.0,826.0
2026-06-26 01:30:00+00:00,4038.199951171875,4041.10009765625,4031.5,4035.699951171875,791.0
2026-06-26 01:45:00+00:00,4036.199951171875,4038.5,4029.60009765625,4035.89990234375,698.0
2026-06-26 02:00:00+00:00,4036.199951171875,4038.300048828125,4028.5,4030.5,522.0
2026-06-26 02:15:00+00:00,4029.89990234375,4031.800048828125,4019.0,4022.89990234375,1614.0
2026-06-26 02:30:00+00:00,4022.60009765625,4024.300048828125,4006.300048828125,4007.89990234375,2621.0
2026-06-26 02:45:00+00:00,4007.39990234375,4010.699951171875,3998.10009765625,4006.0,1917.0
2026-06-26 03:00:00+00:00,4005.89990234375,4015.0,4001.800048828125,4012.699951171875,1474.0
2026-06-26 03:15:00+00:00,4013.199951171875,4015.699951171875,4007.5,4010.39990234375,661.0
2026-06-26 03:30:00+00:00,4010.10009765625,4016.800048828125,4008.699951171875,4015.5,462.0
2026-06-26 03:45:00+00:00,4015.300048828125,4022.0,4012.800048828125,4018.60009765625,387.0
2026-06-26 04:00:00+00:00,4019.39990234375,4024.699951171875,4013.800048828125,4023.39990234375,782.0
2026-06-26 04:15:00+00:00,4023.39990234375,4027.60009765625,4021.199951171875,4022.5,497.0
2026-06-26 04:30:00+00:00,4022.60009765625,4023.60009765625,4016.89990234375,4023.10009765625,445.0
2026-06-26 04:45:00+00:00,4023.60009765625,4030.199951171875,4022.199951171875,4026.800048828125,641.0
2026-06-26 05:00:00+00:00,4026.39990234375,4030.5,4021.699951171875,4030.5,315.0
2026-06-26 05:15:00+00:00,4030.800048828125,4034.60009765625,4027.0,4032.10009765625,627.0
2026-06-26 05:30:00+00:00,4031.89990234375,4037.10009765625,4026.300048828125,4026.5,969.0
2026-06-26 05:45:00+00:00,4027.300048828125,4030.699951171875,4021.10009765625,4023.199951171875,981.0
2026-06-26 06:00:00+00:00,4023.199951171875,4027.0,4022.10009765625,4025.0,767.0
2026-06-26 06:15:00+00:00,4025.699951171875,4040.800048828125,4023.89990234375,4039.60009765625,1769.0
2026-06-26 06:30:00+00:00,4039.800048828125,4044.0,4036.199951171875,4040.89990234375,2076.0
2026-06-26 06:45:00+00:00,4041.0,4049.0,4037.39990234375,4047.199951171875,1754.0
2026-06-26 07:00:00+00:00,4047.800048828125,4049.699951171875,4042.5,4043.5,1342.0
2026-06-26 07:15:00+00:00,4043.10009765625,4055.5,4042.60009765625,4053.699951171875,1718.0
2026-06-26 07:30:00+00:00,4053.199951171875,4054.5,4046.39990234375,4046.39990234375,837.0
2026-06-26 07:45:00+00:00,4046.699951171875,4047.300048828125,4042.800048828125,4046.39990234375,620.0
2026-06-26 08:00:00+00:00,4046.10009765625,4048.60009765625,4041.199951171875,4046.39990234375,593.0
2026-06-26 08:15:00+00:00,4046.39990234375,4051.10009765625,4045.5,4050.800048828125,701.0
2026-06-26 08:30:00+00:00,4051.0,4051.60009765625,4047.39990234375,4050.60009765625,467.0
2026-06-26 08:45:00+00:00,4050.800048828125,4053.0,4045.0,4046.10009765625,584.0
2026-06-26 09:00:00+00:00,4045.800048828125,4057.0,4044.60009765625,4054.699951171875,1275.0
2026-06-26 09:15:00+00:00,4055.10009765625,4066.39990234375,4050.0,4063.60009765625,3080.0
2026-06-26 09:30:00+00:00,4063.39990234375,4069.699951171875,4060.5,4063.199951171875,1858.0
2026-06-26 09:45:00+00:00,4063.60009765625,4069.300048828125,4060.800048828125,4062.800048828125,1302.0
2026-06-26 10:00:00+00:00,4062.300048828125,4067.699951171875,4059.699951171875,4066.39990234375,729.0
2026-06-26 10:15:00+00:00,4066.699951171875,4066.800048828125,4057.5,4063.300048828125,868.0
2026-06-26 10:30:00+00:00,4063.300048828125,4069.5,4062.0,4063.60009765625,646.0
2026-06-26 10:45:00+00:00,4063.300048828125,4070.800048828125,4062.5,4069.800048828125,537.0
2026-06-26 11:00:00+00:00,4070.0,4071.0,4062.39990234375,4062.699951171875,949.0
2026-06-26 11:15:00+00:00,4062.60009765625,4069.5,4061.5,4068.10009765625,772.0
2026-06-26 11:30:00+00:00,4068.39990234375,4071.5,4061.39990234375,4061.89990234375,846.0
2026-06-26 11:45:00+00:00,4062.0,4063.60009765625,4057.60009765625,4061.0,1201.0
2026-06-26 12:00:00+00:00,4061.10009765625,4065.89990234375,4058.39990234375,4064.0,679.0
2026-06-26 12:15:00+00:00,4063.800048828125,4066.5,4056.800048828125,4061.39990234375,998.0
2026-06-26 12:30:00+00:00,4061.10009765625,4064.0,4050.60009765625,4055.10009765625,1658.0
2026-06-26 12:45:00+00:00,4054.800048828125,4076.699951171875,4054.0,4074.0,2424.0
2026-06-26 13:00:00+00:00,4074.10009765625,4081.300048828125,4058.0,4065.10009765625,3110.0
2026-06-26 13:15:00+00:00,4065.300048828125,4073.60009765625,4057.699951171875,4071.89990234375,3339.0
2026-06-26 13:30:00+00:00,4071.199951171875,4077.300048828125,4059.39990234375,4077.300048828125,3081.0
2026-06-26 13:45:00+00:00,4077.300048828125,4093.10009765625,4073.0,4088.699951171875,3976.0
2026-06-26 14:00:00+00:00,4088.60009765625,4101.0,4083.0,4097.7998046875,6211.0
2026-06-26 14:15:00+00:00,4097.89990234375,4108.7001953125,4096.7998046875,4099.7001953125,4841.0
2026-06-26 14:30:00+00:00,4099.89990234375,4100.5,4091.300048828125,4097.7001953125,2495.0
2026-06-26 14:45:00+00:00,4098.0,4106.7998046875,4095.60009765625,4095.699951171875,2842.0
2026-06-26 15:00:00+00:00,4095.89990234375,4098.2998046875,4090.699951171875,4094.300048828125,1318.0
2026-06-26 15:15:00+00:00,4094.199951171875,4099.89990234375,4093.0,4099.10009765625,1343.0
2026-06-26 15:30:00+00:00,4099.60009765625,4110.7001953125,4096.60009765625,4110.2001953125,2431.0
2026-06-26 15:45:00+00:00,4110.5,4111.5,4098.5,4106.2998046875,2951.0
2026-06-26 16:00:00+00:00,4106.10009765625,4108.39990234375,4103.60009765625,4106.7998046875,966.0
2026-06-26 16:15:00+00:00,4106.60009765625,4109.2001953125,4098.5,4102.2998046875,1314.0
2026-06-26 16:30:00+00:00,4102.5,4108.60009765625,4097.39990234375,4099.60009765625,1476.0
2026-06-26 16:45:00+00:00,4099.5,4101.89990234375,4098.0,4099.89990234375,1138.0
2026-06-26 17:00:00+00:00,4100.2001953125,4103.39990234375,4097.7001953125,4098.39990234375,1201.0
2026-06-26 17:15:00+00:00,4098.7001953125,4100.2998046875,4095.300048828125,4096.7001953125,2356.0
2026-06-26 17:30:00+00:00,4096.7998046875,4098.39990234375,4089.10009765625,4091.60009765625,1573.0
2026-06-26 17:45:00+00:00,4091.800048828125,4092.60009765625,4088.699951171875,4089.60009765625,629.0
2026-06-26 18:00:00+00:00,4089.89990234375,4094.0,4087.300048828125,4091.60009765625,925.0
2026-06-26 18:15:00+00:00,4091.5,4091.699951171875,4086.0,4088.300048828125,777.0
2026-06-26 18:30:00+00:00,4088.39990234375,4090.300048828125,4086.5,4087.5,378.0
2026-06-26 18:45:00+00:00,4087.199951171875,4087.199951171875,4081.89990234375,4082.199951171875,969.0
2026-06-26 19:00:00+00:00,4082.0,4084.5,4079.0,4084.0,769.0
2026-06-26 19:15:00+00:00,4084.39990234375,4084.39990234375,4079.10009765625,4080.800048828125,675.0
2026-06-26 19:30:00+00:00,4080.699951171875,4085.60009765625,4079.89990234375,4083.199951171875,702.0
2026-06-26 19:45:00+00:00,4083.0,4089.0,4081.60009765625,4086.199951171875,1189.0
2026-06-26 20:00:00+00:00,4086.39990234375,4087.199951171875,4079.0,4082.39990234375,579.0
2026-06-26 20:15:00+00:00,4081.60009765625,4087.10009765625,4080.5,4086.60009765625,455.0
2026-06-26 20:30:00+00:00,4086.39990234375,4086.39990234375,4081.300048828125,4085.300048828125,311.0
2026-06-26 20:45:00+00:00,4085.0,4104.39990234375,4084.60009765625,4096.2998046875,1055.0
2026-06-28 22:00:00+00:00,4089.800048828125,4092.39990234375,4083.800048828125,4083.800048828125,319.0
2026-06-28 22:15:00+00:00,4084.10009765625,4084.300048828125,4067.10009765625,4071.300048828125,1421.0
2026-06-28 22:30:00+00:00,4070.89990234375,4079.60009765625,4069.60009765625,4077.699951171875,626.0
2026-06-28 22:45:00+00:00,4077.5,4083.5,4076.199951171875,4080.800048828125,584.0
2026-06-28 23:00:00+00:00,4080.199951171875,4084.800048828125,4079.5,4079.89990234375,305.0
2026-06-28 23:15:00+00:00,4079.39990234375,4079.39990234375,4069.199951171875,4071.199951171875,498.0
2026-06-28 23:30:00+00:00,4069.89990234375,4077.199951171875,4065.89990234375,4077.199951171875,721.0
2026-06-28 23:45:00+00:00,4077.10009765625,4080.39990234375,4075.300048828125,4076.699951171875,414.0
2026-06-29 00:00:00+00:00,4076.300048828125,4079.0,4068.10009765625,4073.5,784.0
2026-06-29 00:15:00+00:00,4073.199951171875,4076.60009765625,4062.60009765625,4062.60009765625,1045.0
2026-06-29 00:30:00+00:00,4062.800048828125,4083.800048828125,4062.800048828125,4083.300048828125,1214.0
2026-06-29 00:45:00+00:00,4083.5,4088.699951171875,4077.10009765625,4083.89990234375,873.0
2026-06-29 01:00:00+00:00,4083.699951171875,4088.60009765625,4068.0,4069.5,1584.0
2026-06-29 01:15:00+00:00,4069.199951171875,4080.60009765625,4069.10009765625,4074.300048828125,734.0
2026-06-29 01:30:00+00:00,4073.300048828125,4081.0,4070.10009765625,4077.5,481.0
2026-06-29 01:45:00+00:00,4078.39990234375,4078.39990234375,4069.199951171875,4075.800048828125,670.0
2026-06-29 02:00:00+00:00,4075.39990234375,4085.5,4073.699951171875,4076.0,892.0
2026-06-29 02:15:00+00:00,4075.60009765625,4085.300048828125,4074.89990234375,4083.300048828125,468.0
2026-06-29 02:30:00+00:00,4083.39990234375,4086.5,4073.199951171875,4074.699951171875,742.0
2026-06-29 02:45:00+00:00,4075.5,4084.300048828125,4073.60009765625,4080.800048828125,800.0
2026-06-29 03:00:00+00:00,4081.10009765625,4085.300048828125,4079.89990234375,4083.800048828125,193.0
2026-06-29 03:15:00+00:00,4083.5,4090.39990234375,4082.300048828125,4087.0,365.0
2026-06-29 03:30:00+00:00,4087.39990234375,4088.5,4080.0,4082.5,581.0
2026-06-29 03:45:00+00:00,4081.39990234375,4086.0,4081.0,4083.199951171875,186.0
2026-06-29 04:00:00+00:00,4082.800048828125,4083.199951171875,4078.5,4079.60009765625,314.0
2026-06-29 04:15:00+00:00,4079.60009765625,4080.800048828125,4076.5,4079.699951171875,277.0
2026-06-29 04:30:00+00:00,4079.60009765625,4079.699951171875,4066.89990234375,4071.39990234375,1102.0
2026-06-29 04:45:00+00:00,4071.39990234375,4072.0,4063.5,4065.699951171875,605.0
2026-06-29 05:00:00+00:00,4065.5,4071.699951171875,4061.10009765625,4069.89990234375,1030.0
2026-06-29 05:15:00+00:00,4069.800048828125,4071.300048828125,4061.89990234375,4063.699951171875,770.0
2026-06-29 05:30:00+00:00,4063.5,4066.0,4053.800048828125,4064.60009765625,1763.0
2026-06-29 05:45:00+00:00,4065.300048828125,4071.39990234375,4061.199951171875,4069.0,1046.0
2026-06-29 06:00:00+00:00,4068.60009765625,4078.5,4068.10009765625,4073.89990234375,1358.0
2026-06-29 06:15:00+00:00,4073.699951171875,4077.800048828125,4070.60009765625,4075.5,923.0
2026-06-29 06:30:00+00:00,4075.39990234375,4076.5,4069.60009765625,4076.0,755.0
2026-06-29 06:45:00+00:00,4076.10009765625,4079.60009765625,4074.60009765625,4077.0,903.0
2026-06-29 07:00:00+00:00,4077.5,4077.60009765625,4070.699951171875,4073.60009765625,613.0
2026-06-29 07:15:00+00:00,4074.0,4081.10009765625,4072.89990234375,4080.60009765625,687.0
2026-06-29 07:30:00+00:00,4080.89990234375,4080.89990234375,4075.699951171875,4077.10009765625,470.0
2026-06-29 07:45:00+00:00,4077.0,4083.199951171875,4075.39990234375,4076.300048828125,930.0
2026-06-29 08:00:00+00:00,4075.699951171875,4080.60009765625,4074.89990234375,4078.5,404.0
2026-06-29 08:15:00+00:00,4078.39990234375,4080.0,4074.39990234375,4075.5,514.0
2026-06-29 08:30:00+00:00,4075.300048828125,4081.0,4068.800048828125,4069.89990234375,1346.0
2026-06-29 08:45:00+00:00,4069.60009765625,4071.5,4057.5,4060.89990234375,1685.0
2026-06-29 09:00:00+00:00,4061.300048828125,4069.39990234375,4059.199951171875,4064.5,1152.0
2026-06-29 09:15:00+00:00,4063.699951171875,4067.5,4059.300048828125,4061.199951171875,1304.0
2026-06-29 09:30:00+00:00,4061.60009765625,4064.699951171875,4054.39990234375,4057.60009765625,2518.0
2026-06-29 09:45:00+00:00,4057.5,4058.300048828125,4038.10009765625,4045.800048828125,2963.0
2026-06-29 10:00:00+00:00,4046.5,4053.89990234375,4041.5,4053.199951171875,1439.0
2026-06-29 10:15:00+00:00,4052.39990234375,4053.10009765625,4047.10009765625,4051.39990234375,1053.0
2026-06-29 10:30:00+00:00,4051.800048828125,4053.0,4045.89990234375,4049.199951171875,1526.0
2026-06-29 10:45:00+00:00,4048.800048828125,4052.699951171875,4046.800048828125,4051.10009765625,989.0
2026-06-29 11:00:00+00:00,4051.699951171875,4053.0,4046.89990234375,4049.0,498.0
2026-06-29 11:15:00+00:00,4049.0,4050.5,4041.5,4046.199951171875,897.0
2026-06-29 11:30:00+00:00,4046.39990234375,4052.89990234375,4044.10009765625,4049.199951171875,1157.0
2026-06-29 11:45:00+00:00,4049.800048828125,4056.699951171875,4049.10009765625,4053.300048828125,850.0
2026-06-29 12:00:00+00:00,4053.5,4067.0,4052.5,4061.800048828125,1965.0
2026-06-29 12:15:00+00:00,4062.199951171875,4064.199951171875,4051.800048828125,4052.5,1740.0
2026-06-29 12:30:00+00:00,4052.60009765625,4061.5,4051.800048828125,4058.89990234375,1125.0
2026-06-29 12:45:00+00:00,4059.0,4062.300048828125,4056.39990234375,4057.800048828125,879.0
2026-06-29 13:00:00+00:00,4057.800048828125,4066.199951171875,4057.699951171875,4061.39990234375,1290.0
2026-06-29 13:15:00+00:00,4061.39990234375,4064.0,4052.0,4052.0,1116.0
2026-06-29 13:30:00+00:00,4052.300048828125,4058.800048828125,4048.10009765625,4052.60009765625,2115.0
2026-06-29 13:45:00+00:00,4052.39990234375,4054.5,4042.199951171875,4046.39990234375,2020.0
2026-06-29 14:00:00+00:00,4046.60009765625,4049.60009765625,4021.60009765625,4022.800048828125,5808.0
2026-06-29 14:15:00+00:00,4022.300048828125,4042.60009765625,4012.0,4038.89990234375,6827.0
2026-06-29 14:30:00+00:00,4038.800048828125,4042.39990234375,4034.10009765625,4034.89990234375,1423.0
2026-06-29 14:45:00+00:00,4035.300048828125,4044.699951171875,4031.89990234375,4039.5,2028.0
2026-06-29 15:00:00+00:00,4039.89990234375,4040.300048828125,4033.10009765625,4035.39990234375,1117.0
2026-06-29 15:15:00+00:00,4035.699951171875,4041.699951171875,4030.5,4038.39990234375,2082.0
2026-06-29 15:30:00+00:00,4038.60009765625,4040.89990234375,4031.5,4037.199951171875,1832.0
2026-06-29 15:45:00+00:00,4037.0,4045.0,4036.39990234375,4041.5,1820.0
2026-06-29 16:00:00+00:00,4041.5,4043.300048828125,4037.89990234375,4038.39990234375,1128.0
2026-06-29 16:15:00+00:00,4038.199951171875,4041.199951171875,4036.300048828125,4038.199951171875,750.0
2026-06-29 16:30:00+00:00,4038.300048828125,4039.0,4033.0,4035.699951171875,922.0
2026-06-29 16:45:00+00:00,4035.60009765625,4042.5,4035.300048828125,4038.39990234375,1106.0
2026-06-29 17:00:00+00:00,4038.5,4046.699951171875,4037.800048828125,4043.60009765625,1321.0
2026-06-29 17:15:00+00:00,4043.39990234375,4045.300048828125,4036.89990234375,4038.300048828125,2659.0
2026-06-29 17:30:00+00:00,4038.5,4038.89990234375,4035.199951171875,4036.300048828125,643.0
2026-06-29 17:45:00+00:00,4036.699951171875,4037.10009765625,4033.800048828125,4035.300048828125,654.0
2026-06-29 18:00:00+00:00,4035.699951171875,4039.10009765625,4035.0,4038.699951171875,302.0
2026-06-29 18:15:00+00:00,4038.5,4040.0,4034.800048828125,4035.699951171875,616.0
2026-06-29 18:30:00+00:00,4035.699951171875,4036.10009765625,4033.89990234375,4035.300048828125,559.0
2026-06-29 18:45:00+00:00,4035.39990234375,4035.60009765625,4026.10009765625,4027.800048828125,1015.0
2026-06-29 19:00:00+00:00,4027.699951171875,4029.10009765625,4022.199951171875,4022.300048828125,966.0
2026-06-29 19:15:00+00:00,4022.199951171875,4031.5,4019.199951171875,4031.5,1364.0
2026-06-29 19:30:00+00:00,4031.5,4034.39990234375,4030.89990234375,4032.5,475.0
2026-06-29 19:45:00+00:00,4032.60009765625,4033.0,4027.10009765625,4030.39990234375,828.0
2026-06-29 20:00:00+00:00,4030.60009765625,4030.60009765625,4027.199951171875,4028.800048828125,316.0
2026-06-29 20:15:00+00:00,4029.0,4032.5,4029.0,4032.5,220.0
2026-06-29 20:30:00+00:00,4032.5,4032.5,4029.199951171875,4030.199951171875,148.0
2026-06-29 20:45:00+00:00,4030.0,4031.89990234375,4029.0,4030.5,254.0
2026-06-29 22:00:00+00:00,4032.5,4036.5,4030.699951171875,4032.0,154.0
2026-06-29 22:15:00+00:00,4032.800048828125,4034.800048828125,4029.5,4029.89990234375,545.0
2026-06-29 22:30:00+00:00,4029.800048828125,4029.800048828125,4024.300048828125,4024.300048828125,472.0
2026-06-29 22:45:00+00:00,4024.199951171875,4031.300048828125,4023.5,4028.39990234375,838.0
2026-06-29 23:00:00+00:00,4029.0,4035.60009765625,4028.199951171875,4035.10009765625,418.0
2026-06-29 23:15:00+00:00,4034.800048828125,4036.699951171875,4030.0,4031.10009765625,430.0
2026-06-29 23:30:00+00:00,4030.60009765625,4035.60009765625,4027.39990234375,4029.199951171875,503.0
2026-06-29 23:45:00+00:00,4029.0,4032.10009765625,4027.60009765625,4029.39990234375,246.0
2026-06-30 00:00:00+00:00,4028.60009765625,4028.89990234375,4017.10009765625,4024.699951171875,1131.0
2026-06-30 00:15:00+00:00,4024.0,4025.199951171875,4017.699951171875,4019.60009765625,389.0
2026-06-30 00:30:00+00:00,4020.39990234375,4020.39990234375,4004.199951171875,4005.0,2015.0
2026-06-30 00:45:00+00:00,4005.60009765625,4007.60009765625,3992.60009765625,4001.300048828125,2053.0
2026-06-30 01:00:00+00:00,4000.5,4000.800048828125,3955.39990234375,3971.699951171875,7080.0
2026-06-30 01:15:00+00:00,3971.60009765625,3994.199951171875,3963.60009765625,3992.10009765625,3149.0
2026-06-30 01:30:00+00:00,3992.10009765625,3993.10009765625,3979.39990234375,3982.5,1805.0
2026-06-30 01:45:00+00:00,3981.800048828125,3986.89990234375,3974.5,3982.699951171875,1828.0
2026-06-30 02:00:00+00:00,3982.39990234375,3986.800048828125,3965.5,3971.0,2128.0
2026-06-30 02:15:00+00:00,3971.300048828125,3979.0,3969.300048828125,3975.5,1202.0
2026-06-30 02:30:00+00:00,3975.0,3977.0,3967.39990234375,3972.60009765625,818.0
2026-06-30 02:45:00+00:00,3973.0,3983.800048828125,3972.5,3975.800048828125,910.0
2026-06-30 03:00:00+00:00,3976.10009765625,3982.89990234375,3976.0,3979.800048828125,907.0
2026-06-30 03:15:00+00:00,3979.300048828125,3984.199951171875,3976.199951171875,3979.10009765625,1005.0
2026-06-30 03:30:00+00:00,3979.10009765625,3980.0,3973.10009765625,3976.39990234375,466.0
2026-06-30 03:45:00+00:00,3977.10009765625,3984.0,3977.0,3983.800048828125,462.0
2026-06-30 04:00:00+00:00,3982.5,3988.10009765625,3981.300048828125,3985.800048828125,738.0
2026-06-30 04:15:00+00:00,3986.0,3997.10009765625,3985.199951171875,3995.800048828125,846.0
2026-06-30 04:30:00+00:00,3995.800048828125,4011.60009765625,3995.800048828125,4002.199951171875,2042.0
2026-06-30 04:45:00+00:00,4002.199951171875,4005.0,3997.199951171875,3999.199951171875,833.0
2026-06-30 05:00:00+00:00,3999.699951171875,4004.300048828125,3997.800048828125,3998.800048828125,490.0
2026-06-30 05:15:00+00:00,3998.699951171875,4001.300048828125,3992.89990234375,3996.199951171875,746.0
2026-06-30 05:30:00+00:00,3996.300048828125,3998.60009765625,3988.60009765625,3992.5,934.0
2026-06-30 05:45:00+00:00,3992.699951171875,3995.300048828125,3989.800048828125,3991.10009765625,458.0
2026-06-30 06:00:00+00:00,3991.5,4003.39990234375,3991.5,4001.199951171875,779.0
2026-06-30 06:15:00+00:00,4000.89990234375,4027.10009765625,3997.39990234375,4025.5,2367.0
2026-06-30 06:30:00+00:00,4025.300048828125,4047.800048828125,4024.199951171875,4039.10009765625,3594.0
2026-06-30 06:45:00+00:00,4038.300048828125,4047.5,4037.10009765625,4043.5,1699.0
2026-06-30 07:00:00+00:00,4043.699951171875,4044.0,4037.5,4039.300048828125,1025.0
2026-06-30 07:15:00+00:00,4040.0,4048.699951171875,4039.39990234375,4042.300048828125,1341.0
2026-06-30 07:30:00+00:00,4042.699951171875,4046.300048828125,4040.10009765625,4042.800048828125,786.0
2026-06-30 07:45:00+00:00,4042.60009765625,4047.199951171875,4039.60009765625,4046.300048828125,639.0
2026-06-30 08:00:00+00:00,4046.39990234375,4051.800048828125,4035.39990234375,4038.0,1706.0
2026-06-30 08:15:00+00:00,4038.199951171875,4040.39990234375,4033.89990234375,4039.89990234375,1119.0
2026-06-30 08:30:00+00:00,4040.0,4040.699951171875,4029.199951171875,4031.60009765625,1064.0
2026-06-30 08:45:00+00:00,4031.699951171875,4033.699951171875,4027.199951171875,4029.0,980.0
2026-06-30 09:00:00+00:00,4029.0,4035.699951171875,4028.300048828125,4032.39990234375,792.0
2026-06-30 09:15:00+00:00,4032.199951171875,4037.0,4029.699951171875,4031.199951171875,1081.0
2026-06-30 09:30:00+00:00,4031.5,4032.699951171875,4025.89990234375,4032.60009765625,1209.0
2026-06-30 09:45:00+00:00,4032.699951171875,4038.0,4032.300048828125,4038.0,655.0
2026-06-30 10:00:00+00:00,4038.10009765625,4040.699951171875,4035.5,4039.800048828125,708.0
2026-06-30 10:15:00+00:00,4040.10009765625,4042.39990234375,4038.10009765625,4042.39990234375,553.0
2026-06-30 10:30:00+00:00,4042.0,4044.0,4039.10009765625,4041.699951171875,720.0
2026-06-30 10:45:00+00:00,4042.10009765625,4045.5,4040.10009765625,4043.89990234375,1022.0
2026-06-30 11:00:00+00:00,4043.89990234375,4048.0,4039.300048828125,4047.60009765625,997.0
2026-06-30 11:15:00+00:00,4047.800048828125,4048.800048828125,4043.800048828125,4046.199951171875,1008.0
2026-06-30 11:30:00+00:00,4046.0,4049.39990234375,4042.10009765625,4049.10009765625,731.0
2026-06-30 11:45:00+00:00,4048.800048828125,4051.39990234375,4043.39990234375,4047.5,1052.0
2026-06-30 12:00:00+00:00,4048.0,4048.199951171875,4039.89990234375,4040.10009765625,1158.0
2026-06-30 12:15:00+00:00,4040.199951171875,4042.300048828125,4028.699951171875,4030.800048828125,1908.0
2026-06-30 12:30:00+00:00,4030.800048828125,4035.699951171875,4026.199951171875,4032.39990234375,1307.0
2026-06-30 12:45:00+00:00,4032.10009765625,4032.10009765625,4022.10009765625,4023.89990234375,1426.0
2026-06-30 13:00:00+00:00,4023.699951171875,4039.699951171875,4022.89990234375,4037.39990234375,2258.0
2026-06-30 13:15:00+00:00,4037.60009765625,4047.5,4033.0,4038.199951171875,3019.0
2026-06-30 13:30:00+00:00,4038.0,4041.699951171875,4027.199951171875,4039.300048828125,2709.0
2026-06-30 13:45:00+00:00,4039.5,4047.0,4036.5,4043.89990234375,2606.0
2026-06-30 14:00:00+00:00,4044.39990234375,4064.699951171875,4039.5,4058.0,6661.0
2026-06-30 14:15:00+00:00,4057.89990234375,4078.10009765625,4057.699951171875,4068.800048828125,5278.0
2026-06-30 14:30:00+00:00,4069.0,4073.300048828125,4059.199951171875,4065.39990234375,2811.0
2026-06-30 14:45:00+00:00,4065.800048828125,4065.800048828125,4051.800048828125,4052.0,1939.0
2026-06-30 15:00:00+00:00,4052.10009765625,4054.300048828125,4046.60009765625,4050.60009765625,3023.0
2026-06-30 15:15:00+00:00,4050.39990234375,4050.39990234375,4036.39990234375,4042.699951171875,2452.0
2026-06-30 15:30:00+00:00,4043.199951171875,4045.60009765625,4040.699951171875,4043.699951171875,1045.0
2026-06-30 15:45:00+00:00,4043.5,4049.300048828125,4043.199951171875,4044.199951171875,958.0
2026-06-30 16:00:00+00:00,4043.800048828125,4045.0,4040.10009765625,4044.5,857.0
2026-06-30 16:15:00+00:00,4044.60009765625,4046.10009765625,4042.300048828125,4044.5,520.0
2026-06-30 16:30:00+00:00,4044.0,4046.800048828125,4041.89990234375,4045.800048828125,643.0
2026-06-30 16:45:00+00:00,4045.699951171875,4048.5,4040.300048828125,4040.300048828125,1014.0
2026-06-30 17:00:00+00:00,4040.800048828125,4042.5,4034.89990234375,4037.60009765625,2076.0
2026-06-30 17:15:00+00:00,4037.5,4042.800048828125,4036.10009765625,4040.0,3200.0
2026-06-30 17:30:00+00:00,4040.10009765625,4044.60009765625,4039.800048828125,4044.0,895.0
2026-06-30 17:45:00+00:00,4043.89990234375,4047.10009765625,4043.800048828125,4045.5,465.0
2026-06-30 18:00:00+00:00,4045.89990234375,4048.699951171875,4045.5,4047.199951171875,377.0
2026-06-30 18:15:00+00:00,4047.0,4047.800048828125,4045.10009765625,4046.199951171875,395.0
2026-06-30 18:30:00+00:00,4046.5,4046.60009765625,4042.800048828125,4045.699951171875,441.0
2026-06-30 18:45:00+00:00,4045.60009765625,4047.39990234375,4043.300048828125,4043.60009765625,508.0
2026-06-30 19:00:00+00:00,4043.0,4044.199951171875,4038.5,4039.199951171875,888.0
2026-06-30 19:15:00+00:00,4038.699951171875,4040.10009765625,4035.60009765625,4035.60009765625,451.0
2026-06-30 19:30:00+00:00,4036.0,4038.199951171875,4035.300048828125,4036.89990234375,557.0
2026-06-30 19:45:00+00:00,4036.800048828125,4037.300048828125,4029.10009765625,4030.199951171875,1547.0
2026-06-30 20:00:00+00:00,4030.199951171875,4035.10009765625,4028.300048828125,4034.60009765625,818.0
2026-06-30 20:15:00+00:00,4034.800048828125,4036.0,4027.10009765625,4027.39990234375,589.0
2026-06-30 20:30:00+00:00,4027.39990234375,4028.60009765625,4024.5,4025.800048828125,209.0
2026-06-30 20:45:00+00:00,4025.699951171875,4026.300048828125,4020.60009765625,4021.800048828125,451.0
2026-06-30 22:00:00+00:00,4025.0,4030.39990234375,4022.10009765625,4027.5,188.0
2026-06-30 22:15:00+00:00,4028.0,4029.699951171875,4025.199951171875,4027.199951171875,554.0
2026-06-30 22:30:00+00:00,4026.60009765625,4032.0,4026.60009765625,4027.300048828125,240.0
2026-06-30 22:45:00+00:00,4027.10009765625,4029.5,4024.199951171875,4026.39990234375,362.0
2026-06-30 23:00:00+00:00,4026.5,4031.800048828125,4024.300048828125,4027.39990234375,647.0
2026-06-30 23:15:00+00:00,4027.89990234375,4028.5,4021.300048828125,4024.39990234375,386.0
2026-06-30 23:30:00+00:00,4024.300048828125,4025.800048828125,4022.10009765625,4023.199951171875,211.0
2026-06-30 23:45:00+00:00,4022.699951171875,4023.199951171875,4018.0,4018.89990234375,786.0
2026-07-01 00:00:00+00:00,4018.89990234375,4022.699951171875,4018.199951171875,4021.60009765625,369.0
2026-07-01 00:15:00+00:00,4021.699951171875,4022.10009765625,4013.0,4015.0,1013.0
2026-07-01 00:30:00+00:00,4015.0,4018.699951171875,4008.39990234375,4009.5,1002.0
2026-07-01 00:45:00+00:00,4009.39990234375,4012.89990234375,4006.0,4010.199951171875,726.0
2026-07-01 01:00:00+00:00,4010.5,4013.199951171875,3991.60009765625,3997.5,2256.0
2026-07-01 01:15:00+00:00,3996.800048828125,3999.0,3988.60009765625,3998.60009765625,998.0
2026-07-01 01:30:00+00:00,3998.5,4001.60009765625,3987.300048828125,3992.0,1111.0
2026-07-01 01:45:00+00:00,3991.800048828125,3994.800048828125,3986.699951171875,3990.800048828125,1125.0
2026-07-01 02:00:00+00:00,3990.39990234375,3992.699951171875,3983.0,3989.39990234375,1208.0
2026-07-01 02:15:00+00:00,3989.39990234375,3996.0,3988.800048828125,3993.699951171875,868.0
2026-07-01 02:30:00+00:00,3993.60009765625,3999.0,3991.5,3995.89990234375,765.0
2026-07-01 02:45:00+00:00,3996.39990234375,3998.39990234375,3991.199951171875,3991.89990234375,454.0
2026-07-01 03:00:00+00:00,3991.800048828125,3998.5,3991.39990234375,3996.39990234375,638.0
2026-07-01 03:15:00+00:00,3996.300048828125,3999.89990234375,3993.199951171875,3994.10009765625,697.0
2026-07-01 03:30:00+00:00,3994.5,3995.300048828125,3989.10009765625,3990.199951171875,784.0
2026-07-01 03:45:00+00:00,3990.39990234375,3993.10009765625,3989.300048828125,3992.89990234375,450.0
2026-07-01 04:00:00+00:00,3993.39990234375,3993.89990234375,3987.0,3989.0,600.0
2026-07-01 04:15:00+00:00,3988.60009765625,3990.89990234375,3987.300048828125,3990.10009765625,404.0
2026-07-01 04:30:00+00:00,3990.10009765625,3993.5,3985.300048828125,3987.699951171875,653.0
2026-07-01 04:45:00+00:00,3987.5,3995.39990234375,3987.10009765625,3989.199951171875,974.0
2026-07-01 05:00:00+00:00,3989.10009765625,3989.60009765625,3982.300048828125,3984.800048828125,659.0
2026-07-01 05:15:00+00:00,3984.5,3988.0,3982.60009765625,3986.10009765625,549.0
2026-07-01 05:30:00+00:00,3986.39990234375,3991.699951171875,3983.300048828125,3987.60009765625,904.0
2026-07-01 05:45:00+00:00,3986.39990234375,3992.0,3986.300048828125,3986.60009765625,677.0
2026-07-01 06:00:00+00:00,3986.60009765625,3990.300048828125,3976.199951171875,3978.0,1998.0
2026-07-01 06:15:00+00:00,3978.300048828125,3982.60009765625,3975.89990234375,3980.39990234375,1312.0
2026-07-01 06:30:00+00:00,3980.60009765625,3986.60009765625,3976.199951171875,3984.699951171875,1381.0
2026-07-01 06:45:00+00:00,3984.800048828125,3986.60009765625,3981.800048828125,3985.0,1046.0
2026-07-01 07:00:00+00:00,3985.0,3986.699951171875,3973.300048828125,3974.5,1721.0
2026-07-01 07:15:00+00:00,3974.10009765625,3984.89990234375,3973.0,3977.300048828125,1752.0
2026-07-01 07:30:00+00:00,3977.39990234375,3984.5,3973.60009765625,3984.199951171875,1551.0
2026-07-01 07:45:00+00:00,3984.0,3991.0,3982.10009765625,3988.699951171875,2090.0
2026-07-01 08:00:00+00:00,3988.800048828125,3989.300048828125,3982.5,3987.5,793.0
2026-07-01 08:15:00+00:00,3987.5,3997.699951171875,3987.300048828125,3992.0,1629.0
2026-07-01 08:30:00+00:00,3991.89990234375,3992.800048828125,3985.60009765625,3990.199951171875,713.0
2026-07-01 08:45:00+00:00,3990.10009765625,3990.800048828125,3984.5,3987.699951171875,567.0
2026-07-01 09:00:00+00:00,3987.199951171875,3990.800048828125,3985.89990234375,3989.10009765625,529.0
2026-07-01 09:15:00+00:00,3989.0,3993.699951171875,3988.89990234375,3992.300048828125,667.0
2026-07-01 09:30:00+00:00,3991.800048828125,3995.800048828125,3990.800048828125,3994.699951171875,835.0
2026-07-01 09:45:00+00:00,3995.10009765625,3999.300048828125,3995.10009765625,3997.89990234375,878.0
2026-07-01 10:00:00+00:00,3997.800048828125,4003.5,3996.39990234375,3997.60009765625,1052.0
2026-07-01 10:15:00+00:00,3997.800048828125,4000.699951171875,3994.60009765625,4000.5,542.0
2026-07-01 10:30:00+00:00,4000.39990234375,4007.60009765625,4000.0,4000.39990234375,1037.0
2026-07-01 10:45:00+00:00,4000.800048828125,4012.0,4000.199951171875,4011.89990234375,913.0
2026-07-01 11:00:00+00:00,4011.5,4033.0,4011.300048828125,4029.800048828125,2612.0
2026-07-01 11:15:00+00:00,4029.699951171875,4042.60009765625,4028.699951171875,4039.89990234375,2444.0
2026-07-01 11:30:00+00:00,4040.300048828125,4045.800048828125,4036.89990234375,4043.10009765625,1461.0
2026-07-01 11:45:00+00:00,4043.300048828125,4049.39990234375,4042.699951171875,4044.0,1735.0
2026-07-01 12:00:00+00:00,4044.5,4047.800048828125,4033.199951171875,4036.0,2726.0
2026-07-01 12:15:00+00:00,4036.0,4044.199951171875,4035.800048828125,4039.699951171875,1695.0
2026-07-01 12:30:00+00:00,4039.39990234375,4047.199951171875,4037.0,4040.10009765625,2441.0
2026-07-01 12:45:00+00:00,4040.5,4043.0,4036.699951171875,4036.800048828125,1173.0
2026-07-01 13:00:00+00:00,4036.800048828125,4039.10009765625,4026.60009765625,4034.60009765625,2700.0
2026-07-01 13:15:00+00:00,4035.0,4061.699951171875,4035.0,4061.199951171875,6469.0
2026-07-01 13:30:00+00:00,4061.199951171875,4116.0,4055.300048828125,4113.2998046875,10948.0
2026-07-01 13:45:00+00:00,4113.10009765625,4122.60009765625,4099.60009765625,4104.2001953125,8466.0
2026-07-01 14:00:00+00:00,4104.7998046875,4116.39990234375,4096.89990234375,4107.39990234375,6746.0
2026-07-01 14:15:00+00:00,4107.60009765625,4121.5,4103.89990234375,4115.2001953125,4966.0
2026-07-01 14:30:00+00:00,4115.2001953125,4131.0,4106.39990234375,4107.10009765625,5056.0
2026-07-01 14:45:00+00:00,4107.7998046875,4110.10009765625,4100.7998046875,4107.89990234375,2553.0
2026-07-01 15:00:00+00:00,4108.0,4108.7998046875,4095.89990234375,4099.5,2294.0
2026-07-01 15:15:00+00:00,4099.2001953125,4106.39990234375,4092.89990234375,4098.2998046875,2624.0
2026-07-01 15:30:00+00:00,4097.7998046875,4097.7998046875,4090.800048828125,4096.7001953125,2030.0
2026-07-01 15:45:00+00:00,4096.39990234375,4102.60009765625,4093.800048828125,4095.10009765625,1307.0
2026-07-01 16:00:00+00:00,4095.5,4102.89990234375,4095.5,4097.0,1056.0
2026-07-01 16:15:00+00:00,4096.60009765625,4099.5,4095.0,4096.10009765625,707.0
2026-07-01 16:30:00+00:00,4095.89990234375,4097.39990234375,4086.800048828125,4088.10009765625,1392.0
2026-07-01 16:45:00+00:00,4088.699951171875,4090.300048828125,4084.0,4085.0,1170.0
2026-07-01 17:00:00+00:00,4084.89990234375,4087.60009765625,4081.199951171875,4085.0,1371.0
2026-07-01 17:15:00+00:00,4085.300048828125,4085.89990234375,4081.5,4081.800048828125,2329.0
2026-07-01 17:30:00+00:00,4082.0,4087.300048828125,4081.699951171875,4084.800048828125,826.0
2026-07-01 17:45:00+00:00,4084.699951171875,4086.5,4081.0,4082.199951171875,539.0
2026-07-01 18:00:00+00:00,4082.300048828125,4084.699951171875,4081.0,4082.699951171875,617.0
2026-07-01 18:15:00+00:00,4082.800048828125,4083.0,4074.60009765625,4074.89990234375,728.0
2026-07-01 18:30:00+00:00,4075.300048828125,4079.89990234375,4075.0,4076.39990234375,568.0
2026-07-01 18:45:00+00:00,4076.5,4076.89990234375,4071.300048828125,4076.0,791.0
2026-07-01 19:00:00+00:00,4075.5,4082.199951171875,4075.300048828125,4079.199951171875,949.0
2026-07-01 19:15:00+00:00,4079.199951171875,4080.0,4070.300048828125,4072.699951171875,1602.0
2026-07-01 19:30:00+00:00,4072.800048828125,4073.39990234375,4066.199951171875,4067.60009765625,859.0
2026-07-01 19:45:00+00:00,4067.39990234375,4068.0,4048.39990234375,4052.300048828125,2797.0
2026-07-01 20:00:00+00:00,4052.199951171875,4053.60009765625,4042.10009765625,4049.199951171875,1447.0
2026-07-01 20:15:00+00:00,4049.199951171875,4052.800048828125,4048.0,4051.89990234375,381.0
2026-07-01 20:30:00+00:00,4051.60009765625,4052.60009765625,4046.800048828125,4047.5,355.0
2026-07-01 20:45:00+00:00,4047.5,4049.5,4043.800048828125,4044.60009765625,694.0
2026-07-01 22:00:00+00:00,4049.199951171875,4053.60009765625,4045.10009765625,4049.199951171875,291.0
2026-07-01 22:15:00+00:00,4049.39990234375,4051.800048828125,4047.39990234375,4050.60009765625,424.0
2026-07-01 22:30:00+00:00,4050.10009765625,4053.0,4049.0,4052.0,659.0
2026-07-01 22:45:00+00:00,4052.300048828125,4057.199951171875,4052.0,4057.199951171875,472.0
2026-07-01 23:00:00+00:00,4056.800048828125,4057.10009765625,4049.5,4049.60009765625,638.0
2026-07-01 23:15:00+00:00,4050.10009765625,4051.699951171875,4046.10009765625,4049.60009765625,690.0
2026-07-01 23:30:00+00:00,4049.699951171875,4052.89990234375,4046.5,4048.0,396.0
2026-07-01 23:45:00+00:00,4048.0,4049.39990234375,4045.5,4047.39990234375,224.0
2026-07-02 00:00:00+00:00,4047.10009765625,4058.89990234375,4042.800048828125,4057.39990234375,1112.0
2026-07-02 00:15:00+00:00,4056.0,4060.699951171875,4052.10009765625,4058.39990234375,677.0
2026-07-02 00:30:00+00:00,4059.0,4059.39990234375,4050.0,4050.89990234375,671.0
2026-07-02 00:45:00+00:00,4051.39990234375,4065.0,4051.39990234375,4063.5,912.0
2026-07-02 01:00:00+00:00,4063.5,4080.5,4062.39990234375,4076.89990234375,1976.0
2026-07-02 01:15:00+00:00,4077.300048828125,4077.60009765625,4062.199951171875,4065.199951171875,1097.0
2026-07-02 01:30:00+00:00,4065.60009765625,4067.5,4058.0,4059.800048828125,887.0
2026-07-02 01:45:00+00:00,4059.5,4068.800048828125,4057.0,4062.39990234375,641.0
2026-07-02 02:00:00+00:00,4062.60009765625,4063.300048828125,4053.300048828125,4060.5,615.0
2026-07-02 02:15:00+00:00,4060.60009765625,4067.0,4060.199951171875,4063.89990234375,567.0
2026-07-02 02:30:00+00:00,4063.699951171875,4069.39990234375,4060.0,4068.300048828125,600.0
2026-07-02 02:45:00+00:00,4068.5,4073.199951171875,4066.5,4069.199951171875,565.0
2026-07-02 03:00:00+00:00,4069.39990234375,4072.0,4067.699951171875,4069.89990234375,464.0
2026-07-02 03:15:00+00:00,4069.89990234375,4079.199951171875,4069.89990234375,4077.199951171875,952.0
2026-07-02 03:30:00+00:00,4077.300048828125,4080.0,4073.800048828125,4078.0,796.0
2026-07-02 03:45:00+00:00,4078.199951171875,4086.300048828125,4075.0,4082.300048828125,864.0
2026-07-02 04:00:00+00:00,4082.10009765625,4085.0,4080.199951171875,4082.39990234375,452.0
2026-07-02 04:15:00+00:00,4082.5,4082.60009765625,4076.199951171875,4077.89990234375,411.0
2026-07-02 04:30:00+00:00,4077.800048828125,4078.699951171875,4073.300048828125,4075.39990234375,279.0
2026-07-02 04:45:00+00:00,4075.199951171875,4077.10009765625,4072.699951171875,4073.199951171875,359.0
2026-07-02 05:00:00+00:00,4073.10009765625,4073.39990234375,4066.199951171875,4067.5,737.0
2026-07-02 05:15:00+00:00,4067.60009765625,4074.60009765625,4066.699951171875,4069.60009765625,694.0
2026-07-02 05:30:00+00:00,4069.699951171875,4078.10009765625,4065.199951171875,4074.0,1098.0
2026-07-02 05:45:00+00:00,4073.699951171875,4079.800048828125,4072.199951171875,4078.199951171875,724.0
2026-07-02 06:00:00+00:00,4078.300048828125,4088.10009765625,4077.89990234375,4080.89990234375,1554.0
2026-07-02 06:15:00+00:00,4081.0,4092.5,4079.699951171875,4086.60009765625,1301.0
2026-07-02 06:30:00+00:00,4086.800048828125,4089.699951171875,4078.5,4080.699951171875,654.0
2026-07-02 06:45:00+00:00,4080.60009765625,4089.10009765625,4079.300048828125,4086.199951171875,859.0
2026-07-02 07:00:00+00:00,4086.0,4086.89990234375,4079.60009765625,4080.10009765625,734.0
2026-07-02 07:15:00+00:00,4079.800048828125,4080.89990234375,4073.5,4075.5,851.0
2026-07-02 07:30:00+00:00,4075.300048828125,4088.199951171875,4073.39990234375,4086.800048828125,790.0
2026-07-02 07:45:00+00:00,4086.800048828125,4087.10009765625,4076.10009765625,4076.60009765625,525.0
2026-07-02 08:00:00+00:00,4076.5,4086.60009765625,4073.60009765625,4081.89990234375,839.0
2026-07-02 08:15:00+00:00,4082.39990234375,4090.199951171875,4080.89990234375,4087.199951171875,703.0
2026-07-02 08:30:00+00:00,4087.300048828125,4090.39990234375,4084.39990234375,4087.60009765625,753.0
2026-07-02 08:45:00+00:00,4087.89990234375,4092.60009765625,4085.39990234375,4089.10009765625,931.0
2026-07-02 09:00:00+00:00,4088.39990234375,4089.5,4082.0,4085.0,584.0
2026-07-02 09:15:00+00:00,4084.699951171875,4086.300048828125,4078.5,4079.89990234375,765.0
2026-07-02 09:30:00+00:00,4080.0,4084.300048828125,4075.699951171875,4081.5,1411.0
2026-07-02 09:45:00+00:00,4081.60009765625,4084.699951171875,4076.89990234375,4077.60009765625,806.0
2026-07-02 10:00:00+00:00,4077.89990234375,4079.10009765625,4075.0,4075.800048828125,810.0
2026-07-02 10:15:00+00:00,4075.699951171875,4080.699951171875,4074.5,4078.699951171875,755.0
2026-07-02 10:30:00+00:00,4078.699951171875,4081.60009765625,4075.800048828125,4077.199951171875,841.0
2026-07-02 10:45:00+00:00,4077.0,4080.300048828125,4074.199951171875,4078.60009765625,898.0
2026-07-02 11:00:00+00:00,4079.10009765625,4079.39990234375,4069.699951171875,4075.699951171875,1397.0
2026-07-02 11:15:00+00:00,4075.800048828125,4079.39990234375,4074.89990234375,4077.199951171875,1246.0
2026-07-02 11:30:00+00:00,4077.800048828125,4083.800048828125,4075.39990234375,4083.300048828125,839.0
2026-07-02 11:45:00+00:00,4083.5,4084.5,4077.5,4077.5,866.0
2026-07-02 12:00:00+00:00,4077.300048828125,4085.800048828125,4073.39990234375,4076.300048828125,1549.0
2026-07-02 12:15:00+00:00,4076.60009765625,4082.10009765625,4074.10009765625,4078.39990234375,1674.0
2026-07-02 12:30:00+00:00,4078.199951171875,4154.2001953125,4076.699951171875,4145.5,16592.0
2026-07-02 12:45:00+00:00,4145.7001953125,4147.2001953125,4124.7001953125,4130.5,5510.0
2026-07-02 13:00:00+00:00,4130.7998046875,4143.2001953125,4128.7001953125,4137.2001953125,4582.0
2026-07-02 13:15:00+00:00,4136.7998046875,4137.2001953125,4121.7001953125,4125.7998046875,2601.0
2026-07-02 13:30:00+00:00,4125.39990234375,4151.2998046875,4122.60009765625,4147.10009765625,5093.0
2026-07-02 13:45:00+00:00,4147.60009765625,4157.10009765625,4145.39990234375,4149.7998046875,3560.0
2026-07-02 14:00:00+00:00,4149.60009765625,4151.60009765625,4136.89990234375,4141.2998046875,3085.0
2026-07-02 14:15:00+00:00,4141.39990234375,4149.2998046875,4127.0,4129.10009765625,2840.0
2026-07-02 14:30:00+00:00,4129.60009765625,4138.7998046875,4127.7001953125,4131.5,2562.0
2026-07-02 14:45:00+00:00,4131.89990234375,4143.0,4129.0,4141.89990234375,1778.0
2026-07-02 15:00:00+00:00,4141.89990234375,4144.7001953125,4127.7998046875,4139.89990234375,2564.0
2026-07-02 15:15:00+00:00,4139.7001953125,4144.60009765625,4133.60009765625,4135.7001953125,2377.0
2026-07-02 15:30:00+00:00,4135.7001953125,4144.2998046875,4135.60009765625,4138.5,1211.0
2026-07-02 15:45:00+00:00,4138.2998046875,4143.2001953125,4137.2001953125,4141.39990234375,844.0
2026-07-02 16:00:00+00:00,4141.7001953125,4143.2001953125,4134.60009765625,4136.39990234375,948.0
2026-07-02 16:15:00+00:00,4136.5,4137.0,4127.7998046875,4129.0,1408.0
2026-07-02 16:30:00+00:00,4128.60009765625,4129.60009765625,4113.0,4127.5,3109.0
2026-07-02 16:45:00+00:00,4127.7001953125,4133.89990234375,4126.89990234375,4131.2001953125,1234.0
2026-07-02 17:00:00+00:00,4131.10009765625,4133.2998046875,4126.5,4131.39990234375,1316.0
2026-07-02 17:15:00+00:00,4131.39990234375,4133.10009765625,4124.2998046875,4125.89990234375,2776.0
2026-07-02 17:30:00+00:00,4125.5,4127.60009765625,4118.7998046875,4120.39990234375,938.0
2026-07-02 17:45:00+00:00,4120.0,4123.2001953125,4118.5,4119.5,669.0
2026-07-02 18:00:00+00:00,4119.7001953125,4137.0,4118.60009765625,4131.89990234375,1179.0
2026-07-02 18:15:00+00:00,4132.7998046875,4136.2998046875,4128.7001953125,4136.2001953125,595.0
2026-07-02 18:30:00+00:00,4136.10009765625,4140.60009765625,4134.2998046875,4134.7001953125,800.0
2026-07-02 18:45:00+00:00,4134.39990234375,4137.5,4133.0,4135.89990234375,508.0
2026-07-02 19:00:00+00:00,4136.2001953125,4137.5,4126.2001953125,4127.7001953125,675.0
2026-07-02 19:15:00+00:00,4127.39990234375,4128.0,4121.2998046875,4125.89990234375,483.0
2026-07-02 19:30:00+00:00,4125.89990234375,4127.89990234375,4124.39990234375,4126.60009765625,399.0
2026-07-02 19:45:00+00:00,4126.7001953125,4137.10009765625,4125.7001953125,4134.0,974.0
2026-07-02 20:00:00+00:00,4134.2001953125,4135.7998046875,4129.39990234375,4133.0,842.0
2026-07-02 20:15:00+00:00,4132.89990234375,4138.2998046875,4132.2001953125,4136.7001953125,566.0
2026-07-02 20:30:00+00:00,4136.5,4138.0,4134.0,4134.2001953125,383.0
2026-07-02 20:45:00+00:00,4133.7998046875,4137.10009765625,4131.7998046875,4135.5,442.0
2026-07-02 22:00:00+00:00,4138.0,4141.10009765625,4137.2001953125,4137.7998046875,125.0
2026-07-02 22:15:00+00:00,4137.39990234375,4138.0,4135.10009765625,4137.0,276.0
2026-07-02 22:30:00+00:00,4136.7998046875,4138.7998046875,4135.10009765625,4135.89990234375,113.0
2026-07-02 22:45:00+00:00,4136.0,4138.89990234375,4135.39990234375,4137.10009765625,182.0
2026-07-02 23:00:00+00:00,4137.2001953125,4139.7998046875,4136.89990234375,4138.2001953125,175.0
2026-07-02 23:15:00+00:00,4137.60009765625,4142.7001953125,4137.0,4142.2998046875,366.0
2026-07-02 23:30:00+00:00,4142.10009765625,4149.10009765625,4133.7998046875,4137.60009765625,989.0
2026-07-02 23:45:00+00:00,4137.89990234375,4144.60009765625,4137.0,4139.2001953125,807.0
2026-07-03 00:00:00+00:00,4139.0,4150.60009765625,4135.89990234375,4147.5,954.0
2026-07-03 00:15:00+00:00,4147.5,4154.0,4144.7998046875,4150.39990234375,849.0
2026-07-03 00:30:00+00:00,4150.2998046875,4152.5,4145.89990234375,4149.5,397.0
2026-07-03 00:45:00+00:00,4148.5,4164.0,4147.5,4160.0,1110.0
2026-07-03 01:00:00+00:00,4159.7998046875,4192.0,4159.5,4188.7001953125,3089.0
2026-07-03 01:15:00+00:00,4188.7001953125,4206.7001953125,4186.10009765625,4199.7998046875,2911.0
2026-07-03 01:30:00+00:00,4199.7001953125,4208.2998046875,4191.2001953125,4192.2001953125,2329.0
2026-07-03 01:45:00+00:00,4192.2001953125,4196.60009765625,4187.7998046875,4194.89990234375,1089.0
2026-07-03 02:00:00+00:00,4194.5,4196.7998046875,4189.60009765625,4192.60009765625,465.0
2026-07-03 02:15:00+00:00,4192.2001953125,4194.2998046875,4189.2998046875,4191.89990234375,429.0
2026-07-03 02:30:00+00:00,4192.0,4199.89990234375,4190.89990234375,4196.5,1040.0
2026-07-03 02:45:00+00:00,4196.7998046875,4199.7001953125,4192.0,4196.7998046875,887.0
2026-07-03 03:00:00+00:00,4196.7998046875,4197.5,4192.7998046875,4195.7001953125,542.0
2026-07-03 03:15:00+00:00,4196.2001953125,4196.60009765625,4192.39990234375,4194.5,358.0
2026-07-03 03:30:00+00:00,4194.89990234375,4196.0,4190.2001953125,4190.60009765625,717.0
2026-07-03 03:45:00+00:00,4190.5,4192.39990234375,4188.39990234375,4188.5,447.0
2026-07-05 22:00:00+00:00,4187.5,4199.7001953125,4184.39990234375,4192.7001953125,1221.0
2026-07-05 22:15:00+00:00,4193.5,4197.89990234375,4187.2998046875,4197.39990234375,561.0
2026-07-05 22:30:00+00:00,4196.2998046875,4203.5,4187.2998046875,4200.10009765625,655.0
2026-07-05 22:45:00+00:00,4200.2001953125,4202.39990234375,4187.2998046875,4200.10009765625,698.0
2026-07-05 23:00:00+00:00,4200.60009765625,4203.5,4187.2998046875,4199.60009765625,528.0
2026-07-05 23:15:00+00:00,4199.5,4214.10009765625,4198.5,4212.10009765625,995.0
2026-07-05 23:30:00+00:00,4212.2998046875,4213.7001953125,4187.2998046875,4208.7001953125,864.0
2026-07-05 23:45:00+00:00,4208.2998046875,4209.2998046875,4187.2998046875,4195.2001953125,1121.0
2026-07-06 00:00:00+00:00,4195.7998046875,4197.5,4182.39990234375,4186.89990234375,994.0
2026-07-06 00:15:00+00:00,4187.2998046875,4193.89990234375,4183.0,4186.39990234375,752.0
2026-07-06 00:30:00+00:00,4187.10009765625,4199.60009765625,4186.2001953125,4197.60009765625,736.0
2026-07-06 00:45:00+00:00,4198.2001953125,4200.7001953125,4186.0,4191.60009765625,934.0
2026-07-06 01:00:00+00:00,4190.5,4204.39990234375,4184.2998046875,4200.60009765625,1460.0
2026-07-06 01:15:00+00:00,4200.60009765625,4204.7998046875,4187.2998046875,4201.39990234375,711.0
2026-07-06 01:30:00+00:00,4201.5,4212.7001953125,4187.2998046875,4209.89990234375,1115.0
2026-07-06 01:45:00+00:00,4209.10009765625,4215.5,4197.7001953125,4198.10009765625,1141.0
2026-07-06 02:00:00+00:00,4198.5,4200.10009765625,4187.2998046875,4193.2001953125,1250.0
2026-07-06 02:15:00+00:00,4193.10009765625,4198.60009765625,4187.2998046875,4189.39990234375,954.0
2026-07-06 02:30:00+00:00,4189.2998046875,4190.60009765625,4180.2998046875,4183.7001953125,977.0
2026-07-06 02:45:00+00:00,4184.7998046875,4187.39990234375,4181.89990234375,4185.5,445.0
2026-07-06 03:00:00+00:00,4185.89990234375,4187.89990234375,4177.10009765625,4178.39990234375,1097.0
2026-07-06 03:15:00+00:00,4178.10009765625,4187.2998046875,4174.10009765625,4177.5,571.0
2026-07-06 03:30:00+00:00,4177.2001953125,4187.2998046875,4172.7001953125,4174.5,436.0
2026-07-06 03:45:00+00:00,4174.5,4178.60009765625,4173.0,4177.0,305.0
2026-07-06 04:00:00+00:00,4177.0,4178.39990234375,4172.5,4175.39990234375,288.0
2026-07-06 04:15:00+00:00,4175.0,4187.2998046875,4171.7998046875,4173.2998046875,360.0
2026-07-06 04:30:00+00:00,4173.2001953125,4187.2998046875,4169.2001953125,4172.10009765625,504.0
2026-07-06 04:45:00+00:00,4171.7998046875,4172.89990234375,4169.7998046875,4171.5,334.0
2026-07-06 05:00:00+00:00,4171.2001953125,4187.2998046875,4162.60009765625,4163.5,892.0
2026-07-06 05:15:00+00:00,4163.7001953125,4187.2998046875,4161.89990234375,4164.2001953125,606.0
2026-07-06 05:30:00+00:00,4164.2998046875,4187.2998046875,4161.0,4167.0,979.0
2026-07-06 05:45:00+00:00,4166.60009765625,4187.2998046875,4156.39990234375,4159.7001953125,804.0
2026-07-06 06:00:00+00:00,4159.5,4164.10009765625,4156.7998046875,4163.7001953125,734.0
2026-07-06 06:15:00+00:00,4163.5,4187.2998046875,4160.0,4168.2998046875,656.0
2026-07-06 06:30:00+00:00,4168.2998046875,4187.2998046875,4164.89990234375,4167.39990234375,849.0
2026-07-06 06:45:00+00:00,4167.7001953125,4187.2998046875,4160.5,4161.89990234375,492.0
2026-07-06 07:00:00+00:00,4162.0,4187.2998046875,4158.7001953125,4162.39990234375,734.0
2026-07-06 07:15:00+00:00,4162.89990234375,4167.60009765625,4161.7998046875,4165.5,862.0
2026-07-06 07:30:00+00:00,4164.7998046875,4187.2998046875,4162.7001953125,4175.2998046875,802.0
2026-07-06 07:45:00+00:00,4175.5,4187.2998046875,4173.7001953125,4175.7001953125,613.0
2026-07-06 08:00:00+00:00,4176.39990234375,4187.2998046875,4168.39990234375,4169.39990234375,803.0
2026-07-06 08:15:00+00:00,4169.60009765625,4187.2998046875,4164.2998046875,4167.2001953125,915.0
2026-07-06 08:30:00+00:00,4167.10009765625,4167.39990234375,4160.0,4160.39990234375,762.0
2026-07-06 08:45:00+00:00,4160.5,4187.2998046875,4158.10009765625,4161.7998046875,493.0
2026-07-06 09:00:00+00:00,4161.60009765625,4187.2998046875,4159.2998046875,4161.2998046875,376.0
2026-07-06 09:15:00+00:00,4161.10009765625,4187.2998046875,4153.39990234375,4155.89990234375,1490.0
2026-07-06 09:30:00+00:00,4155.10009765625,4187.2998046875,4148.39990234375,4151.89990234375,2648.0
2026-07-06 09:45:00+00:00,4151.2998046875,4157.10009765625,4151.10009765625,4155.5,535.0
2026-07-06 10:00:00+00:00,4155.5,4187.2998046875,4154.60009765625,4160.39990234375,445.0
2026-07-06 10:15:00+00:00,4160.5,4187.2998046875,4159.7998046875,4161.10009765625,744.0
2026-07-06 10:30:00+00:00,4161.0,4187.2998046875,4160.89990234375,4166.7998046875,721.0
2026-07-06 10:45:00+00:00,4166.89990234375,4187.2998046875,4164.7001953125,4167.39990234375,499.0
2026-07-06 11:00:00+00:00,4167.2998046875,4168.7001953125,4164.10009765625,4167.2998046875,452.0
2026-07-06 11:15:00+00:00,4167.39990234375,4187.2998046875,4166.0,4167.89990234375,652.0
2026-07-06 11:30:00+00:00,4167.5,4187.2998046875,4164.7998046875,4165.7001953125,422.0
2026-07-06 11:45:00+00:00,4166.2001953125,4187.2998046875,4163.89990234375,4167.39990234375,376.0
2026-07-06 12:00:00+00:00,4167.39990234375,4187.2998046875,4165.5,4168.0,656.0
2026-07-06 12:15:00+00:00,4168.2001953125,4169.7998046875,4156.60009765625,4157.7001953125,1446.0
2026-07-06 12:30:00+00:00,4157.5,4187.2998046875,4143.2998046875,4144.89990234375,2331.0
2026-07-06 12:45:00+00:00,4145.10009765625,4187.2998046875,4144.89990234375,4151.39990234375,1950.0
2026-07-06 13:00:00+00:00,4151.89990234375,4160.7001953125,4148.89990234375,4153.60009765625,2300.0
2026-07-06 13:15:00+00:00,4153.39990234375,4187.2998046875,4150.7001953125,4154.7998046875,1770.0
2026-07-06 13:30:00+00:00,4154.2998046875,4162.60009765625,4154.2998046875,4161.5,1641.0
2026-07-06 13:45:00+00:00,4161.5,4187.2998046875,4147.10009765625,4153.0,2440.0
2026-07-06 14:00:00+00:00,4152.5,4187.2998046875,4145.7998046875,4152.5,3297.0
2026-07-06 14:15:00+00:00,4153.2998046875,4153.2998046875,4144.7001953125,4149.10009765625,2130.0
2026-07-06 14:30:00+00:00,4149.7001953125,4187.2998046875,4140.60009765625,4142.60009765625,2098.0
2026-07-06 14:45:00+00:00,4142.2001953125,4150.7998046875,4141.10009765625,4150.2001953125,1346.0
2026-07-06 15:00:00+00:00,4150.60009765625,4187.2998046875,4149.7998046875,4151.39990234375,1734.0
2026-07-06 15:15:00+00:00,4151.60009765625,4187.2998046875,4150.5,4162.2001953125,1694.0
2026-07-06 15:30:00+00:00,4162.2998046875,4164.0,4158.89990234375,4161.60009765625,1346.0
2026-07-06 15:45:00+00:00,4162.10009765625,4187.2998046875,4156.10009765625,4159.89990234375,1047.0
2026-07-06 16:00:00+00:00,4160.10009765625,4187.2998046875,4152.0,4152.0,1847.0
2026-07-06 16:15:00+00:00,4152.2998046875,4187.2998046875,4152.10009765625,4157.2001953125,1143.0
2026-07-06 16:30:00+00:00,4157.5,4187.2998046875,4157.2001953125,4161.39990234375,546.0
2026-07-06 16:45:00+00:00,4161.2001953125,4168.10009765625,4160.60009765625,4166.89990234375,973.0
2026-07-06 17:00:00+00:00,4166.89990234375,4187.2998046875,4164.10009765625,4165.39990234375,1000.0
2026-07-06 17:15:00+00:00,4165.5,4187.2998046875,4162.10009765625,4167.5,2738.0
2026-07-06 17:30:00+00:00,4167.2001953125,4187.2998046875,4166.39990234375,4168.39990234375,849.0
2026-07-06 17:45:00+00:00,4168.0,4187.2998046875,4167.60009765625,4172.89990234375,528.0
2026-07-06 18:00:00+00:00,4173.2998046875,4173.7998046875,4167.10009765625,4170.0,944.0
2026-07-06 18:15:00+00:00,4170.2001953125,4187.2998046875,4170.2001953125,4173.89990234375,495.0
2026-07-06 18:30:00+00:00,4173.7998046875,4187.2998046875,4171.60009765625,4176.2998046875,1056.0
2026-07-06 18:45:00+00:00,4175.7998046875,4187.2998046875,4173.7998046875,4175.7998046875,379.0
2026-07-06 19:00:00+00:00,4175.7998046875,4187.2998046875,4170.7998046875,4171.2001953125,547.0
2026-07-06 19:15:00+00:00,4171.10009765625,4175.5,4170.5,4174.7998046875,383.0
2026-07-06 19:30:00+00:00,4175.0,4187.2998046875,4171.5,4173.10009765625,323.0
2026-07-06 19:45:00+00:00,4173.10009765625,4187.2998046875,4172.7998046875,4175.5,671.0
2026-07-06 20:00:00+00:00,4175.39990234375,4187.2998046875,4172.7998046875,4172.7998046875,196.0
2026-07-06 20:15:00+00:00,4172.7001953125,4187.2998046875,4172.60009765625,4174.39990234375,100.0
2026-07-06 20:30:00+00:00,4174.2998046875,4176.5,4174.2001953125,4175.0,128.0
2026-07-06 20:45:00+00:00,4174.60009765625,4187.2998046875,4174.60009765625,4187.2998046875,173.0
2026-07-06 22:00:00+00:00,4176.39990234375,4179.0,4174.60009765625,4177.39990234375,103.0
2026-07-06 22:15:00+00:00,4177.7001953125,4178.7001953125,4176.2998046875,4177.10009765625,86.0
2026-07-06 22:30:00+00:00,4177.5,4179.5,4177.2001953125,4178.2998046875,239.0
2026-07-06 22:45:00+00:00,4178.2998046875,4179.10009765625,4175.2001953125,4175.89990234375,139.0
2026-07-06 23:00:00+00:00,4175.39990234375,4176.60009765625,4174.0,4176.60009765625,166.0
2026-07-06 23:15:00+00:00,4176.39990234375,4176.39990234375,4174.0,4174.2998046875,55.0
2026-07-06 23:30:00+00:00,4174.0,4176.39990234375,4172.0,4173.0,165.0
2026-07-06 23:45:00+00:00,4173.10009765625,4174.89990234375,4168.0,4168.7001953125,398.0
2026-07-07 00:00:00+00:00,4168.5,4169.7001953125,4164.5,4167.60009765625,433.0
2026-07-07 00:15:00+00:00,4168.0,4172.2001953125,4163.39990234375,4171.39990234375,458.0
2026-07-07 00:30:00+00:00,4171.7001953125,4174.5,4159.7001953125,4161.60009765625,661.0
2026-07-07 00:45:00+00:00,4160.7998046875,4165.5,4156.10009765625,4157.2001953125,650.0
2026-07-07 01:00:00+00:00,4157.2998046875,4160.2001953125,4149.60009765625,4153.7001953125,1545.0
2026-07-07 01:15:00+00:00,4153.2998046875,4155.0,4137.60009765625,4144.2998046875,1725.0
2026-07-07 01:30:00+00:00,4144.2001953125,4154.39990234375,4143.7998046875,4153.89990234375,907.0
2026-07-07 01:45:00+00:00,4154.39990234375,4158.60009765625,4152.5,4153.89990234375,823.0
2026-07-07 02:00:00+00:00,4154.0,4156.5,4149.5,4154.0,516.0
2026-07-07 02:15:00+00:00,4154.2998046875,4157.0,4149.7001953125,4152.2998046875,665.0
2026-07-07 02:30:00+00:00,4152.0,4156.5,4147.7998046875,4150.60009765625,665.0
2026-07-07 02:45:00+00:00,4151.2001953125,4151.2998046875,4142.7998046875,4147.89990234375,773.0
2026-07-07 03:00:00+00:00,4147.7998046875,4151.39990234375,4146.5,4148.2001953125,297.0
2026-07-07 03:15:00+00:00,4147.7998046875,4148.89990234375,4140.10009765625,4143.7998046875,610.0
2026-07-07 03:30:00+00:00,4143.10009765625,4146.2001953125,4138.39990234375,4140.39990234375,545.0
2026-07-07 03:45:00+00:00,4140.5,4142.7001953125,4135.2001953125,4141.7998046875,731.0
2026-07-07 04:00:00+00:00,4142.39990234375,4152.39990234375,4141.7001953125,4147.60009765625,760.0
2026-07-07 04:15:00+00:00,4147.7001953125,4148.89990234375,4142.0,4143.2001953125,424.0
2026-07-07 04:30:00+00:00,4143.2998046875,4143.2998046875,4139.60009765625,4139.60009765625,442.0
2026-07-07 04:45:00+00:00,4139.89990234375,4142.10009765625,4136.7998046875,4137.60009765625,284.0
2026-07-07 05:00:00+00:00,4137.60009765625,4142.2001953125,4133.0,4133.10009765625,891.0
2026-07-07 05:15:00+00:00,4133.10009765625,4140.0,4131.89990234375,4139.5,789.0
2026-07-07 05:30:00+00:00,4139.7001953125,4140.0,4127.7001953125,4133.5,1442.0
2026-07-07 05:45:00+00:00,4133.7001953125,4138.2001953125,4131.60009765625,4135.2001953125,583.0
2026-07-07 06:00:00+00:00,4135.0,4140.7998046875,4132.5,4135.10009765625,816.0
2026-07-07 06:15:00+00:00,4135.0,4140.89990234375,4134.5,4138.10009765625,608.0
2026-07-07 06:30:00+00:00,4138.0,4143.89990234375,4136.2001953125,4143.7998046875,462.0
2026-07-07 06:45:00+00:00,4143.7998046875,4144.39990234375,4139.7001953125,4141.7001953125,458.0
2026-07-07 07:00:00+00:00,4141.89990234375,4142.60009765625,4135.7998046875,4140.7001953125,845.0
2026-07-07 07:15:00+00:00,4140.7001953125,4143.39990234375,4137.2001953125,4138.2998046875,386.0
2026-07-07 07:30:00+00:00,4138.2998046875,4142.39990234375,4137.0,4141.39990234375,388.0
2026-07-07 07:45:00+00:00,4141.10009765625,4144.60009765625,4135.39990234375,4135.7998046875,901.0
2026-07-07 08:00:00+00:00,4135.39990234375,4150.89990234375,4135.39990234375,4148.5,1266.0
2026-07-07 08:15:00+00:00,4148.60009765625,4150.2998046875,4145.5,4150.0,729.0
2026-07-07 08:30:00+00:00,4150.10009765625,4150.7001953125,4139.2001953125,4142.10009765625,1292.0
2026-07-07 08:45:00+00:00,4142.10009765625,4142.2001953125,4132.7001953125,4137.10009765625,974.0
2026-07-07 09:00:00+00:00,4136.89990234375,4140.10009765625,4135.39990234375,4138.7001953125,580.0
2026-07-07 09:15:00+00:00,4138.5,4142.2001953125,4130.60009765625,4132.5,1194.0
2026-07-07 09:30:00+00:00,4132.60009765625,4144.60009765625,4132.39990234375,4143.7001953125,1361.0
2026-07-07 09:45:00+00:00,4143.7001953125,4144.10009765625,4136.2998046875,4142.39990234375,541.0
2026-07-07 10:00:00+00:00,4142.39990234375,4146.39990234375,4142.39990234375,4143.60009765625,522.0
2026-07-07 10:15:00+00:00,4144.0,4150.5,4143.2001953125,4148.89990234375,625.0
2026-07-07 10:30:00+00:00,4149.10009765625,4149.10009765625,4146.0,4147.2001953125,417.0
2026-07-07 10:45:00+00:00,4147.2001953125,4148.7998046875,4145.0,4147.10009765625,448.0
2026-07-07 11:00:00+00:00,4147.10009765625,4147.39990234375,4143.0,4144.10009765625,655.0
2026-07-07 11:15:00+00:00,4144.2998046875,4156.7998046875,4144.2998046875,4154.2001953125,1102.0
2026-07-07 11:30:00+00:00,4154.10009765625,4160.5,4150.7998046875,4159.60009765625,1395.0
2026-07-07 11:45:00+00:00,4159.5,4170.0,4158.39990234375,4168.60009765625,2126.0
2026-07-07 12:00:00+00:00,4168.60009765625,4186.7001953125,4166.0,4185.2001953125,4764.0
2026-07-07 12:15:00+00:00,4185.39990234375,4187.0,4174.5,4177.7998046875,2947.0
2026-07-07 12:30:00+00:00,4177.2998046875,4180.0,4173.2001953125,4178.0,2256.0
2026-07-07 12:45:00+00:00,4177.7998046875,4184.5,4175.89990234375,4184.10009765625,1557.0
2026-07-07 13:00:00+00:00,4184.10009765625,4190.60009765625,4171.2998046875,4182.60009765625,3312.0
2026-07-07 13:15:00+00:00,4182.5,4183.89990234375,4175.5,4177.2998046875,1466.0
2026-07-07 13:30:00+00:00,4177.60009765625,4192.39990234375,4174.7001953125,4189.39990234375,4141.0
2026-07-07 13:45:00+00:00,4189.39990234375,4192.0,4167.2998046875,4170.0,3392.0
2026-07-07 14:00:00+00:00,4169.7001953125,4175.10009765625,4161.89990234375,4163.2998046875,3994.0
2026-07-07 14:15:00+00:00,4162.89990234375,4170.7998046875,4162.0,4169.0,2004.0
2026-07-07 14:30:00+00:00,4169.7998046875,4170.7998046875,4154.5,4163.39990234375,2858.0
2026-07-07 14:45:00+00:00,4163.2001953125,4168.7998046875,4163.0,4165.0,1491.0
2026-07-07 15:00:00+00:00,4165.0,4166.7001953125,4159.2998046875,4159.60009765625,2110.0
2026-07-07 15:15:00+00:00,4159.7001953125,4159.7001953125,4152.60009765625,4154.0,1484.0
2026-07-07 15:30:00+00:00,4154.0,4159.2998046875,4153.0,4157.5,1131.0
2026-07-07 15:45:00+00:00,4157.2998046875,4159.0,4146.89990234375,4150.10009765625,1464.0
2026-07-07 16:00:00+00:00,4150.39990234375,4155.0,4148.2001953125,4152.39990234375,1044.0
2026-07-07 16:15:00+00:00,4152.2001953125,4158.7001953125,4152.10009765625,4157.5,1291.0
2026-07-07 16:30:00+00:00,4157.2998046875,4158.10009765625,4153.7001953125,4154.7001953125,828.0
2026-07-07 16:45:00+00:00,4154.89990234375,4158.2998046875,4152.2001953125,4156.60009765625,920.0
2026-07-07 17:00:00+00:00,4156.7001953125,4158.5,4153.60009765625,4154.39990234375,545.0
2026-07-07 17:15:00+00:00,4154.2001953125,4158.2998046875,4151.7998046875,4157.5,1753.0
2026-07-07 17:30:00+00:00,4157.7001953125,4159.7998046875,4156.10009765625,4158.0,1531.0
2026-07-07 17:45:00+00:00,4158.7001953125,4158.7001953125,4154.2998046875,4155.89990234375,273.0
2026-07-07 18:00:00+00:00,4156.0,4156.5,4152.2001953125,4153.7998046875,353.0
2026-07-07 18:15:00+00:00,4153.7001953125,4155.7998046875,4151.2998046875,4153.10009765625,479.0
2026-07-07 18:30:00+00:00,4152.89990234375,4153.7998046875,4147.7001953125,4153.0,636.0
2026-07-07 18:45:00+00:00,4153.7001953125,4154.0,4136.10009765625,4138.0,2734.0
2026-07-07 19:00:00+00:00,4137.89990234375,4138.7001953125,4113.60009765625,4116.60009765625,4805.0
2026-07-07 19:15:00+00:00,4116.10009765625,4117.7001953125,4102.7001953125,4114.2998046875,4379.0
2026-07-07 19:30:00+00:00,4114.2998046875,4125.89990234375,4114.2998046875,4120.0,1825.0
2026-07-07 19:45:00+00:00,4120.2998046875,4128.89990234375,4119.2001953125,4125.10009765625,2243.0
2026-07-07 20:00:00+00:00,4125.2998046875,4126.7001953125,4123.10009765625,4123.7001953125,554.0
2026-07-07 20:15:00+00:00,4124.0,4124.0,4117.2998046875,4121.60009765625,797.0
2026-07-07 20:30:00+00:00,4121.5,4121.7998046875,4115.39990234375,4116.2998046875,446.0
2026-07-07 20:45:00+00:00,4116.39990234375,4117.7001953125,4114.2001953125,4116.60009765625,356.0
2026-07-07 22:00:00+00:00,4106.5,4116.89990234375,4104.0,4114.5,682.0
2026-07-07 22:15:00+00:00,4114.7001953125,4115.10009765625,4110.39990234375,4110.5,300.0
2026-07-07 22:30:00+00:00,4110.2001953125,4113.39990234375,4109.39990234375,4112.0,441.0
2026-07-07 22:45:00+00:00,4111.7998046875,4111.7998046875,4106.60009765625,4109.5,843.0
2026-07-07 23:00:00+00:00,4109.0,4118.89990234375,4107.2998046875,4116.60009765625,1243.0
2026-07-07 23:15:00+00:00,4116.39990234375,4117.7998046875,4111.7998046875,4116.0,611.0
2026-07-07 23:30:00+00:00,4115.89990234375,4116.2998046875,4107.89990234375,4109.2001953125,609.0
2026-07-07 23:45:00+00:00,4108.7998046875,4112.0,4106.2998046875,4108.7998046875,520.0
2026-07-08 00:00:00+00:00,4108.5,4114.39990234375,4107.39990234375,4110.2998046875,396.0
2026-07-08 00:15:00+00:00,4111.5,4118.60009765625,4109.10009765625,4115.5,594.0
2026-07-08 00:30:00+00:00,4116.2998046875,4137.10009765625,4114.7001953125,4134.2001953125,1664.0
2026-07-08 00:45:00+00:00,4134.5,4136.0,4122.10009765625,4122.5,973.0
2026-07-08 01:00:00+00:00,4122.7998046875,4129.0,4109.5,4119.39990234375,2410.0
2026-07-08 01:15:00+00:00,4119.39990234375,4121.10009765625,4113.0,4113.7998046875,814.0
2026-07-08 01:30:00+00:00,4113.39990234375,4116.60009765625,4106.7998046875,4114.10009765625,1133.0
2026-07-08 01:45:00+00:00,4113.5,4123.7998046875,4112.7998046875,4122.2998046875,976.0
2026-07-08 02:00:00+00:00,4122.2001953125,4129.39990234375,4116.5,4123.2998046875,1177.0
2026-07-08 02:15:00+00:00,4123.7001953125,4135.5,4123.5,4129.5,955.0
2026-07-08 02:30:00+00:00,4129.5,4131.7998046875,4127.0,4131.10009765625,588.0
2026-07-08 02:45:00+00:00,4131.10009765625,4131.2998046875,4124.0,4125.0,403.0
2026-07-08 03:00:00+00:00,4125.5,4141.5,4125.5,4138.89990234375,1275.0
2026-07-08 03:15:00+00:00,4138.7001953125,4142.2998046875,4135.7001953125,4141.2998046875,665.0
2026-07-08 03:30:00+00:00,4141.39990234375,4142.2998046875,4136.7998046875,4138.2001953125,316.0
2026-07-08 03:45:00+00:00,4137.5,4140.2001953125,4133.60009765625,4133.7001953125,534.0
2026-07-08 04:00:00+00:00,4134.2001953125,4139.39990234375,4132.5,4135.2001953125,651.0
2026-07-08 04:15:00+00:00,4135.0,4137.7998046875,4131.39990234375,4136.60009765625,1001.0
2026-07-08 04:30:00+00:00,4136.60009765625,4139.10009765625,4132.89990234375,4136.0,481.0
2026-07-08 04:45:00+00:00,4136.0,4137.7001953125,4134.2001953125,4135.89990234375,287.0
2026-07-08 05:00:00+00:00,4135.89990234375,4144.60009765625,4135.7001953125,4136.39990234375,652.0
2026-07-08 05:15:00+00:00,4136.2998046875,4140.2998046875,4132.39990234375,4132.5,521.0
2026-07-08 05:30:00+00:00,4132.2998046875,4142.0,4131.2998046875,4138.5,678.0
2026-07-08 05:45:00+00:00,4139.2998046875,4140.5,4135.0,4138.5,399.0
2026-07-08 06:00:00+00:00,4138.7998046875,4142.10009765625,4132.89990234375,4141.39990234375,780.0
2026-07-08 06:15:00+00:00,4141.7998046875,4144.7001953125,4139.5,4140.89990234375,694.0
2026-07-08 06:30:00+00:00,4140.2998046875,4140.5,4135.2001953125,4137.7001953125,731.0
2026-07-08 06:45:00+00:00,4137.39990234375,4138.10009765625,4133.89990234375,4134.0,410.0
2026-07-08 07:00:00+00:00,4134.39990234375,4135.7998046875,4126.7998046875,4129.0,963.0
2026-07-08 07:15:00+00:00,4128.89990234375,4132.60009765625,4125.39990234375,4131.5,846.0
2026-07-08 07:30:00+00:00,4131.89990234375,4138.89990234375,4129.0,4138.89990234375,1203.0
2026-07-08 07:45:00+00:00,4138.89990234375,4139.0,4130.0,4132.0,782.0
2026-07-08 08:00:00+00:00,4132.0,4132.5,4127.5,4128.7001953125,897.0
2026-07-08 08:15:00+00:00,4129.0,4132.2001953125,4090.89990234375,4099.5,7462.0
2026-07-08 08:30:00+00:00,4099.5,4102.7998046875,4071.5,4077.0,5986.0
2026-07-08 08:45:00+00:00,4076.39990234375,4087.0,4062.199951171875,4066.800048828125,4935.0
2026-07-08 09:00:00+00:00,4066.60009765625,4067.0,4060.39990234375,4066.300048828125,2203.0
2026-07-08 09:15:00+00:00,4065.699951171875,4071.300048828125,4064.10009765625,4066.800048828125,2812.0
2026-07-08 09:30:00+00:00,4067.0,4068.89990234375,4054.800048828125,4058.800048828125,2912.0
2026-07-08 09:45:00+00:00,4058.60009765625,4063.199951171875,4051.60009765625,4053.10009765625,1681.0
2026-07-08 10:00:00+00:00,4053.5,4058.300048828125,4050.0,4054.5,1866.0
2026-07-08 10:15:00+00:00,4054.60009765625,4066.10009765625,4053.39990234375,4061.0,1708.0
2026-07-08 10:30:00+00:00,4060.60009765625,4068.699951171875,4060.199951171875,4067.5,1226.0
2026-07-08 10:45:00+00:00,4067.800048828125,4069.0,4062.89990234375,4062.89990234375,846.0
2026-07-08 11:00:00+00:00,4062.89990234375,4067.199951171875,4058.10009765625,4060.800048828125,1113.0
2026-07-08 11:15:00+00:00,4060.39990234375,4064.800048828125,4057.5,4060.5,995.0
2026-07-08 11:30:00+00:00,4060.0,4076.300048828125,4051.5,4074.5,2989.0
2026-07-08 11:45:00+00:00,4074.5,4083.0,4069.199951171875,4072.300048828125,3127.0
2026-07-08 12:00:00+00:00,4071.89990234375,4083.60009765625,4068.5,4081.800048828125,2392.0
2026-07-08 12:15:00+00:00,4082.199951171875,4087.60009765625,4075.199951171875,4081.0,2088.0
2026-07-08 12:30:00+00:00,4080.89990234375,4088.699951171875,4077.89990234375,4088.39990234375,1660.0
2026-07-08 12:45:00+00:00,4088.5,4096.7998046875,4081.10009765625,4082.89990234375,4500.0
2026-07-08 13:00:00+00:00,4082.5,4093.800048828125,4080.39990234375,4082.89990234375,3787.0
2026-07-08 13:15:00+00:00,4082.800048828125,4086.89990234375,4075.800048828125,4077.5,2552.0
2026-07-08 13:30:00+00:00,4077.5,4091.5,4077.39990234375,4084.199951171875,2810.0
2026-07-08 13:45:00+00:00,4083.89990234375,4090.10009765625,4079.0,4081.60009765625,2924.0
2026-07-08 14:00:00+00:00,4081.10009765625,4082.0,4067.699951171875,4068.300048828125,5174.0
2026-07-08 14:15:00+00:00,4068.199951171875,4076.39990234375,4062.0,4071.5,3824.0
2026-07-08 14:30:00+00:00,4071.0,4072.39990234375,4045.10009765625,4046.800048828125,6659.0
2026-07-08 14:45:00+00:00,4046.800048828125,4057.10009765625,4044.0,4051.800048828125,3611.0
2026-07-08 15:00:00+00:00,4052.0,4054.300048828125,4044.199951171875,4044.60009765625,2207.0
2026-07-08 15:15:00+00:00,4044.5,4046.699951171875,4036.699951171875,4041.5,4094.0
2026-07-08 15:30:00+00:00,4042.0,4044.300048828125,4032.5,4042.89990234375,3060.0
2026-07-08 15:45:00+00:00,4042.800048828125,4048.60009765625,4039.800048828125,4044.10009765625,2074.0
2026-07-08 16:00:00+00:00,4044.5,4053.5,4043.39990234375,4049.89990234375,2144.0
2026-07-08 16:15:00+00:00,4050.0,4055.89990234375,4048.0,4053.89990234375,1432.0
2026-07-08 16:30:00+00:00,4053.60009765625,4068.300048828125,4049.5,4066.60009765625,3615.0
2026-07-08 16:45:00+00:00,4066.39990234375,4075.0,4063.300048828125,4073.89990234375,2571.0
2026-07-08 17:00:00+00:00,4073.89990234375,4080.699951171875,4069.39990234375,4075.0,2510.0
2026-07-08 17:15:00+00:00,4075.199951171875,4084.699951171875,4073.5,4083.39990234375,6621.0
2026-07-08 17:30:00+00:00,4083.5,4086.89990234375,4079.39990234375,4080.5,2775.0
2026-07-08 17:45:00+00:00,4080.300048828125,4081.0,4074.699951171875,4076.39990234375,968.0
2026-07-08 18:00:00+00:00,4075.800048828125,4086.39990234375,4073.800048828125,4085.699951171875,1778.0
2026-07-08 18:15:00+00:00,4086.0,4086.10009765625,4078.0,4080.800048828125,707.0
2026-07-08 18:30:00+00:00,4080.5,4090.0,4077.60009765625,4089.89990234375,1352.0
2026-07-08 18:45:00+00:00,4089.800048828125,4101.60009765625,4089.0,4094.10009765625,1852.0
2026-07-08 19:00:00+00:00,4095.0,4101.0,4094.699951171875,4097.7998046875,856.0
2026-07-08 19:15:00+00:00,4097.2998046875,4098.60009765625,4094.800048828125,4098.5,871.0
2026-07-08 19:30:00+00:00,4098.60009765625,4101.39990234375,4093.39990234375,4094.10009765625,1082.0
2026-07-08 19:45:00+00:00,4093.89990234375,4094.39990234375,4088.5,4090.199951171875,1491.0
2026-07-08 20:00:00+00:00,4090.5,4093.5,4086.199951171875,4089.199951171875,943.0
2026-07-08 20:15:00+00:00,4089.0,4089.39990234375,4084.10009765625,4086.60009765625,637.0
2026-07-08 20:30:00+00:00,4086.699951171875,4088.60009765625,4081.39990234375,4085.10009765625,458.0
2026-07-08 20:45:00+00:00,4084.699951171875,4089.800048828125,4082.39990234375,4086.60009765625,364.0
2026-07-08 22:00:00+00:00,4087.60009765625,4089.199951171875,4081.199951171875,4086.300048828125,176.0
2026-07-08 22:15:00+00:00,4086.10009765625,4088.699951171875,4082.699951171875,4083.800048828125,263.0
2026-07-08 22:30:00+00:00,4084.0,4088.800048828125,4083.0,4086.0,369.0
2026-07-08 22:45:00+00:00,4085.699951171875,4089.60009765625,4085.5,4085.699951171875,748.0
2026-07-08 23:00:00+00:00,4086.300048828125,4086.800048828125,4083.60009765625,4086.5,299.0
2026-07-08 23:15:00+00:00,4086.300048828125,4087.5,4084.800048828125,4086.89990234375,96.0
2026-07-08 23:30:00+00:00,4086.800048828125,4087.0,4083.10009765625,4084.89990234375,185.0
2026-07-08 23:45:00+00:00,4084.89990234375,4087.39990234375,4081.10009765625,4085.60009765625,477.0
2026-07-09 00:00:00+00:00,4087.5,4097.0,4086.39990234375,4096.7998046875,960.0
2026-07-09 00:15:00+00:00,4096.89990234375,4099.10009765625,4083.60009765625,4087.39990234375,861.0
2026-07-09 00:30:00+00:00,4087.89990234375,4091.10009765625,4084.699951171875,4086.60009765625,686.0
2026-07-09 00:45:00+00:00,4086.10009765625,4088.10009765625,4079.199951171875,4082.800048828125,782.0
2026-07-09 01:00:00+00:00,4083.199951171875,4088.199951171875,4074.10009765625,4083.199951171875,1498.0
2026-07-09 01:15:00+00:00,4083.5,4086.0,4075.89990234375,4075.89990234375,716.0
2026-07-09 01:30:00+00:00,4076.39990234375,4084.39990234375,4071.39990234375,4082.199951171875,1232.0
2026-07-09 01:45:00+00:00,4081.800048828125,4085.199951171875,4077.699951171875,4081.800048828125,813.0
2026-07-09 02:00:00+00:00,4081.89990234375,4089.0,4080.800048828125,4088.0,954.0
2026-07-09 02:15:00+00:00,4087.39990234375,4091.89990234375,4086.199951171875,4089.300048828125,793.0
2026-07-09 02:30:00+00:00,4089.300048828125,4090.60009765625,4078.699951171875,4079.699951171875,923.0
2026-07-09 02:45:00+00:00,4079.800048828125,4080.800048828125,4073.10009765625,4073.800048828125,764.0
2026-07-09 03:00:00+00:00,4073.39990234375,4076.300048828125,4064.10009765625,4067.89990234375,1091.0
2026-07-09 03:15:00+00:00,4067.60009765625,4070.199951171875,4063.39990234375,4067.39990234375,636.0
2026-07-09 03:30:00+00:00,4067.0,4072.60009765625,4065.60009765625,4071.0,317.0
2026-07-09 03:45:00+00:00,4071.300048828125,4072.800048828125,4070.199951171875,4072.10009765625,235.0
2026-07-09 04:00:00+00:00,4073.60009765625,4073.60009765625,4068.39990234375,4069.60009765625,372.0
2026-07-09 04:15:00+00:00,4069.60009765625,4070.199951171875,4066.5,4067.5,959.0
2026-07-09 04:30:00+00:00,4068.0,4073.60009765625,4065.89990234375,4067.39990234375,883.0
2026-07-09 04:45:00+00:00,4067.199951171875,4073.699951171875,4065.89990234375,4073.699951171875,544.0
2026-07-09 05:00:00+00:00,4073.699951171875,4085.300048828125,4073.0,4082.89990234375,1739.0
2026-07-09 05:15:00+00:00,4083.10009765625,4083.39990234375,4076.199951171875,4081.39990234375,562.0
2026-07-09 05:30:00+00:00,4082.0,4086.300048828125,4073.800048828125,4085.0,1518.0
2026-07-09 05:45:00+00:00,4085.300048828125,4093.800048828125,4083.39990234375,4091.39990234375,1125.0
2026-07-09 06:00:00+00:00,4091.300048828125,4109.2998046875,4090.800048828125,4101.5,2580.0
2026-07-09 06:15:00+00:00,4101.2998046875,4112.60009765625,4101.0,4111.2001953125,1724.0
2026-07-09 06:30:00+00:00,4111.7998046875,4116.7001953125,4105.60009765625,4112.5,1770.0
2026-07-09 06:45:00+00:00,4112.2998046875,4117.7001953125,4112.0,4117.7001953125,842.0
2026-07-09 07:00:00+00:00,4117.2998046875,4119.89990234375,4111.2998046875,4111.2998046875,1128.0
2026-07-09 07:15:00+00:00,4111.39990234375,4119.5,4111.39990234375,4118.60009765625,973.0
2026-07-09 07:30:00+00:00,4118.60009765625,4120.89990234375,4113.2998046875,4118.89990234375,910.0
2026-07-09 07:45:00+00:00,4118.60009765625,4121.0,4114.2001953125,4117.89990234375,704.0
2026-07-09 08:00:00+00:00,4117.89990234375,4120.39990234375,4115.0,4117.7998046875,745.0
2026-07-09 08:15:00+00:00,4118.0,4127.39990234375,4117.60009765625,4124.39990234375,1833.0
2026-07-09 08:30:00+00:00,4124.2001953125,4126.0,4119.2998046875,4122.89990234375,816.0
2026-07-09 08:45:00+00:00,4123.10009765625,4123.10009765625,4116.7998046875,4117.89990234375,803.0
2026-07-09 09:00:00+00:00,4118.0,4118.7998046875,4115.2001953125,4117.5,523.0
2026-07-09 09:15:00+00:00,4117.7001953125,4121.39990234375,4116.5,4117.5,756.0
2026-07-09 09:30:00+00:00,4117.5,4119.5,4112.60009765625,4113.2998046875,897.0
2026-07-09 09:45:00+00:00,4113.10009765625,4116.7998046875,4112.60009765625,4115.7001953125,445.0
2026-07-09 10:00:00+00:00,4115.7998046875,4119.2001953125,4113.39990234375,4114.5,811.0
2026-07-09 10:15:00+00:00,4114.60009765625,4116.10009765625,4113.39990234375,4113.7998046875,372.0
2026-07-09 10:30:00+00:00,4113.2001953125,4114.60009765625,4111.0,4112.7998046875,618.0
2026-07-09 10:45:00+00:00,4112.7998046875,4113.2998046875,4102.7998046875,4108.0,2118.0
2026-07-09 11:00:00+00:00,4108.2001953125,4114.60009765625,4106.89990234375,4113.60009765625,1047.0
2026-07-09 11:15:00+00:00,4114.5,4116.7998046875,4108.2998046875,4109.5,1061.0
2026-07-09 11:30:00+00:00,4109.7998046875,4119.39990234375,4108.2001953125,4116.0,1290.0
2026-07-09 11:45:00+00:00,4116.0,4120.39990234375,4114.39990234375,4118.7001953125,874.0
2026-07-09 12:00:00+00:00,4118.7001953125,4130.2998046875,4115.7001953125,4122.60009765625,1874.0
2026-07-09 12:15:00+00:00,4122.7998046875,4123.2998046875,4114.7998046875,4116.7001953125,1829.0
2026-07-09 12:30:00+00:00,4117.0,4132.39990234375,4116.2998046875,4122.5,4480.0
2026-07-09 12:45:00+00:00,4122.89990234375,4124.5,4116.7998046875,4117.7001953125,1574.0
2026-07-09 13:00:00+00:00,4117.5,4131.0,4116.60009765625,4130.60009765625,2388.0
2026-07-09 13:15:00+00:00,4130.7001953125,4137.2998046875,4128.39990234375,4135.7001953125,3009.0
2026-07-09 13:30:00+00:00,4136.10009765625,4139.60009765625,4129.39990234375,4137.2998046875,3970.0
2026-07-09 13:45:00+00:00,4137.2998046875,4137.7001953125,4127.60009765625,4131.7001953125,3056.0
2026-07-09 14:00:00+00:00,4131.2998046875,4147.39990234375,4129.7998046875,4131.7998046875,4730.0
2026-07-09 14:15:00+00:00,4132.10009765625,4135.7001953125,4123.7001953125,4134.2998046875,3348.0
2026-07-09 14:30:00+00:00,4134.7001953125,4136.60009765625,4130.39990234375,4133.89990234375,1613.0
2026-07-09 14:45:00+00:00,4134.10009765625,4138.0,4127.89990234375,4137.2998046875,1779.0
2026-07-09 15:00:00+00:00,4137.7001953125,4140.7998046875,4134.60009765625,4135.2998046875,1425.0
2026-07-09 15:15:00+00:00,4135.10009765625,4140.60009765625,4134.60009765625,4137.7001953125,1661.0
2026-07-09 15:30:00+00:00,4137.5,4141.2998046875,4136.10009765625,4139.89990234375,1864.0
2026-07-09 15:45:00+00:00,4140.2001953125,4143.0,4136.10009765625,4136.39990234375,1488.0
2026-07-09 16:00:00+00:00,4136.7998046875,4141.39990234375,4135.39990234375,4140.2001953125,883.0
2026-07-09 16:15:00+00:00,4140.10009765625,4143.60009765625,4138.7998046875,4142.89990234375,989.0
2026-07-09 16:30:00+00:00,4142.2998046875,4148.39990234375,4141.2001953125,4143.7001953125,1625.0
2026-07-09 16:45:00+00:00,4143.2998046875,4144.2001953125,4137.7001953125,4137.7001953125,2219.0
2026-07-09 17:00:00+00:00,4137.7998046875,4138.60009765625,4135.2998046875,4137.2001953125,2047.0
2026-07-09 17:15:00+00:00,4136.7998046875,4141.89990234375,4134.5,4141.60009765625,4732.0
2026-07-09 17:30:00+00:00,4141.7001953125,4144.2998046875,4139.10009765625,4142.0,2470.0
2026-07-09 17:45:00+00:00,4141.89990234375,4148.2998046875,4141.7998046875,4146.10009765625,2215.0
2026-07-09 18:00:00+00:00,4145.89990234375,4146.5,4137.10009765625,4138.7001953125,999.0
2026-07-09 18:15:00+00:00,4138.39990234375,4138.39990234375,4132.7001953125,4133.7998046875,1022.0
2026-07-09 18:30:00+00:00,4133.7998046875,4135.2001953125,4131.10009765625,4135.2001953125,652.0
2026-07-09 18:45:00+00:00,4135.2001953125,4135.2998046875,4132.10009765625,4134.5,382.0
2026-07-09 19:00:00+00:00,4134.10009765625,4136.89990234375,4132.60009765625,4134.10009765625,420.0
2026-07-09 19:15:00+00:00,4134.2998046875,4135.0,4130.2998046875,4130.60009765625,477.0
2026-07-09 19:30:00+00:00,4130.60009765625,4132.2998046875,4128.2998046875,4130.0,706.0
2026-07-09 19:45:00+00:00,4130.2001953125,4133.39990234375,4129.7998046875,4132.39990234375,716.0
2026-07-09 20:00:00+00:00,4132.10009765625,4133.89990234375,4130.2998046875,4131.2001953125,272.0
2026-07-09 20:15:00+00:00,4131.2001953125,4132.2998046875,4130.0,4130.60009765625,105.0
2026-07-09 20:30:00+00:00,4130.39990234375,4135.10009765625,4130.2998046875,4133.89990234375,389.0
2026-07-09 20:45:00+00:00,4133.5,4134.0,4132.2998046875,4132.60009765625,207.0
2026-07-09 22:00:00+00:00,4135.39990234375,4136.7998046875,4130.7998046875,4132.7998046875,306.0
2026-07-09 22:15:00+00:00,4132.5,4134.0,4131.5,4132.60009765625,148.0
2026-07-09 22:30:00+00:00,4132.10009765625,4134.0,4131.5,4132.7001953125,280.0
2026-07-09 22:45:00+00:00,4133.0,4133.2001953125,4130.5,4130.7001953125,288.0
2026-07-09 23:00:00+00:00,4130.7998046875,4133.89990234375,4130.10009765625,4133.0,145.0
2026-07-09 23:15:00+00:00,4133.2998046875,4134.2001953125,4130.2998046875,4131.39990234375,238.0
2026-07-09 23:30:00+00:00,4131.2001953125,4132.2998046875,4130.10009765625,4132.0,62.0
2026-07-09 23:45:00+00:00,4132.0,4133.89990234375,4130.89990234375,4132.60009765625,143.0
2026-07-10 00:00:00+00:00,4132.5,4134.60009765625,4129.0,4131.89990234375,447.0
2026-07-10 00:15:00+00:00,4132.39990234375,4132.89990234375,4125.7998046875,4128.60009765625,597.0
2026-07-10 00:30:00+00:00,4128.39990234375,4133.0,4123.5,4132.39990234375,559.0
2026-07-10 00:45:00+00:00,4132.0,4137.7998046875,4130.2998046875,4135.7998046875,849.0
2026-07-10 01:00:00+00:00,4136.2001953125,4140.7998046875,4128.10009765625,4134.0,1168.0
2026-07-10 01:15:00+00:00,4134.5,4137.5,4129.89990234375,4130.7998046875,523.0
2026-07-10 01:30:00+00:00,4131.7001953125,4133.2001953125,4118.60009765625,4121.10009765625,1645.0
2026-07-10 01:45:00+00:00,4121.39990234375,4130.7998046875,4118.2998046875,4127.10009765625,768.0
2026-07-10 02:00:00+00:00,4126.7001953125,4138.60009765625,4125.89990234375,4134.7001953125,870.0
2026-07-10 02:15:00+00:00,4134.7998046875,4137.89990234375,4131.39990234375,4135.7998046875,485.0
2026-07-10 02:30:00+00:00,4135.2998046875,4138.39990234375,4131.2001953125,4135.2998046875,527.0
2026-07-10 02:45:00+00:00,4135.2001953125,4138.89990234375,4133.2998046875,4137.60009765625,341.0
2026-07-10 03:00:00+00:00,4137.5,4144.60009765625,4136.0,4136.39990234375,1119.0
2026-07-10 03:15:00+00:00,4136.60009765625,4138.2998046875,4130.39990234375,4135.10009765625,810.0
2026-07-10 03:30:00+00:00,4134.7001953125,4137.5,4130.7001953125,4131.10009765625,532.0
2026-07-10 03:45:00+00:00,4130.7998046875,4131.7998046875,4128.89990234375,4129.5,332.0
2026-07-10 04:00:00+00:00,4128.7998046875,4130.39990234375,4126.0,4130.10009765625,454.0
2026-07-10 04:15:00+00:00,4130.0,4130.5,4121.2001953125,4126.5,913.0
2026-07-10 04:30:00+00:00,4126.2001953125,4128.7998046875,4125.89990234375,4128.2001953125,170.0
2026-07-10 04:45:00+00:00,4128.2001953125,4128.2001953125,4123.60009765625,4123.89990234375,239.0
2026-07-10 05:00:00+00:00,4124.10009765625,4125.2001953125,4122.0,4122.7998046875,204.0
2026-07-10 05:15:00+00:00,4123.10009765625,4126.0,4121.7001953125,4123.0,523.0
2026-07-10 05:30:00+00:00,4122.7998046875,4124.10009765625,4117.7001953125,4122.7998046875,900.0
2026-07-10 05:45:00+00:00,4122.2998046875,4126.0,4117.0,4125.5,594.0
2026-07-10 06:00:00+00:00,4125.5,4128.10009765625,4123.39990234375,4123.7998046875,561.0
2026-07-10 06:15:00+00:00,4123.7001953125,4129.0,4122.5,4123.39990234375,550.0
2026-07-10 06:30:00+00:00,4123.2998046875,4125.10009765625,4120.0,4120.60009765625,599.0
2026-07-10 06:45:00+00:00,4120.2001953125,4123.2001953125,4120.10009765625,4120.60009765625,487.0
2026-07-10 07:00:00+00:00,4120.2998046875,4122.5,4117.7001953125,4120.2001953125,1078.0
2026-07-10 07:15:00+00:00,4120.39990234375,4124.39990234375,4117.5,4121.5,687.0
2026-07-10 07:30:00+00:00,4121.7001953125,4123.5,4114.2001953125,4115.60009765625,712.0
2026-07-10 07:45:00+00:00,4116.0,4118.7001953125,4113.0,4117.89990234375,1063.0
2026-07-10 08:00:00+00:00,4117.60009765625,4118.2998046875,4112.7998046875,4116.2998046875,973.0
2026-07-10 08:15:00+00:00,4116.39990234375,4117.7998046875,4111.7998046875,4113.10009765625,600.0
2026-07-10 08:30:00+00:00,4112.7001953125,4114.2998046875,4108.2001953125,4110.60009765625,899.0
2026-07-10 08:45:00+00:00,4110.39990234375,4110.39990234375,4103.2998046875,4106.5,1795.0
2026-07-10 09:00:00+00:00,4106.5,4110.0,4103.0,4109.60009765625,1069.0
2026-07-10 09:15:00+00:00,4109.5,4112.7001953125,4108.7998046875,4111.7001953125,1245.0
2026-07-10 09:30:00+00:00,4111.5,4113.2001953125,4107.60009765625,4112.0,806.0
2026-07-10 09:45:00+00:00,4112.10009765625,4114.5,4111.2001953125,4113.7001953125,439.0
2026-07-10 10:00:00+00:00,4113.7998046875,4117.60009765625,4113.10009765625,4115.5,549.0
2026-07-10 10:15:00+00:00,4115.60009765625,4121.7998046875,4115.2998046875,4118.5,1151.0
2026-07-10 10:30:00+00:00,4118.7001953125,4119.7001953125,4115.39990234375,4118.2998046875,424.0
2026-07-10 10:45:00+00:00,4118.39990234375,4118.39990234375,4113.2001953125,4113.5,1236.0
2026-07-10 11:00:00+00:00,4113.2998046875,4117.10009765625,4113.2998046875,4115.10009765625,815.0
2026-07-10 11:15:00+00:00,4115.60009765625,4117.10009765625,4108.60009765625,4108.60009765625,715.0
2026-07-10 11:30:00+00:00,4108.7998046875,4116.10009765625,4104.5,4115.5,1181.0
2026-07-10 11:45:00+00:00,4115.2001953125,4116.89990234375,4110.7998046875,4111.0,552.0
2026-07-10 12:00:00+00:00,4111.39990234375,4127.0,4109.7998046875,4123.60009765625,2464.0
2026-07-10 12:15:00+00:00,4123.89990234375,4125.10009765625,4111.5,4114.7998046875,1601.0
2026-07-10 12:30:00+00:00,4114.7998046875,4115.60009765625,4106.0,4106.7001953125,1600.0
2026-07-10 12:45:00+00:00,4106.7001953125,4113.60009765625,4106.39990234375,4109.2998046875,1609.0
2026-07-10 13:00:00+00:00,4109.7001953125,4114.7998046875,4107.39990234375,4113.0,1536.0
2026-07-10 13:15:00+00:00,4113.2001953125,4115.5,4093.699951171875,4095.89990234375,3151.0
2026-07-10 13:30:00+00:00,4096.0,4111.2001953125,4095.300048828125,4107.2001953125,2793.0
2026-07-10 13:45:00+00:00,4107.2001953125,4114.2998046875,4105.89990234375,4108.7001953125,1481.0
2026-07-10 14:00:00+00:00,4108.2998046875,4112.2001953125,4106.10009765625,4108.7998046875,1923.0
2026-07-10 14:15:00+00:00,4108.7998046875,4118.60009765625,4106.10009765625,4114.2998046875,2232.0
2026-07-10 14:30:00+00:00,4114.7001953125,4116.7998046875,4081.699951171875,4108.5,7000.0
2026-07-10 14:45:00+00:00,4108.2001953125,4117.10009765625,4100.7001953125,4101.7001953125,2505.0
2026-07-10 15:00:00+00:00,4101.89990234375,4110.0,4100.10009765625,4106.10009765625,1365.0
2026-07-10 15:15:00+00:00,4106.89990234375,4117.0,4106.89990234375,4111.39990234375,1843.0
2026-07-10 15:30:00+00:00,4111.5,4116.10009765625,4110.60009765625,4115.2998046875,885.0
2026-07-10 15:45:00+00:00,4115.60009765625,4122.7001953125,4115.0,4122.10009765625,1682.0
2026-07-10 16:00:00+00:00,4122.39990234375,4124.0,4116.89990234375,4119.39990234375,1442.0
2026-07-10 16:15:00+00:00,4119.5,4123.60009765625,4116.2001953125,4123.60009765625,1182.0
2026-07-10 16:30:00+00:00,4123.5,4124.7998046875,4118.0,4118.2998046875,996.0
2026-07-10 16:45:00+00:00,4118.60009765625,4119.10009765625,4113.2998046875,4113.60009765625,1416.0
2026-07-10 17:00:00+00:00,4113.39990234375,4114.60009765625,4111.2998046875,4112.7001953125,1029.0
2026-07-10 17:15:00+00:00,4113.0,4115.7998046875,4112.7998046875,4114.39990234375,3154.0
2026-07-10 17:30:00+00:00,4114.39990234375,4115.7998046875,4112.10009765625,4112.7998046875,1187.0
2026-07-10 17:45:00+00:00,4112.7001953125,4114.10009765625,4109.39990234375,4109.60009765625,727.0
2026-07-10 18:00:00+00:00,4109.7998046875,4114.2998046875,4108.89990234375,4113.7998046875,999.0
2026-07-10 18:15:00+00:00,4113.89990234375,4114.7998046875,4111.0,4111.7998046875,674.0
2026-07-10 18:30:00+00:00,4112.0,4112.5,4107.10009765625,4107.7001953125,861.0
2026-07-10 18:45:00+00:00,4107.7001953125,4110.2001953125,4106.7998046875,4109.7001953125,613.0
2026-07-10 19:00:00+00:00,4109.7001953125,4111.10009765625,4106.2998046875,4110.2001953125,947.0
2026-07-10 19:15:00+00:00,4110.2001953125,4111.89990234375,4109.7998046875,4110.2998046875,368.0
2026-07-10 19:30:00+00:00,4110.10009765625,4112.0,4109.0,4110.89990234375,630.0
2026-07-10 19:45:00+00:00,4111.10009765625,4117.0,4110.7998046875,4116.60009765625,900.0
2026-07-10 20:00:00+00:00,4116.39990234375,4123.39990234375,4116.2998046875,4120.39990234375,581.0
2026-07-10 20:15:00+00:00,4120.2001953125,4121.2001953125,4119.0,4119.60009765625,236.0
2026-07-10 20:30:00+00:00,4119.7001953125,4120.89990234375,4118.7998046875,4120.2998046875,133.0
2026-07-10 20:45:00+00:00,4120.0,4129.0,4113.7001953125,4113.7001953125,613.0
2026-07-12 22:00:00+00:00,4097.89990234375,4102.2001953125,4088.39990234375,4089.0,442.0
2026-07-12 22:15:00+00:00,4089.39990234375,4096.0,4087.39990234375,4091.5,638.0
2026-07-12 22:30:00+00:00,4091.60009765625,4094.199951171875,4085.39990234375,4085.60009765625,503.0
2026-07-12 22:45:00+00:00,4086.39990234375,4088.800048828125,4076.800048828125,4084.300048828125,1062.0
2026-07-12 23:00:00+00:00,4084.0,4084.10009765625,4075.800048828125,4078.199951171875,768.0
2026-07-12 23:15:00+00:00,4078.199951171875,4083.39990234375,4076.60009765625,4082.300048828125,359.0
2026-07-12 23:30:00+00:00,4082.300048828125,4087.300048828125,4079.300048828125,4085.800048828125,428.0
2026-07-12 23:45:00+00:00,4085.699951171875,4093.300048828125,4083.699951171875,4092.89990234375,630.0
2026-07-13 00:00:00+00:00,4093.10009765625,4099.7001953125,4089.0,4095.39990234375,946.0
2026-07-13 00:15:00+00:00,4095.800048828125,4096.10009765625,4082.800048828125,4083.10009765625,849.0
2026-07-13 00:30:00+00:00,4082.800048828125,4083.60009765625,4069.39990234375,4081.89990234375,1766.0
2026-07-13 00:45:00+00:00,4082.0,4086.199951171875,4077.199951171875,4082.10009765625,1040.0
2026-07-13 01:00:00+00:00,4082.89990234375,4089.89990234375,4074.0,4088.5,1543.0
2026-07-13 01:15:00+00:00,4088.199951171875,4091.10009765625,4079.39990234375,4087.699951171875,1062.0
2026-07-13 01:30:00+00:00,4087.699951171875,4098.2998046875,4086.0,4092.5,1137.0
2026-07-13 01:45:00+00:00,4093.89990234375,4096.7998046875,4075.300048828125,4080.199951171875,2142.0
2026-07-13 02:00:00+00:00,4080.5,4083.0,4077.89990234375,4080.5,944.0
2026-07-13 02:15:00+00:00,4080.0,4082.300048828125,4074.60009765625,4075.5,819.0
2026-07-13 02:30:00+00:00,4075.39990234375,4085.5,4072.60009765625,4080.699951171875,1331.0
2026-07-13 02:45:00+00:00,4080.10009765625,4080.89990234375,4076.199951171875,4076.800048828125,402.0
2026-07-13 03:00:00+00:00,4076.5,4077.199951171875,4060.699951171875,4065.800048828125,2323.0
2026-07-13 03:15:00+00:00,4066.199951171875,4070.300048828125,4065.800048828125,4069.89990234375,737.0
2026-07-13 03:30:00+00:00,4069.5,4070.300048828125,4064.5,4065.10009765625,435.0
2026-07-13 03:45:00+00:00,4065.39990234375,4068.800048828125,4065.300048828125,4067.39990234375,161.0
2026-07-13 04:00:00+00:00,4068.10009765625,4068.10009765625,4060.0,4061.699951171875,499.0
2026-07-13 04:15:00+00:00,4062.199951171875,4065.60009765625,4057.800048828125,4063.10009765625,933.0
2026-07-13 04:30:00+00:00,4063.10009765625,4065.300048828125,4060.800048828125,4062.0,376.0
2026-07-13 04:45:00+00:00,4062.10009765625,4067.10009765625,4060.10009765625,4066.300048828125,418.0
2026-07-13 05:00:00+00:00,4066.39990234375,4080.89990234375,4062.60009765625,4077.300048828125,1363.0
2026-07-13 05:15:00+00:00,4077.60009765625,4077.699951171875,4065.10009765625,4065.800048828125,816.0
2026-07-13 05:30:00+00:00,4065.699951171875,4073.300048828125,4059.5,4070.89990234375,1435.0
2026-07-13 05:45:00+00:00,4070.5,4072.199951171875,4060.699951171875,4061.800048828125,875.0
2026-07-13 06:00:00+00:00,4061.89990234375,4064.300048828125,4052.0,4058.60009765625,2303.0
2026-07-13 06:15:00+00:00,4058.699951171875,4069.10009765625,4058.60009765625,4068.89990234375,956.0
2026-07-13 06:30:00+00:00,4069.0,4071.39990234375,4066.39990234375,4068.0,804.0
2026-07-13 06:45:00+00:00,4067.89990234375,4068.5,4059.699951171875,4063.0,1124.0
2026-07-13 07:00:00+00:00,4063.39990234375,4069.300048828125,4056.5,4063.39990234375,1327.0
2026-07-13 07:15:00+00:00,4063.699951171875,4067.10009765625,4063.699951171875,4067.10009765625,555.0
2026-07-13 07:30:00+00:00,4066.60009765625,4071.0,4063.800048828125,4065.0,695.0
2026-07-13 07:45:00+00:00,4065.699951171875,4073.199951171875,4064.0,4072.800048828125,819.0
2026-07-13 08:00:00+00:00,4072.800048828125,4083.60009765625,4071.39990234375,4082.300048828125,1564.0
2026-07-13 08:15:00+00:00,4082.199951171875,4089.10009765625,4081.800048828125,4082.60009765625,2034.0
2026-07-13 08:30:00+00:00,4082.300048828125,4084.800048828125,4079.5,4084.60009765625,680.0
2026-07-13 08:45:00+00:00,4084.0,4087.199951171875,4080.89990234375,4083.10009765625,594.0
2026-07-13 09:00:00+00:00,4082.800048828125,4084.39990234375,4081.0,4082.89990234375,454.0
2026-07-13 09:15:00+00:00,4082.89990234375,4085.0,4079.199951171875,4081.0,746.0
2026-07-13 09:30:00+00:00,4080.699951171875,4082.0,4077.699951171875,4080.800048828125,920.0
2026-07-13 09:45:00+00:00,4080.800048828125,4082.0,4076.0,4076.300048828125,506.0
2026-07-13 10:00:00+00:00,4076.199951171875,4078.39990234375,4074.699951171875,4075.60009765625,505.0
2026-07-13 10:15:00+00:00,4075.5,4077.199951171875,4071.5,4073.0,616.0
2026-07-13 10:30:00+00:00,4072.89990234375,4076.300048828125,4055.0,4060.699951171875,2059.0
2026-07-13 10:45:00+00:00,4060.39990234375,4069.60009765625,4056.39990234375,4068.39990234375,1822.0
2026-07-13 11:00:00+00:00,4068.39990234375,4075.800048828125,4066.0,4071.699951171875,2233.0
2026-07-13 11:15:00+00:00,4071.89990234375,4072.89990234375,4066.10009765625,4070.60009765625,866.0
2026-07-13 11:30:00+00:00,4070.300048828125,4076.699951171875,4069.699951171875,4072.800048828125,920.0
2026-07-13 11:45:00+00:00,4073.199951171875,4073.39990234375,4062.60009765625,4064.0,995.0
2026-07-13 12:00:00+00:00,4064.0,4068.5,4061.10009765625,4064.0,1737.0
2026-07-13 12:15:00+00:00,4063.60009765625,4071.300048828125,4063.0,4066.89990234375,1400.0
2026-07-13 12:30:00+00:00,4066.699951171875,4071.800048828125,4066.39990234375,4070.5,1320.0
2026-07-13 12:45:00+00:00,4070.699951171875,4075.199951171875,4070.699951171875,4075.199951171875,1553.0
2026-07-13 13:00:00+00:00,4075.300048828125,4075.5,4066.699951171875,4069.60009765625,1521.0
2026-07-13 13:15:00+00:00,4069.60009765625,4073.60009765625,4066.199951171875,4069.699951171875,1602.0
2026-07-13 13:30:00+00:00,4070.199951171875,4071.800048828125,4059.0,4062.60009765625,2984.0
2026-07-13 13:45:00+00:00,4062.10009765625,4065.800048828125,4049.0,4050.89990234375,4422.0
2026-07-13 14:00:00+00:00,4050.5,4054.5,4036.0,4043.39990234375,6524.0
2026-07-13 14:15:00+00:00,4043.199951171875,4044.800048828125,4009.0,4024.300048828125,12090.0
2026-07-13 14:30:00+00:00,4023.89990234375,4024.5,4005.800048828125,4012.5,6096.0
2026-07-13 14:45:00+00:00,4012.39990234375,4022.60009765625,4008.39990234375,4022.39990234375,4850.0
2026-07-13 15:00:00+00:00,4022.39990234375,4024.89990234375,4017.699951171875,4021.60009765625,2031.0
2026-07-13 15:15:00+00:00,4022.10009765625,4027.5,4020.300048828125,4023.5,1693.0
2026-07-13 15:30:00+00:00,4024.10009765625,4025.0,4019.60009765625,4020.5,1183.0
2026-07-13 15:45:00+00:00,4020.60009765625,4023.5,4017.5,4023.300048828125,1207.0
2026-07-13 16:00:00+00:00,4023.10009765625,4025.5,4019.89990234375,4021.300048828125,1793.0
2026-07-13 16:15:00+00:00,4021.10009765625,4021.39990234375,4007.60009765625,4011.39990234375,2822.0
2026-07-13 16:30:00+00:00,4011.39990234375,4012.0,3997.39990234375,4007.60009765625,6204.0
2026-07-13 16:45:00+00:00,4007.5,4010.39990234375,3992.89990234375,4000.300048828125,4707.0
2026-07-13 17:00:00+00:00,4000.5,4006.199951171875,3999.199951171875,4004.89990234375,1704.0
2026-07-13 17:15:00+00:00,4004.89990234375,4009.300048828125,4003.89990234375,4006.300048828125,4685.0
2026-07-13 17:30:00+00:00,4006.39990234375,4008.5,4003.5,4004.300048828125,1692.0
2026-07-13 17:45:00+00:00,4005.300048828125,4006.699951171875,3999.39990234375,4000.60009765625,1192.0
2026-07-13 18:00:00+00:00,4000.699951171875,4002.39990234375,3996.300048828125,4000.800048828125,1218.0
2026-07-13 18:15:00+00:00,4001.0,4003.89990234375,3993.60009765625,4002.300048828125,1572.0
2026-07-13 18:30:00+00:00,4002.5,4008.0,4000.89990234375,4007.39990234375,950.0
2026-07-13 18:45:00+00:00,4007.39990234375,4012.699951171875,4005.300048828125,4008.5,1266.0
2026-07-13 19:00:00+00:00,4008.800048828125,4011.60009765625,4004.800048828125,4005.5,1131.0
2026-07-13 19:15:00+00:00,4005.39990234375,4007.800048828125,4003.89990234375,4005.39990234375,758.0
2026-07-13 19:30:00+00:00,4005.199951171875,4007.5,4000.5,4006.699951171875,837.0
2026-07-13 19:45:00+00:00,4006.199951171875,4009.89990234375,4004.199951171875,4009.300048828125,1063.0
2026-07-13 20:00:00+00:00,4009.39990234375,4013.60009765625,4005.800048828125,4005.800048828125,836.0
2026-07-13 20:15:00+00:00,4006.300048828125,4007.60009765625,4002.800048828125,4007.60009765625,436.0
2026-07-13 20:30:00+00:00,4007.300048828125,4007.699951171875,4004.10009765625,4007.0,296.0
2026-07-13 20:45:00+00:00,4007.0,4009.39990234375,4005.0,4008.699951171875,482.0
2026-07-13 22:00:00+00:00,4005.89990234375,4015.5,4005.800048828125,4011.0,210.0
2026-07-13 22:15:00+00:00,4011.0,4012.800048828125,4010.800048828125,4011.10009765625,256.0
2026-07-13 22:30:00+00:00,4011.0,4012.5,4009.60009765625,4010.89990234375,251.0
2026-07-13 22:45:00+00:00,4010.300048828125,4012.5,4007.39990234375,4007.39990234375,307.0
2026-07-13 23:00:00+00:00,4007.699951171875,4009.89990234375,4006.199951171875,4007.300048828125,224.0
2026-07-13 23:15:00+00:00,4007.300048828125,4007.5,4003.89990234375,4004.300048828125,424.0
2026-07-13 23:30:00+00:00,4004.0,4004.199951171875,4000.0,4002.5,504.0
2026-07-13 23:45:00+00:00,4001.699951171875,4008.89990234375,3999.10009765625,4007.89990234375,636.0
2026-07-14 00:00:00+00:00,4008.60009765625,4011.800048828125,3990.39990234375,4002.699951171875,2071.0
2026-07-14 00:15:00+00:00,4002.0,4003.800048828125,3992.60009765625,4001.800048828125,976.0
2026-07-14 00:30:00+00:00,4002.5,4014.300048828125,4001.39990234375,4009.800048828125,1370.0
2026-07-14 00:45:00+00:00,4010.39990234375,4014.10009765625,4007.800048828125,4011.60009765625,676.0
2026-07-14 01:00:00+00:00,4010.800048828125,4010.89990234375,3998.60009765625,4001.800048828125,1693.0
2026-07-14 01:15:00+00:00,4001.89990234375,4011.60009765625,4001.800048828125,4004.39990234375,1101.0
2026-07-14 01:30:00+00:00,4004.10009765625,4010.39990234375,3999.800048828125,4008.60009765625,1065.0
2026-07-14 01:45:00+00:00,4008.5,4019.0,4005.699951171875,4017.0,1051.0
2026-07-14 02:00:00+00:00,4017.5,4024.300048828125,4012.699951171875,4023.5,1586.0
2026-07-14 02:15:00+00:00,4022.800048828125,4025.5,4020.199951171875,4024.199951171875,1261.0
2026-07-14 02:30:00+00:00,4024.39990234375,4025.699951171875,4017.39990234375,4017.800048828125,883.0
2026-07-14 02:45:00+00:00,4017.699951171875,4020.800048828125,4015.89990234375,4019.199951171875,446.0
2026-07-14 03:00:00+00:00,4019.10009765625,4023.5,4018.5,4020.89990234375,603.0
2026-07-14 03:15:00+00:00,4020.199951171875,4025.300048828125,4017.5,4024.0,743.0
2026-07-14 03:30:00+00:00,4024.60009765625,4025.699951171875,4020.199951171875,4021.89990234375,469.0
2026-07-14 03:45:00+00:00,4022.10009765625,4024.60009765625,4021.10009765625,4022.60009765625,221.0
2026-07-14 04:00:00+00:00,4023.699951171875,4025.39990234375,4019.89990234375,4022.199951171875,376.0
2026-07-14 04:15:00+00:00,4022.300048828125,4023.800048828125,4020.300048828125,4022.199951171875,398.0
2026-07-14 04:30:00+00:00,4022.300048828125,4029.699951171875,4022.10009765625,4027.0,900.0
2026-07-14 04:45:00+00:00,4026.89990234375,4027.89990234375,4022.39990234375,4026.699951171875,601.0
2026-07-14 05:00:00+00:00,4027.199951171875,4030.60009765625,4026.199951171875,4029.699951171875,573.0
2026-07-14 05:15:00+00:00,4029.800048828125,4030.60009765625,4026.5,4029.199951171875,384.0
2026-07-14 05:30:00+00:00,4029.300048828125,4040.39990234375,4029.0,4038.39990234375,2231.0
2026-07-14 05:45:00+00:00,4038.5,4039.300048828125,4035.300048828125,4037.800048828125,952.0
2026-07-14 06:00:00+00:00,4037.699951171875,4039.5,4034.699951171875,4037.300048828125,787.0
2026-07-14 06:15:00+00:00,4036.60009765625,4037.300048828125,4029.10009765625,4029.39990234375,825.0
2026-07-14 06:30:00+00:00,4029.39990234375,4032.60009765625,4028.0,4031.5,663.0
2026-07-14 06:45:00+00:00,4031.89990234375,4033.5,4029.60009765625,4030.39990234375,636.0
2026-07-14 07:00:00+00:00,4030.60009765625,4035.199951171875,4027.199951171875,4031.10009765625,927.0
2026-07-14 07:15:00+00:00,4031.10009765625,4036.39990234375,4031.10009765625,4033.10009765625,515.0
2026-07-14 07:30:00+00:00,4033.10009765625,4036.10009765625,4029.39990234375,4029.89990234375,633.0
2026-07-14 07:45:00+00:00,4030.10009765625,4033.0,4026.5,4027.300048828125,684.0
2026-07-14 08:00:00+00:00,4027.300048828125,4029.10009765625,4020.800048828125,4023.800048828125,1387.0
2026-07-14 08:15:00+00:00,4024.300048828125,4030.10009765625,4024.0,4028.5,1018.0
2026-07-14 08:30:00+00:00,4028.300048828125,4031.10009765625,4025.300048828125,4025.89990234375,845.0
2026-07-14 08:45:00+00:00,4026.199951171875,4027.60009765625,4022.39990234375,4022.60009765625,611.0
2026-07-14 09:00:00+00:00,4022.39990234375,4031.199951171875,4020.39990234375,4027.699951171875,778.0
2026-07-14 09:15:00+00:00,4027.60009765625,4028.5,4021.5,4022.39990234375,758.0
2026-07-14 09:30:00+00:00,4022.199951171875,4024.89990234375,4020.10009765625,4024.300048828125,963.0
2026-07-14 09:45:00+00:00,4023.699951171875,4030.89990234375,4023.300048828125,4028.699951171875,1111.0
2026-07-14 10:00:00+00:00,4028.60009765625,4029.5,4023.699951171875,4025.0,713.0
2026-07-14 10:15:00+00:00,4025.10009765625,4027.10009765625,4022.199951171875,4025.10009765625,530.0
2026-07-14 10:30:00+00:00,4024.800048828125,4026.699951171875,4021.89990234375,4025.89990234375,441.0
2026-07-14 10:45:00+00:00,4025.5,4029.60009765625,4024.699951171875,4028.199951171875,537.0
2026-07-14 11:00:00+00:00,4028.199951171875,4030.699951171875,4022.10009765625,4030.10009765625,847.0
2026-07-14 11:15:00+00:00,4029.39990234375,4035.300048828125,4027.5,4032.300048828125,1344.0
2026-07-14 11:30:00+00:00,4032.0,4037.699951171875,4031.60009765625,4035.199951171875,980.0
2026-07-14 11:45:00+00:00,4035.199951171875,4039.0,4032.89990234375,4038.10009765625,659.0
2026-07-14 12:00:00+00:00,4038.5,4042.89990234375,4031.699951171875,4032.39990234375,2112.0
2026-07-14 12:15:00+00:00,4032.60009765625,4037.60009765625,4029.800048828125,4036.0,1664.0
2026-07-14 12:30:00+00:00,4036.10009765625,4112.5,4036.0,4101.10009765625,21802.0
2026-07-14 12:45:00+00:00,4101.2998046875,4103.2998046875,4076.199951171875,4083.89990234375,6461.0
2026-07-14 13:00:00+00:00,4084.0,4091.39990234375,4078.199951171875,4082.199951171875,4922.0
2026-07-14 13:15:00+00:00,4082.199951171875,4093.60009765625,4079.10009765625,4089.10009765625,3081.0
2026-07-14 13:30:00+00:00,4089.199951171875,4096.39990234375,4083.300048828125,4095.39990234375,3165.0
2026-07-14 13:45:00+00:00,4095.10009765625,4095.10009765625,4081.60009765625,4084.0,2201.0
2026-07-14 14:00:00+00:00,4084.0,4092.699951171875,4080.0,4089.800048828125,2923.0
2026-07-14 14:15:00+00:00,4089.60009765625,4092.5,4077.89990234375,4084.199951171875,3483.0
2026-07-14 14:30:00+00:00,4084.5,4098.39990234375,4080.39990234375,4086.699951171875,3628.0
2026-07-14 14:45:00+00:00,4087.39990234375,4095.199951171875,4085.5,4093.0,2008.0
2026-07-14 15:00:00+00:00,4093.0,4108.7001953125,4086.10009765625,4097.89990234375,5530.0
2026-07-14 15:15:00+00:00,4097.7001953125,4098.7998046875,4089.60009765625,4092.199951171875,3051.0
2026-07-14 15:30:00+00:00,4092.0,4094.300048828125,4073.5,4081.0,3264.0
2026-07-14 15:45:00+00:00,4080.699951171875,4083.5,4071.300048828125,4073.10009765625,2097.0
2026-07-14 16:00:00+00:00,4073.199951171875,4073.800048828125,4063.39990234375,4070.10009765625,2244.0
2026-07-14 16:15:00+00:00,4069.699951171875,4072.300048828125,4064.89990234375,4066.10009765625,1546.0
2026-07-14 16:30:00+00:00,4066.199951171875,4069.89990234375,4064.10009765625,4067.800048828125,2031.0
2026-07-14 16:45:00+00:00,4067.699951171875,4069.199951171875,4064.39990234375,4068.300048828125,737.0
2026-07-14 17:00:00+00:00,4068.800048828125,4071.699951171875,4061.800048828125,4063.5,1975.0
2026-07-14 17:15:00+00:00,4063.199951171875,4071.0,4061.10009765625,4069.699951171875,6641.0
2026-07-14 17:30:00+00:00,4069.60009765625,4072.199951171875,4066.300048828125,4066.699951171875,1826.0
2026-07-14 17:45:00+00:00,4066.800048828125,4070.60009765625,4065.0,4070.10009765625,721.0
2026-07-14 18:00:00+00:00,4069.5,4069.60009765625,4066.5,4068.5,576.0
2026-07-14 18:15:00+00:00,4068.39990234375,4070.199951171875,4063.5,4065.39990234375,929.0
2026-07-14 18:30:00+00:00,4065.10009765625,4066.5,4049.199951171875,4053.10009765625,3519.0
2026-07-14 18:45:00+00:00,4052.699951171875,4061.300048828125,4051.10009765625,4060.699951171875,830.0
2026-07-14 19:00:00+00:00,4060.300048828125,4064.10009765625,4059.10009765625,4063.300048828125,628.0
2026-07-14 19:15:00+00:00,4063.199951171875,4063.89990234375,4057.800048828125,4058.10009765625,754.0
2026-07-14 19:30:00+00:00,4058.300048828125,4059.60009765625,4054.199951171875,4059.0,762.0
2026-07-14 19:45:00+00:00,4059.5,4063.5,4058.0,4062.10009765625,1210.0
2026-07-14 20:00:00+00:00,4062.10009765625,4063.10009765625,4060.39990234375,4060.5,314.0
2026-07-14 20:15:00+00:00,4060.5,4060.89990234375,4058.699951171875,4059.39990234375,270.0
2026-07-14 20:30:00+00:00,4059.800048828125,4060.0,4056.0,4057.10009765625,549.0
2026-07-14 20:45:00+00:00,4056.699951171875,4059.5,4055.5,4058.300048828125,471.0
2026-07-14 22:00:00+00:00,4059.800048828125,4060.0,4054.800048828125,4056.89990234375,309.0
2026-07-14 22:15:00+00:00,4056.60009765625,4058.0,4054.800048828125,4058.0,594.0
2026-07-14 22:30:00+00:00,4057.5,4058.89990234375,4054.800048828125,4056.60009765625,917.0
2026-07-14 22:45:00+00:00,4056.800048828125,4056.89990234375,4054.300048828125,4055.10009765625,261.0
2026-07-14 23:00:00+00:00,4054.800048828125,4056.5,4053.10009765625,4053.800048828125,296.0
2026-07-14 23:15:00+00:00,4054.199951171875,4060.0,4052.699951171875,4059.89990234375,251.0
2026-07-14 23:30:00+00:00,4060.0,4062.39990234375,4057.5,4061.0,578.0
2026-07-14 23:45:00+00:00,4061.0,4061.5,4058.199951171875,4058.800048828125,161.0
2026-07-15 00:00:00+00:00,4059.0,4062.60009765625,4057.10009765625,4057.300048828125,262.0
2026-07-15 00:15:00+00:00,4057.699951171875,4064.89990234375,4057.5,4064.699951171875,646.0
2026-07-15 00:30:00+00:00,4065.0,4065.199951171875,4058.699951171875,4060.89990234375,544.0
2026-07-15 00:45:00+00:00,4060.699951171875,4067.199951171875,4060.5,4065.10009765625,470.0
2026-07-15 01:00:00+00:00,4066.300048828125,4068.60009765625,4061.300048828125,4062.300048828125,923.0
2026-07-15 01:15:00+00:00,4062.0,4063.5,4059.0,4061.0,478.0
2026-07-15 01:30:00+00:00,4061.0,4061.199951171875,4042.5,4044.800048828125,1530.0
2026-07-15 01:45:00+00:00,4045.39990234375,4048.60009765625,4041.199951171875,4042.89990234375,820.0
2026-07-15 02:00:00+00:00,4043.0,4048.199951171875,4039.60009765625,4043.199951171875,1088.0
2026-07-15 02:15:00+00:00,4042.199951171875,4042.89990234375,4035.300048828125,4039.199951171875,1191.0
2026-07-15 02:30:00+00:00,4039.300048828125,4048.300048828125,4038.699951171875,4048.199951171875,598.0
2026-07-15 02:45:00+00:00,4048.10009765625,4048.39990234375,4040.800048828125,4041.699951171875,665.0
2026-07-15 03:00:00+00:00,4041.300048828125,4046.60009765625,4038.89990234375,4040.5,539.0
2026-07-15 03:15:00+00:00,4040.0,4041.300048828125,4036.199951171875,4036.60009765625,731.0
2026-07-15 03:30:00+00:00,4036.800048828125,4042.0,4033.89990234375,4035.5,1486.0
2026-07-15 03:45:00+00:00,4035.300048828125,4039.60009765625,4035.300048828125,4037.89990234375,250.0
2026-07-15 04:00:00+00:00,4036.89990234375,4039.300048828125,4036.0,4037.39990234375,329.0
2026-07-15 04:15:00+00:00,4037.39990234375,4041.199951171875,4036.800048828125,4039.89990234375,268.0
2026-07-15 04:30:00+00:00,4039.89990234375,4041.300048828125,4034.199951171875,4036.10009765625,519.0
2026-07-15 04:45:00+00:00,4036.60009765625,4040.60009765625,4036.60009765625,4039.10009765625,483.0
2026-07-15 05:00:00+00:00,4039.5,4042.199951171875,4031.10009765625,4032.199951171875,733.0
2026-07-15 05:15:00+00:00,4032.5,4035.10009765625,4030.800048828125,4031.300048828125,452.0
2026-07-15 05:30:00+00:00,4031.5,4044.699951171875,4028.0,4035.5,1907.0
2026-07-15 05:45:00+00:00,4036.0,4041.89990234375,4033.39990234375,4041.0,1163.0
2026-07-15 06:00:00+00:00,4040.89990234375,4041.699951171875,4033.0,4033.60009765625,1058.0
2026-07-15 06:15:00+00:00,4033.60009765625,4034.5,4027.10009765625,4032.5,953.0
2026-07-15 06:30:00+00:00,4032.39990234375,4039.199951171875,4028.800048828125,4038.699951171875,1142.0
2026-07-15 06:45:00+00:00,4038.39990234375,4040.0,4035.800048828125,4038.0,695.0
2026-07-15 07:00:00+00:00,4038.199951171875,4040.60009765625,4034.10009765625,4035.800048828125,516.0
2026-07-15 07:15:00+00:00,4035.5,4036.10009765625,4025.800048828125,4029.800048828125,1421.0
2026-07-15 07:30:00+00:00,4029.800048828125,4033.0,4025.60009765625,4028.60009765625,891.0
2026-07-15 07:45:00+00:00,4029.0,4032.699951171875,4027.300048828125,4030.699951171875,1114.0
2026-07-15 08:00:00+00:00,4030.699951171875,4031.89990234375,4023.300048828125,4023.800048828125,1504.0
2026-07-15 08:15:00+00:00,4023.699951171875,4033.199951171875,4023.699951171875,4032.699951171875,861.0
2026-07-15 08:30:00+00:00,4032.60009765625,4035.5,4030.800048828125,4035.0,779.0
2026-07-15 08:45:00+00:00,4034.89990234375,4039.5,4033.60009765625,4037.699951171875,726.0
2026-07-15 09:00:00+00:00,4037.699951171875,4040.699951171875,4035.699951171875,4036.300048828125,1165.0
2026-07-15 09:15:00+00:00,4036.699951171875,4038.699951171875,4032.89990234375,4033.5,1257.0
2026-07-15 09:30:00+00:00,4033.199951171875,4035.800048828125,4031.5,4033.39990234375,833.0
2026-07-15 09:45:00+00:00,4033.0,4036.39990234375,4032.10009765625,4036.300048828125,737.0
2026-07-15 10:00:00+00:00,4036.39990234375,4042.39990234375,4034.89990234375,4040.199951171875,969.0
2026-07-15 10:15:00+00:00,4040.10009765625,4041.5,4032.10009765625,4034.60009765625,766.0
2026-07-15 10:30:00+00:00,4034.60009765625,4040.0,4034.300048828125,4037.199951171875,371.0
2026-07-15 10:45:00+00:00,4036.800048828125,4037.300048828125,4033.10009765625,4034.300048828125,429.0
2026-07-15 11:00:00+00:00,4033.89990234375,4039.0,4033.89990234375,4036.199951171875,411.0
2026-07-15 11:15:00+00:00,4036.60009765625,4037.5,4033.699951171875,4036.800048828125,412.0
2026-07-15 11:30:00+00:00,4036.60009765625,4045.5,4035.39990234375,4043.800048828125,1982.0
2026-07-15 11:45:00+00:00,4043.800048828125,4046.5,4041.699951171875,4044.5,610.0
2026-07-15 12:00:00+00:00,4044.89990234375,4048.699951171875,4041.800048828125,4044.10009765625,1109.0
2026-07-15 12:15:00+00:00,4044.5,4047.199951171875,4043.5,4045.300048828125,1110.0
2026-07-15 12:30:00+00:00,4045.10009765625,4073.0,4045.10009765625,4069.800048828125,7384.0
2026-07-15 12:45:00+00:00,4070.10009765625,4078.199951171875,4067.60009765625,4074.60009765625,2644.0
2026-07-15 13:00:00+00:00,4074.699951171875,4080.699951171875,4067.699951171875,4067.699951171875,4041.0
2026-07-15 13:15:00+00:00,4067.800048828125,4072.60009765625,4060.5,4062.10009765625,2421.0
2026-07-15 13:30:00+00:00,4062.199951171875,4069.699951171875,4061.89990234375,4067.699951171875,1780.0
2026-07-15 13:45:00+00:00,4068.0,4073.10009765625,4061.699951171875,4068.5,2585.0
2026-07-15 14:00:00+00:00,4068.699951171875,4072.5,4066.800048828125,4070.800048828125,1385.0
2026-07-15 14:15:00+00:00,4071.300048828125,4073.0,4061.800048828125,4065.0,1695.0
2026-07-15 14:30:00+00:00,4065.0,4070.60009765625,4063.5,4063.699951171875,1322.0
2026-07-15 14:45:00+00:00,4063.800048828125,4067.5,4059.5,4067.199951171875,1984.0
2026-07-15 15:00:00+00:00,4067.39990234375,4069.60009765625,4049.5,4050.699951171875,2045.0
2026-07-15 15:15:00+00:00,4050.300048828125,4056.5,4045.89990234375,4055.800048828125,2637.0
2026-07-15 15:30:00+00:00,4056.0,4057.0,4051.300048828125,4056.699951171875,1318.0
2026-07-15 15:45:00+00:00,4056.0,4057.5,4052.800048828125,4053.199951171875,1269.0
2026-07-15 16:00:00+00:00,4053.39990234375,4054.39990234375,4043.800048828125,4044.800048828125,1453.0
2026-07-15 16:15:00+00:00,4044.60009765625,4047.39990234375,4039.199951171875,4041.300048828125,2082.0
2026-07-15 16:30:00+00:00,4041.0,4043.60009765625,4033.0,4035.0,2505.0
2026-07-15 16:45:00+00:00,4034.800048828125,4044.5,4033.699951171875,4040.300048828125,2781.0
2026-07-15 17:00:00+00:00,4040.39990234375,4045.89990234375,4039.800048828125,4042.39990234375,1224.0
2026-07-15 17:15:00+00:00,4042.300048828125,4055.0,4039.699951171875,4054.199951171875,3471.0
2026-07-15 17:30:00+00:00,4053.89990234375,4069.89990234375,4053.60009765625,4069.10009765625,3671.0
2026-07-15 17:45:00+00:00,4069.10009765625,4073.699951171875,4066.800048828125,4068.699951171875,1906.0
2026-07-15 18:00:00+00:00,4069.199951171875,4077.60009765625,4068.60009765625,4074.800048828125,1521.0
2026-07-15 18:15:00+00:00,4075.60009765625,4082.800048828125,4074.0,4081.300048828125,1258.0
2026-07-15 18:30:00+00:00,4081.699951171875,4089.10009765625,4074.800048828125,4075.0,2213.0
2026-07-15 18:45:00+00:00,4075.0,4076.0,4065.199951171875,4066.300048828125,1504.0
2026-07-15 19:00:00+00:00,4066.300048828125,4069.89990234375,4064.39990234375,4068.199951171875,776.0
2026-07-15 19:15:00+00:00,4068.199951171875,4068.699951171875,4059.89990234375,4063.60009765625,1397.0
2026-07-15 19:30:00+00:00,4063.800048828125,4065.10009765625,4055.199951171875,4058.5,1395.0
2026-07-15 19:45:00+00:00,4058.5,4064.199951171875,4058.0,4064.0,1121.0
2026-07-15 20:00:00+00:00,4063.699951171875,4065.300048828125,4062.300048828125,4064.0,438.0
2026-07-15 20:15:00+00:00,4064.0,4069.0,4064.0,4068.0,256.0
2026-07-15 20:30:00+00:00,4068.300048828125,4069.800048828125,4067.0,4068.60009765625,222.0
2026-07-15 20:45:00+00:00,4068.300048828125,4069.699951171875,4066.5,4066.89990234375,99.0
2026-07-15 22:00:00+00:00,4068.89990234375,4071.89990234375,4066.60009765625,4069.199951171875,631.0
2026-07-15 22:15:00+00:00,4068.89990234375,4070.300048828125,4067.199951171875,4068.0,271.0
2026-07-15 22:30:00+00:00,4068.300048828125,4068.300048828125,4064.60009765625,4066.10009765625,350.0
2026-07-15 22:45:00+00:00,4066.39990234375,4067.199951171875,4063.800048828125,4065.60009765625,296.0
2026-07-15 23:00:00+00:00,4065.800048828125,4068.0,4064.800048828125,4066.199951171875,473.0
2026-07-15 23:15:00+00:00,4066.300048828125,4066.300048828125,4062.60009765625,4063.60009765625,447.0
2026-07-15 23:30:00+00:00,4063.800048828125,4065.10009765625,4061.10009765625,4063.5,255.0
2026-07-15 23:45:00+00:00,4063.199951171875,4066.5,4061.800048828125,4063.60009765625,467.0
2026-07-16 00:00:00+00:00,4063.800048828125,4065.199951171875,4060.39990234375,4062.300048828125,275.0
2026-07-16 00:15:00+00:00,4061.699951171875,4066.10009765625,4060.5,4065.0,419.0
2026-07-16 00:30:00+00:00,4064.0,4067.10009765625,4059.60009765625,4061.300048828125,689.0
2026-07-16 00:45:00+00:00,4060.800048828125,4067.0,4049.199951171875,4050.39990234375,1513.0
2026-07-16 01:00:00+00:00,4050.300048828125,4056.60009765625,4046.800048828125,4051.0,1650.0
2026-07-16 01:15:00+00:00,4051.10009765625,4051.199951171875,4039.39990234375,4042.699951171875,1188.0
2026-07-16 01:30:00+00:00,4042.39990234375,4051.60009765625,4042.39990234375,4047.60009765625,1064.0
2026-07-16 01:45:00+00:00,4047.699951171875,4049.300048828125,4042.5,4044.199951171875,552.0
2026-07-16 02:00:00+00:00,4044.5,4045.300048828125,4036.5,4037.699951171875,733.0
2026-07-16 02:15:00+00:00,4037.60009765625,4040.39990234375,4034.10009765625,4040.199951171875,619.0
2026-07-16 02:30:00+00:00,4040.199951171875,4041.300048828125,4029.39990234375,4033.0,1043.0
2026-07-16 02:45:00+00:00,4033.0,4038.10009765625,4030.0,4036.89990234375,835.0
2026-07-16 03:00:00+00:00,4036.800048828125,4038.60009765625,4034.800048828125,4035.300048828125,323.0
2026-07-16 03:15:00+00:00,4035.5,4039.699951171875,4033.0,4039.699951171875,479.0
2026-07-16 03:30:00+00:00,4039.699951171875,4041.60009765625,4037.89990234375,4040.89990234375,301.0
2026-07-16 03:45:00+00:00,4040.60009765625,4042.199951171875,4039.39990234375,4040.699951171875,288.0
2026-07-16 04:00:00+00:00,4041.800048828125,4043.10009765625,4037.10009765625,4042.0,377.0
2026-07-16 04:15:00+00:00,4041.89990234375,4041.89990234375,4037.0,4039.10009765625,349.0
2026-07-16 04:30:00+00:00,4039.300048828125,4040.300048828125,4037.0,4037.89990234375,273.0
2026-07-16 04:45:00+00:00,4037.39990234375,4040.5,4037.300048828125,4038.300048828125,192.0
2026-07-16 05:00:00+00:00,4038.199951171875,4038.89990234375,4034.39990234375,4034.800048828125,428.0
2026-07-16 05:15:00+00:00,4051.800048828125,4051.800048828125,4031.60009765625,4032.699951171875,661.0
2026-07-16 05:30:00+00:00,4032.60009765625,4038.5,4030.300048828125,4037.60009765625,900.0
2026-07-16 05:45:00+00:00,4037.800048828125,4038.10009765625,4030.89990234375,4032.199951171875,824.0
2026-07-16 06:00:00+00:00,4032.39990234375,4041.5,4032.39990234375,4037.199951171875,1106.0
2026-07-16 06:15:00+00:00,4037.5,4038.10009765625,4032.699951171875,4035.300048828125,850.0
2026-07-16 06:30:00+00:00,4035.10009765625,4035.699951171875,4027.699951171875,4032.10009765625,1412.0
2026-07-16 06:45:00+00:00,4031.800048828125,4036.60009765625,4031.39990234375,4035.800048828125,453.0
2026-07-16 07:00:00+00:00,4035.60009765625,4035.800048828125,4030.800048828125,4031.5,493.0
2026-07-16 07:15:00+00:00,4031.199951171875,4031.800048828125,4028.699951171875,4029.5,795.0
2026-07-16 07:30:00+00:00,4029.10009765625,4033.199951171875,4027.800048828125,4031.39990234375,893.0
2026-07-16 07:45:00+00:00,4031.39990234375,4037.10009765625,4031.10009765625,4036.10009765625,985.0
2026-07-16 08:00:00+00:00,4035.5,4039.300048828125,4030.10009765625,4030.89990234375,1026.0
2026-07-16 08:15:00+00:00,4030.800048828125,4038.39990234375,4030.0,4036.89990234375,826.0
2026-07-16 08:30:00+00:00,4037.0,4040.699951171875,4036.89990234375,4038.699951171875,798.0
2026-07-16 08:45:00+00:00,4039.300048828125,4041.699951171875,4038.300048828125,4040.300048828125,478.0
2026-07-16 09:00:00+00:00,4040.60009765625,4042.60009765625,4040.39990234375,4042.10009765625,423.0
2026-07-16 09:15:00+00:00,4042.300048828125,4043.199951171875,4036.0,4038.10009765625,839.0
2026-07-16 09:30:00+00:00,4038.39990234375,4040.699951171875,4035.699951171875,4039.699951171875,989.0
2026-07-16 09:45:00+00:00,4040.10009765625,4042.10009765625,4037.199951171875,4037.39990234375,794.0
2026-07-16 10:00:00+00:00,4037.199951171875,4038.300048828125,4035.0,4037.10009765625,513.0
2026-07-16 10:15:00+00:00,4037.39990234375,4040.10009765625,4036.89990234375,4038.699951171875,277.0
2026-07-16 10:30:00+00:00,4039.199951171875,4040.10009765625,4037.0,4038.60009765625,246.0
2026-07-16 10:45:00+00:00,4038.699951171875,4038.699951171875,4034.39990234375,4035.10009765625,481.0
2026-07-16 11:00:00+00:00,4035.199951171875,4035.800048828125,4031.39990234375,4033.300048828125,703.0
2026-07-16 11:15:00+00:00,4033.10009765625,4033.10009765625,4026.199951171875,4029.39990234375,1194.0
2026-07-16 11:30:00+00:00,4029.39990234375,4041.699951171875,4028.5,4040.60009765625,1179.0
2026-07-16 11:45:00+00:00,4040.89990234375,4048.39990234375,4032.800048828125,4044.10009765625,3027.0
2026-07-16 12:00:00+00:00,4044.39990234375,4048.699951171875,4032.699951171875,4036.89990234375,2935.0
2026-07-16 12:15:00+00:00,4036.800048828125,4037.39990234375,4017.39990234375,4030.199951171875,6720.0
2026-07-16 12:30:00+00:00,4030.300048828125,4034.5,4004.800048828125,4007.10009765625,5075.0
2026-07-16 12:45:00+00:00,4006.89990234375,4013.300048828125,3994.199951171875,3996.39990234375,6456.0
2026-07-16 13:00:00+00:00,3996.300048828125,4001.10009765625,3977.10009765625,3996.0,8269.0
2026-07-16 13:15:00+00:00,3996.300048828125,4010.5,3995.39990234375,4009.800048828125,3413.0
2026-07-16 13:30:00+00:00,4010.10009765625,4012.60009765625,3985.5,3990.300048828125,5412.0
2026-07-16 13:45:00+00:00,3990.10009765625,4001.10009765625,3990.0,3994.0,2155.0
2026-07-16 14:00:00+00:00,3993.89990234375,4001.60009765625,3991.199951171875,3992.800048828125,2305.0
2026-07-16 14:15:00+00:00,3993.10009765625,4005.0,3991.60009765625,4004.0,1788.0
2026-07-16 14:30:00+00:00,4003.300048828125,4009.39990234375,3999.800048828125,4009.199951171875,2319.0
2026-07-16 14:45:00+00:00,4009.39990234375,4011.0,3996.5,4002.0,2024.0
2026-07-16 15:00:00+00:00,4002.199951171875,4002.699951171875,3993.300048828125,3997.0,1799.0
2026-07-16 15:15:00+00:00,3996.800048828125,4021.800048828125,3996.800048828125,4015.5,3528.0
2026-07-16 15:30:00+00:00,4015.800048828125,4021.199951171875,4011.699951171875,4014.60009765625,2260.0
2026-07-16 15:45:00+00:00,4015.10009765625,4017.699951171875,4009.89990234375,4011.800048828125,1623.0
2026-07-16 16:00:00+00:00,4011.39990234375,4012.300048828125,3993.89990234375,3993.89990234375,2091.0
2026-07-16 16:15:00+00:00,3993.800048828125,3996.0,3986.5,3991.5,2813.0
2026-07-16 16:30:00+00:00,3992.0,3996.800048828125,3991.300048828125,3996.300048828125,1417.0
2026-07-16 16:45:00+00:00,3996.0,4001.39990234375,3993.5,3996.39990234375,1207.0
2026-07-16 17:00:00+00:00,3996.699951171875,3997.300048828125,3988.89990234375,3989.89990234375,1666.0
2026-07-16 17:15:00+00:00,3990.300048828125,3993.5,3987.199951171875,3992.300048828125,3101.0
2026-07-16 17:30:00+00:00,3992.10009765625,3993.300048828125,3983.89990234375,3985.89990234375,1709.0
2026-07-16 17:45:00+00:00,3986.10009765625,3992.199951171875,3985.300048828125,3989.5,594.0
2026-07-16 18:00:00+00:00,3989.699951171875,3994.10009765625,3988.300048828125,3990.0,923.0
2026-07-16 18:15:00+00:00,3989.800048828125,3995.199951171875,3988.89990234375,3991.39990234375,613.0
2026-07-16 18:30:00+00:00,3991.10009765625,3991.10009765625,3981.0,3987.699951171875,1689.0
2026-07-16 18:45:00+00:00,3987.5,3989.699951171875,3983.89990234375,3984.699951171875,617.0
2026-07-16 19:00:00+00:00,3984.89990234375,3990.800048828125,3983.300048828125,3985.10009765625,698.0
2026-07-16 19:15:00+00:00,3984.800048828125,3988.89990234375,3983.0,3983.60009765625,478.0
2026-07-16 19:30:00+00:00,3983.800048828125,3984.0,3973.39990234375,3980.199951171875,1886.0
2026-07-16 19:45:00+00:00,3979.699951171875,3986.89990234375,3977.199951171875,3984.60009765625,1135.0
2026-07-16 20:00:00+00:00,3984.800048828125,3984.800048828125,3978.699951171875,3979.300048828125,486.0
2026-07-16 20:15:00+00:00,3978.89990234375,3979.699951171875,3976.199951171875,3979.0,378.0
2026-07-16 20:30:00+00:00,3979.300048828125,3980.5,3977.60009765625,3978.5,151.0
2026-07-16 20:45:00+00:00,3978.5,3981.0,3978.199951171875,3979.89990234375,302.0
2026-07-16 22:00:00+00:00,3980.10009765625,3984.10009765625,3979.10009765625,3979.39990234375,234.0
2026-07-16 22:15:00+00:00,3980.10009765625,3981.199951171875,3978.199951171875,3979.89990234375,219.0
2026-07-16 22:30:00+00:00,3980.199951171875,3980.60009765625,3976.800048828125,3977.39990234375,217.0
2026-07-16 22:45:00+00:00,3977.10009765625,3982.199951171875,3976.89990234375,3982.10009765625,248.0
2026-07-16 23:00:00+00:00,3982.10009765625,3984.0,3978.60009765625,3983.60009765625,358.0
2026-07-16 23:15:00+00:00,3983.300048828125,3984.300048828125,3981.300048828125,3982.5,287.0
2026-07-16 23:30:00+00:00,3981.89990234375,3985.699951171875,3979.0,3984.89990234375,578.0
2026-07-16 23:45:00+00:00,3984.89990234375,3989.89990234375,3980.199951171875,3989.199951171875,366.0
2026-07-17 00:00:00+00:00,3989.5,3991.10009765625,3986.800048828125,3987.10009765625,377.0
2026-07-17 00:15:00+00:00,3987.800048828125,3994.300048828125,3987.199951171875,3988.199951171875,547.0
2026-07-17 00:30:00+00:00,3988.0,3988.39990234375,3983.800048828125,3985.5,520.0
2026-07-17 00:45:00+00:00,3985.699951171875,3995.89990234375,3985.300048828125,3995.89990234375,708.0
2026-07-17 01:00:00+00:00,3996.0,3999.0,3991.199951171875,3996.0,1173.0
2026-07-17 01:15:00+00:00,3995.800048828125,4000.10009765625,3991.5,3994.89990234375,997.0
2026-07-17 01:30:00+00:00,3993.699951171875,3999.10009765625,3992.0,3994.699951171875,723.0
2026-07-17 01:45:00+00:00,3994.699951171875,3996.10009765625,3982.699951171875,3986.5,1303.0
2026-07-17 02:00:00+00:00,3987.0,3991.10009765625,3983.300048828125,3984.5,509.0
2026-07-17 02:15:00+00:00,3984.199951171875,3987.89990234375,3984.10009765625,3986.60009765625,304.0
2026-07-17 02:30:00+00:00,3986.10009765625,3987.39990234375,3974.10009765625,3978.39990234375,893.0
2026-07-17 02:45:00+00:00,3978.0,3983.39990234375,3977.699951171875,3982.199951171875,640.0
2026-07-17 03:00:00+00:00,3982.5,3996.800048828125,3982.199951171875,3992.199951171875,1169.0
2026-07-17 03:15:00+00:00,3992.199951171875,4012.199951171875,3992.199951171875,4005.10009765625,2495.0
2026-07-17 03:30:00+00:00,4004.800048828125,4005.300048828125,3999.699951171875,4000.89990234375,763.0
2026-07-17 03:45:00+00:00,4001.300048828125,4002.199951171875,3994.0,3995.699951171875,699.0
2026-07-17 04:00:00+00:00,3995.0,3995.10009765625,3990.199951171875,3992.10009765625,702.0
2026-07-17 04:15:00+00:00,3992.199951171875,3993.39990234375,3988.300048828125,3989.5,880.0
2026-07-17 04:30:00+00:00,3989.60009765625,3991.60009765625,3983.10009765625,3984.800048828125,751.0
2026-07-17 04:45:00+00:00,3985.5,3987.89990234375,3983.5,3985.0,438.0
2026-07-17 05:00:00+00:00,3984.800048828125,3986.0,3980.199951171875,3983.0,673.0
2026-07-17 05:15:00+00:00,3982.5,3984.10009765625,3978.39990234375,3983.699951171875,962.0
2026-07-17 09:00:00+00:00,4000.0,4002.5,3999.60009765625,4002.10009765625,12740.0
2026-07-17 09:15:00+00:00,4002.10009765625,4006.5,3999.800048828125,4002.89990234375,867.0
2026-07-17 09:30:00+00:00,4003.39990234375,4003.800048828125,3999.10009765625,3999.5,543.0
2026-07-17 09:45:00+00:00,3999.89990234375,4002.39990234375,3998.60009765625,4001.800048828125,475.0
2026-07-17 10:00:00+00:00,4001.699951171875,4002.39990234375,3998.800048828125,4000.800048828125,482.0
2026-07-17 10:15:00+00:00,4001.10009765625,4002.89990234375,3998.0,3999.60009765625,852.0
2026-07-17 10:30:00+00:00,3999.800048828125,4000.89990234375,3997.199951171875,4000.0,674.0
2026-07-17 10:45:00+00:00,3999.800048828125,4000.89990234375,3994.10009765625,3994.39990234375,630.0
2026-07-17 11:00:00+00:00,3995.10009765625,3997.89990234375,3993.699951171875,3995.5,427.0
2026-07-17 11:15:00+00:00,3995.300048828125,4000.10009765625,3993.60009765625,3999.39990234375,664.0
2026-07-17 11:30:00+00:00,3999.89990234375,4000.300048828125,3995.10009765625,3995.800048828125,539.0
2026-07-17 11:45:00+00:00,3995.699951171875,4002.699951171875,3995.199951171875,3997.89990234375,1153.0
2026-07-17 12:00:00+00:00,3998.699951171875,3999.60009765625,3991.800048828125,3993.300048828125,1643.0
2026-07-17 12:15:00+00:00,3994.89990234375,3995.89990234375,3987.800048828125,3990.800048828125,1571.0
2026-07-17 12:30:00+00:00,3991.39990234375,3991.800048828125,3968.60009765625,3973.300048828125,3597.0
2026-07-17 12:45:00+00:00,3973.0,3977.0,3967.699951171875,3970.0,3075.0
2026-07-17 13:00:00+00:00,3969.60009765625,3979.60009765625,3963.0,3974.10009765625,4466.0
2026-07-17 13:15:00+00:00,3973.39990234375,3978.699951171875,3970.699951171875,3971.89990234375,1906.0
2026-07-17 13:30:00+00:00,3972.0,4007.89990234375,3967.10009765625,3988.5,6794.0
2026-07-17 13:45:00+00:00,3989.199951171875,4001.300048828125,3984.800048828125,4001.300048828125,3290.0
2026-07-17 14:00:00+00:00,4001.300048828125,4005.10009765625,3994.199951171875,3999.199951171875,3693.0
2026-07-17 14:15:00+00:00,3999.10009765625,4008.89990234375,3997.60009765625,4002.699951171875,2647.0
2026-07-17 14:30:00+00:00,4002.800048828125,4003.89990234375,3996.300048828125,4002.199951171875,1757.0
2026-07-17 14:45:00+00:00,4002.10009765625,4005.800048828125,3997.199951171875,4005.5,1587.0
2026-07-17 15:00:00+00:00,4005.5,4019.39990234375,4002.0,4009.699951171875,5664.0
2026-07-17 15:15:00+00:00,4010.300048828125,4018.0,4009.0,4017.89990234375,1635.0
2026-07-17 15:30:00+00:00,4017.89990234375,4021.199951171875,4013.60009765625,4020.39990234375,2706.0
2026-07-17 15:45:00+00:00,4020.0,4026.10009765625,4018.5,4024.10009765625,2576.0
2026-07-17 16:00:00+00:00,4024.0,4025.199951171875,4016.0,4023.0,3004.0
2026-07-17 16:15:00+00:00,4022.89990234375,4028.89990234375,4021.89990234375,4023.800048828125,2069.0
2026-07-17 16:30:00+00:00,4023.5,4024.10009765625,4017.5,4022.300048828125,1611.0
2026-07-17 16:45:00+00:00,4022.10009765625,4025.39990234375,4019.39990234375,4019.60009765625,2161.0
2026-07-17 17:00:00+00:00,4020.0,4024.0,4018.10009765625,4018.39990234375,1120.0
2026-07-17 17:15:00+00:00,4018.10009765625,4020.800048828125,4017.0,4018.39990234375,1945.0
2026-07-17 17:30:00+00:00,4018.60009765625,4019.5,4014.699951171875,4016.0,819.0
2026-07-17 17:45:00+00:00,4015.699951171875,4018.300048828125,4012.89990234375,4014.800048828125,865.0
2026-07-17 18:00:00+00:00,4014.89990234375,4017.89990234375,4012.5,4015.5,773.0
2026-07-17 18:15:00+00:00,4015.300048828125,4021.10009765625,4014.10009765625,4020.699951171875,572.0
2026-07-17 18:30:00+00:00,4020.300048828125,4021.300048828125,4012.0,4013.0,845.0
2026-07-17 18:45:00+00:00,4013.10009765625,4017.199951171875,4011.60009765625,4016.10009765625,605.0
2026-07-17 19:00:00+00:00,4016.39990234375,4016.39990234375,4008.89990234375,4010.800048828125,731.0
2026-07-17 19:15:00+00:00,4010.5,4011.300048828125,4006.800048828125,4009.89990234375,683.0
2026-07-17 19:30:00+00:00,4011.0,4014.800048828125,4009.60009765625,4014.699951171875,664.0
2026-07-17 19:45:00+00:00,4014.89990234375,4020.89990234375,4013.89990234375,4019.89990234375,824.0
2026-07-17 20:00:00+00:00,4019.89990234375,4020.300048828125,4016.300048828125,4016.800048828125,429.0
2026-07-17 20:15:00+00:00,4017.10009765625,4017.10009765625,4013.5,4015.39990234375,228.0
2026-07-17 20:30:00+00:00,4015.300048828125,4018.10009765625,4013.199951171875,4017.699951171875,230.0
2026-07-17 20:45:00+00:00,4017.699951171875,4022.89990234375,4017.5,4018.800048828125,491.0
2026-07-19 22:00:00+00:00,4001.0,4001.800048828125,3999.699951171875,4000.300048828125,54.0
2026-07-19 22:15:00+00:00,4000.0,4004.39990234375,3998.300048828125,3998.800048828125,443.0
2026-07-19 22:30:00+00:00,3997.60009765625,4002.800048828125,3996.89990234375,4000.60009765625,514.0
2026-07-19 22:45:00+00:00,4000.800048828125,4002.300048828125,3997.89990234375,3997.89990234375,258.0
2026-07-19 23:00:00+00:00,3999.300048828125,3999.300048828125,3994.300048828125,3994.5,369.0
2026-07-19 23:15:00+00:00,3995.0,3998.0,3993.800048828125,3996.699951171875,225.0
2026-07-19 23:30:00+00:00,3996.5,3998.0,3993.5,3996.0,314.0
2026-07-19 23:45:00+00:00,3996.5,4000.10009765625,3993.0,3999.199951171875,460.0
2026-07-20 00:00:00+00:00,3999.60009765625,4003.10009765625,3986.5,4000.0,2110.0
2026-07-20 00:15:00+00:00,3999.300048828125,4010.10009765625,3997.800048828125,4008.60009765625,981.0
2026-07-20 00:30:00+00:00,4008.39990234375,4011.800048828125,4002.39990234375,4002.89990234375,976.0
2026-07-20 00:45:00+00:00,4003.5,4014.5,4002.800048828125,4013.699951171875,761.0
2026-07-20 01:00:00+00:00,4013.5,4025.699951171875,4009.89990234375,4014.300048828125,2797.0
2026-07-20 01:15:00+00:00,4014.89990234375,4014.89990234375,4004.10009765625,4007.5,1337.0
2026-07-20 01:30:00+00:00,4007.300048828125,4010.39990234375,4000.10009765625,4001.5,624.0
2026-07-20 01:45:00+00:00,4002.5,4008.800048828125,4001.60009765625,4007.0,490.0
2026-07-20 02:00:00+00:00,4007.300048828125,4014.699951171875,4006.0,4011.300048828125,780.0
2026-07-20 02:15:00+00:00,4011.5,4013.39990234375,4008.800048828125,4011.5,208.0
2026-07-20 02:30:00+00:00,4011.39990234375,4021.10009765625,4010.699951171875,4019.800048828125,698.0
2026-07-20 02:45:00+00:00,4019.60009765625,4034.199951171875,4019.0,4027.10009765625,2063.0
2026-07-20 03:00:00+00:00,4026.0,4029.10009765625,4023.5,4029.0,521.0
2026-07-20 03:15:00+00:00,4028.800048828125,4031.699951171875,4026.699951171875,4027.5,482.0
2026-07-20 03:30:00+00:00,4027.60009765625,4032.699951171875,4023.89990234375,4031.60009765625,654.0
2026-07-20 03:45:00+00:00,4032.199951171875,4032.5,4027.800048828125,4027.800048828125,231.0
2026-07-20 04:00:00+00:00,4028.699951171875,4031.300048828125,4025.89990234375,4025.89990234375,286.0
2026-07-20 04:15:00+00:00,4025.89990234375,4029.89990234375,4025.89990234375,4029.800048828125,316.0
2026-07-20 04:30:00+00:00,4029.800048828125,4029.800048828125,4026.60009765625,4028.0,297.0
2026-07-20 04:45:00+00:00,4027.0,4027.10009765625,4022.60009765625,4022.800048828125,393.0
2026-07-20 05:00:00+00:00,4023.89990234375,4025.10009765625,4015.89990234375,4018.199951171875,859.0
2026-07-20 05:15:00+00:00,4018.5,4019.199951171875,4013.60009765625,4014.5,415.0
2026-07-20 05:30:00+00:00,4014.699951171875,4018.699951171875,4012.0,4015.0,658.0
2026-07-20 05:45:00+00:00,4013.0,4014.699951171875,4009.5,4012.300048828125,571.0
2026-07-20 06:00:00+00:00,4012.39990234375,4015.89990234375,4011.0,4011.699951171875,457.0
2026-07-20 06:15:00+00:00,4011.60009765625,4013.89990234375,4008.10009765625,4009.89990234375,489.0
2026-07-20 06:30:00+00:00,4009.10009765625,4011.0,4007.0,4009.0,661.0
2026-07-20 06:45:00+00:00,4009.5,4011.89990234375,4007.5,4008.199951171875,296.0
2026-07-20 07:00:00+00:00,4008.0,4011.300048828125,4006.5,4008.5,598.0
2026-07-20 07:15:00+00:00,4008.699951171875,4013.199951171875,4006.60009765625,4011.300048828125,808.0
2026-07-20 07:30:00+00:00,4011.39990234375,4025.89990234375,4011.300048828125,4025.89990234375,2089.0
2026-07-20 07:45:00+00:00,4026.0,4026.699951171875,4020.699951171875,4022.10009765625,1312.0
2026-07-20 08:00:00+00:00,4022.39990234375,4030.60009765625,4022.199951171875,4029.0,1050.0
2026-07-20 08:15:00+00:00,4029.0,4035.5,4026.800048828125,4027.10009765625,1456.0
2026-07-20 08:30:00+00:00,4026.699951171875,4029.5,4023.60009765625,4026.300048828125,1176.0
2026-07-20 08:45:00+00:00,4026.5,4027.10009765625,4021.800048828125,4023.300048828125,672.0
2026-07-20 09:00:00+00:00,4023.0,4025.300048828125,4019.199951171875,4023.39990234375,512.0
2026-07-20 09:15:00+00:00,4023.60009765625,4026.199951171875,4019.60009765625,4020.300048828125,414.0
2026-07-20 09:30:00+00:00,4020.199951171875,4025.39990234375,4018.699951171875,4023.699951171875,641.0
2026-07-20 09:45:00+00:00,4023.199951171875,4027.699951171875,4022.0,4025.300048828125,792.0
2026-07-20 10:00:00+00:00,4025.800048828125,4026.0,4022.39990234375,4025.199951171875,341.0
2026-07-20 10:15:00+00:00,4025.10009765625,4027.89990234375,4023.199951171875,4026.699951171875,452.0
2026-07-20 10:30:00+00:00,4026.300048828125,4029.0,4025.800048828125,4026.699951171875,334.0
2026-07-20 10:45:00+00:00,4026.60009765625,4030.39990234375,4025.60009765625,4029.0,475.0
2026-07-20 11:00:00+00:00,4029.0,4032.0,4024.39990234375,4027.0,770.0
2026-07-20 11:15:00+00:00,4027.0,4028.5,4024.5,4026.5,438.0
2026-07-20 11:30:00+00:00,4026.5,4046.0,4025.89990234375,4037.0,4773.0
2026-07-20 11:45:00+00:00,4037.60009765625,4037.60009765625,4029.89990234375,4030.5,974.0
2026-07-20 12:00:00+00:00,4030.0,4030.199951171875,4015.800048828125,4017.0,2872.0
2026-07-20 12:15:00+00:00,4018.10009765625,4019.199951171875,4010.60009765625,4017.0,2873.0
2026-07-20 12:30:00+00:00,4017.199951171875,4018.699951171875,4010.10009765625,4014.300048828125,1853.0
2026-07-20 12:45:00+00:00,4013.800048828125,4019.800048828125,4011.89990234375,4012.0,2491.0
2026-07-20 13:00:00+00:00,4012.5,4017.89990234375,4011.800048828125,4012.5,1409.0
2026-07-20 13:15:00+00:00,4012.699951171875,4016.699951171875,4010.800048828125,4012.39990234375,1128.0
2026-07-20 13:30:00+00:00,4012.60009765625,4021.60009765625,4012.199951171875,4017.199951171875,2141.0
2026-07-20 13:45:00+00:00,4017.39990234375,4017.60009765625,4009.39990234375,4009.5,2895.0
2026-07-20 14:00:00+00:00,4009.39990234375,4011.89990234375,4001.60009765625,4002.89990234375,4062.0
2026-07-20 14:15:00+00:00,4002.60009765625,4010.699951171875,4002.0,4010.60009765625,1862.0
2026-07-20 14:30:00+00:00,4010.800048828125,4015.199951171875,4009.89990234375,4011.699951171875,2555.0
2026-07-20 14:45:00+00:00,4011.60009765625,4018.60009765625,4009.10009765625,4010.5,2404.0
2026-07-20 15:00:00+00:00,4010.39990234375,4023.89990234375,4008.699951171875,4018.699951171875,3986.0
2026-07-20 15:15:00+00:00,4018.699951171875,4021.199951171875,4015.199951171875,4020.800048828125,1697.0
2026-07-20 15:30:00+00:00,4020.699951171875,4021.300048828125,4014.39990234375,4017.0,1367.0
2026-07-20 15:45:00+00:00,4017.199951171875,4020.89990234375,4016.199951171875,4016.199951171875,927.0
2026-07-20 16:00:00+00:00,4016.300048828125,4022.800048828125,4015.39990234375,4018.300048828125,1188.0
2026-07-20 16:15:00+00:00,4018.39990234375,4019.0,4015.199951171875,4017.0,616.0
2026-07-20 16:30:00+00:00,4016.800048828125,4017.0,4005.199951171875,4013.800048828125,2213.0
2026-07-20 16:45:00+00:00,4013.5,4014.60009765625,4010.39990234375,4013.89990234375,906.0
2026-07-20 17:00:00+00:00,4013.89990234375,4016.39990234375,4013.300048828125,4014.39990234375,662.0
2026-07-20 17:15:00+00:00,4013.89990234375,4017.0,4012.89990234375,4016.10009765625,3664.0
2026-07-20 17:30:00+00:00,4016.199951171875,4017.0,4011.60009765625,4012.0,637.0
2026-07-20 17:45:00+00:00,4011.89990234375,4011.89990234375,4007.800048828125,4009.199951171875,884.0
2026-07-20 18:00:00+00:00,4009.300048828125,4015.300048828125,4009.300048828125,4013.199951171875,940.0
2026-07-20 18:15:00+00:00,4013.39990234375,4016.39990234375,4007.699951171875,4011.0,1022.0
2026-07-20 18:30:00+00:00,4011.199951171875,4011.699951171875,4008.5,4011.0,444.0
2026-07-20 18:45:00+00:00,4010.699951171875,4013.0,4009.5,4012.10009765625,364.0
2026-07-20 19:00:00+00:00,4011.5,4012.60009765625,4008.699951171875,4009.5,198.0
2026-07-20 19:15:00+00:00,4008.800048828125,4017.5,4008.5,4017.300048828125,767.0
2026-07-20 19:30:00+00:00,4017.0,4022.199951171875,4009.300048828125,4010.300048828125,1307.0
2026-07-20 19:45:00+00:00,4010.0,4014.39990234375,4009.300048828125,4011.10009765625,1074.0
2026-07-20 20:00:00+00:00,4010.800048828125,4013.300048828125,4009.800048828125,4011.800048828125,495.0
2026-07-20 20:15:00+00:00,4011.5,4013.5,4011.0,4012.10009765625,191.0
2026-07-20 20:30:00+00:00,4012.60009765625,4013.39990234375,4011.300048828125,4012.5,142.0
2026-07-20 20:45:00+00:00,4012.60009765625,4013.10009765625,4008.39990234375,4011.800048828125,530.0
2026-07-20 22:00:00+00:00,4013.199951171875,4014.699951171875,4009.300048828125,4010.199951171875,113.0
2026-07-20 22:15:00+00:00,4010.5,4014.10009765625,4008.300048828125,4013.10009765625,667.0
2026-07-20 22:30:00+00:00,4012.300048828125,4013.10009765625,4006.300048828125,4007.699951171875,1140.0
2026-07-20 22:45:00+00:00,4008.199951171875,4012.300048828125,4003.300048828125,4004.0,1039.0
2026-07-20 23:00:00+00:00,4004.199951171875,4013.39990234375,4003.300048828125,4007.0,972.0
2026-07-20 23:15:00+00:00,4007.300048828125,4011.39990234375,4007.300048828125,4007.89990234375,370.0
2026-07-20 23:30:00+00:00,4008.10009765625,4013.0,4007.89990234375,4012.0,441.0
2026-07-20 23:45:00+00:00,4011.10009765625,4015.10009765625,4008.39990234375,4014.39990234375,252.0
2026-07-21 00:00:00+00:00,4011.0,4017.5,4008.300048828125,4015.0,454.0
2026-07-21 00:15:00+00:00,4015.300048828125,4023.0,4012.5,4019.60009765625,610.0
2026-07-21 00:30:00+00:00,4018.800048828125,4029.0,4018.60009765625,4027.0,1041.0
2026-07-21 00:45:00+00:00,4027.5,4032.0,4026.300048828125,4029.60009765625,543.0
2026-07-21 01:00:00+00:00,4030.5,4034.699951171875,4022.5,4033.5,1793.0
2026-07-21 01:15:00+00:00,4033.300048828125,4041.0,4030.699951171875,4032.89990234375,1932.0
2026-07-21 01:30:00+00:00,4033.39990234375,4035.39990234375,4027.199951171875,4028.5,1357.0
2026-07-21 01:45:00+00:00,4028.60009765625,4032.300048828125,4025.39990234375,4027.60009765625,832.0
2026-07-21 02:00:00+00:00,4027.5,4030.60009765625,4025.89990234375,4028.5,510.0
2026-07-21 02:15:00+00:00,4028.199951171875,4034.300048828125,4025.89990234375,4033.10009765625,553.0
2026-07-21 02:30:00+00:00,4034.0,4049.800048828125,4032.199951171875,4039.89990234375,2448.0
2026-07-21 02:45:00+00:00,4040.199951171875,4042.800048828125,4035.5,4042.699951171875,640.0
2026-07-21 03:00:00+00:00,4042.300048828125,4046.800048828125,4042.199951171875,4043.10009765625,855.0
2026-07-21 03:15:00+00:00,4042.10009765625,4057.199951171875,4041.300048828125,4052.0,1361.0
2026-07-21 03:30:00+00:00,4052.10009765625,4054.0,4046.699951171875,4046.800048828125,574.0
2026-07-21 03:45:00+00:00,4046.699951171875,4051.89990234375,4046.5,4050.89990234375,388.0
2026-07-21 04:00:00+00:00,4051.699951171875,4056.60009765625,4050.300048828125,4050.699951171875,862.0
2026-07-21 04:15:00+00:00,4050.800048828125,4051.39990234375,4048.39990234375,4049.5,362.0
2026-07-21 04:30:00+00:00,4049.5,4052.5,4049.0,4051.89990234375,254.0
2026-07-21 04:45:00+00:00,4051.699951171875,4054.60009765625,4050.199951171875,4054.300048828125,354.0
2026-07-21 05:00:00+00:00,4054.10009765625,4057.0,4051.10009765625,4056.300048828125,757.0
2026-07-21 05:15:00+00:00,4056.699951171875,4061.5,4052.800048828125,4059.10009765625,972.0
2026-07-21 05:30:00+00:00,4059.5,4071.60009765625,4059.5,4070.89990234375,3058.0
2026-07-21 05:45:00+00:00,4071.0,4072.800048828125,4065.60009765625,4066.0,1565.0
2026-07-21 06:00:00+00:00,4066.10009765625,4077.10009765625,4066.0,4075.699951171875,1709.0
2026-07-21 06:15:00+00:00,4076.0,4079.0,4072.60009765625,4076.89990234375,1160.0
2026-07-21 06:30:00+00:00,4077.199951171875,4085.10009765625,4076.199951171875,4081.60009765625,3787.0
2026-07-21 06:45:00+00:00,4082.0,4088.39990234375,4082.0,4083.0,1191.0
2026-07-21 07:00:00+00:00,4083.300048828125,4084.800048828125,4076.0,4076.39990234375,1652.0
2026-07-21 07:15:00+00:00,4076.89990234375,4078.0,4072.60009765625,4074.10009765625,1226.0
2026-07-21 07:30:00+00:00,4073.89990234375,4079.89990234375,4072.10009765625,4075.800048828125,1015.0
2026-07-21 07:45:00+00:00,4076.10009765625,4076.89990234375,4074.199951171875,4075.699951171875,1531.0
2026-07-21 08:00:00+00:00,4075.60009765625,4076.89990234375,4070.10009765625,4072.5,1144.0
2026-07-21 08:15:00+00:00,4072.39990234375,4073.300048828125,4067.300048828125,4068.0,863.0
2026-07-21 08:30:00+00:00,4067.699951171875,4069.699951171875,4065.39990234375,4066.699951171875,862.0
2026-07-21 08:45:00+00:00,4066.800048828125,4068.0,4063.60009765625,4067.39990234375,2193.0
2026-07-21 09:00:00+00:00,4067.89990234375,4071.5,4067.699951171875,4069.699951171875,1768.0
2026-07-21 09:15:00+00:00,4069.699951171875,4072.800048828125,4066.699951171875,4067.300048828125,990.0
2026-07-21 09:30:00+00:00,4068.10009765625,4070.0,4065.39990234375,4067.0,1460.0
2026-07-21 09:45:00+00:00,4066.800048828125,4074.39990234375,4066.5,4070.199951171875,1459.0
2026-07-21 10:00:00+00:00,4070.5,4073.0,4065.10009765625,4070.89990234375,1084.0
2026-07-21 10:15:00+00:00,4071.0,4074.0,4069.199951171875,4071.699951171875,729.0
2026-07-21 10:30:00+00:00,4071.60009765625,4074.800048828125,4070.800048828125,4071.699951171875,394.0
2026-07-21 10:45:00+00:00,4071.60009765625,4073.199951171875,4067.0,4067.5,2063.0
2026-07-21 11:00:00+00:00,4067.699951171875,4068.300048828125,4059.89990234375,4063.199951171875,1451.0
2026-07-21 11:15:00+00:00,4063.300048828125,4064.699951171875,4060.699951171875,4062.60009765625,557.0
2026-07-21 11:30:00+00:00,4062.800048828125,4066.300048828125,4060.199951171875,4060.60009765625,748.0
2026-07-21 11:45:00+00:00,4060.39990234375,4063.5,4058.89990234375,4060.60009765625,652.0
2026-07-21 12:00:00+00:00,4060.5,4065.699951171875,4060.300048828125,4063.800048828125,843.0
2026-07-21 12:15:00+00:00,4064.0,4070.39990234375,4060.5,4066.0,1990.0
2026-07-21 12:30:00+00:00,4066.300048828125,4068.199951171875,4055.0,4058.0,2590.0
2026-07-21 12:45:00+00:00,4057.89990234375,4066.199951171875,4057.10009765625,4058.0,1818.0
2026-07-21 13:00:00+00:00,4058.300048828125,4064.800048828125,4058.300048828125,4063.60009765625,1756.0
2026-07-21 13:15:00+00:00,4063.300048828125,4066.10009765625,4054.300048828125,4055.199951171875,1886.0
2026-07-21 13:30:00+00:00,4055.199951171875,4061.699951171875,4048.60009765625,4050.39990234375,3824.0
2026-07-21 13:45:00+00:00,4050.199951171875,4057.699951171875,4048.39990234375,4057.39990234375,1818.0
2026-07-21 14:00:00+00:00,4057.60009765625,4070.800048828125,4055.39990234375,4070.300048828125,3645.0
2026-07-21 14:15:00+00:00,4070.5,4074.10009765625,4065.699951171875,4074.10009765625,3068.0
2026-07-21 14:30:00+00:00,4074.0,4079.10009765625,4066.800048828125,4072.0,3258.0
2026-07-21 14:45:00+00:00,4072.300048828125,4075.300048828125,4070.699951171875,4072.89990234375,2731.0
2026-07-21 15:00:00+00:00,4072.60009765625,4078.300048828125,4069.800048828125,4077.800048828125,1797.0
2026-07-21 15:15:00+00:00,4077.89990234375,4083.800048828125,4077.89990234375,4081.39990234375,3025.0
2026-07-21 15:30:00+00:00,4080.89990234375,4088.0,4079.699951171875,4080.199951171875,2440.0
2026-07-21 15:45:00+00:00,4080.39990234375,4082.5,4075.800048828125,4078.60009765625,2168.0
2026-07-21 16:00:00+00:00,4078.5,4083.5,4077.39990234375,4082.5,931.0
2026-07-21 16:15:00+00:00,4082.60009765625,4082.800048828125,4078.10009765625,4080.0,1388.0
2026-07-21 16:30:00+00:00,4079.800048828125,4080.5,4075.300048828125,4076.199951171875,1284.0
2026-07-21 16:45:00+00:00,4076.300048828125,4077.5,4074.10009765625,4075.89990234375,773.0
2026-07-21 17:00:00+00:00,4076.0,4076.89990234375,4073.60009765625,4074.800048828125,764.0
2026-07-21 17:15:00+00:00,4074.699951171875,4077.199951171875,4073.300048828125,4076.699951171875,1384.0
2026-07-21 17:30:00+00:00,4076.699951171875,4076.699951171875,4071.199951171875,4072.60009765625,1083.0
2026-07-21 17:45:00+00:00,4072.39990234375,4073.0,4071.0,4073.0,356.0
2026-07-21 18:00:00+00:00,4072.800048828125,4076.5,4071.89990234375,4075.800048828125,460.0
2026-07-21 18:15:00+00:00,4075.5,4092.5,4075.39990234375,4088.5,2890.0
2026-07-21 18:30:00+00:00,4088.39990234375,4090.39990234375,4085.800048828125,4087.300048828125,1038.0
2026-07-21 18:45:00+00:00,4086.89990234375,4087.89990234375,4083.89990234375,4087.0,761.0
2026-07-21 19:00:00+00:00,4087.39990234375,4090.300048828125,4084.699951171875,4085.300048828125,566.0
2026-07-21 19:15:00+00:00,4086.0,4089.699951171875,4085.800048828125,4088.60009765625,474.0
2026-07-21 19:30:00+00:00,4089.300048828125,4089.60009765625,4086.199951171875,4087.5,591.0
2026-07-21 19:45:00+00:00,4087.199951171875,4089.60009765625,4086.89990234375,4088.800048828125,997.0
2026-07-21 20:00:00+00:00,4088.89990234375,4090.89990234375,4087.5,4088.800048828125,621.0
2026-07-21 20:15:00+00:00,4088.5,4088.89990234375,4085.89990234375,4086.89990234375,373.0
2026-07-21 20:30:00+00:00,4087.10009765625,4089.800048828125,4084.0,4085.39990234375,492.0
2026-07-21 20:45:00+00:00,4085.0,4085.39990234375,4080.89990234375,4082.199951171875,512.0
2026-07-21 22:00:00+00:00,4085.60009765625,4085.89990234375,4081.0,4083.199951171875,143.0
2026-07-21 22:15:00+00:00,4083.0,4087.39990234375,4082.39990234375,4086.699951171875,336.0
2026-07-21 22:30:00+00:00,4086.60009765625,4089.0,4086.300048828125,4087.89990234375,589.0
2026-07-21 22:45:00+00:00,4088.10009765625,4088.300048828125,4082.0,4084.60009765625,600.0
2026-07-21 23:00:00+00:00,4084.39990234375,4086.199951171875,4083.300048828125,4085.39990234375,266.0
2026-07-21 23:15:00+00:00,4085.699951171875,4086.800048828125,4085.0,4085.199951171875,82.0
2026-07-21 23:30:00+00:00,4085.300048828125,4086.699951171875,4083.39990234375,4084.89990234375,222.0
2026-07-21 23:45:00+00:00,4084.699951171875,4087.39990234375,4083.39990234375,4085.60009765625,185.0
2026-07-22 00:00:00+00:00,4085.5,4097.2998046875,4081.10009765625,4096.2998046875,1472.0
2026-07-22 00:15:00+00:00,4097.2998046875,4103.60009765625,4097.10009765625,4103.0,1412.0
2026-07-22 00:30:00+00:00,4103.0,4107.5,4094.199951171875,4097.2998046875,1814.0
2026-07-22 00:45:00+00:00,4097.5,4104.2998046875,4096.0,4101.60009765625,748.0
2026-07-22 01:00:00+00:00,4101.2998046875,4126.10009765625,4100.7998046875,4126.0,4005.0
2026-07-22 01:15:00+00:00,4125.89990234375,4126.5,4116.0,4120.2998046875,1331.0
2026-07-22 01:30:00+00:00,4119.39990234375,4127.39990234375,4117.2998046875,4125.89990234375,1226.0
2026-07-22 01:45:00+00:00,4126.2998046875,4128.39990234375,4121.7998046875,4126.0,868.0
2026-07-22 02:00:00+00:00,4126.10009765625,4128.10009765625,4123.10009765625,4126.2998046875,570.0
2026-07-22 02:15:00+00:00,4126.2998046875,4130.5,4124.0,4128.7998046875,631.0
2026-07-22 02:30:00+00:00,4129.2001953125,4134.7998046875,4126.60009765625,4133.0,1705.0
2026-07-22 02:45:00+00:00,4132.60009765625,4135.2998046875,4130.7001953125,4134.89990234375,883.0
2026-07-22 03:00:00+00:00,4134.7001953125,4145.0,4133.60009765625,4141.7998046875,2554.0
2026-07-22 03:15:00+00:00,4141.60009765625,4146.0,4141.2001953125,4142.7998046875,1501.0
2026-07-22 03:30:00+00:00,4142.39990234375,4142.39990234375,4136.7998046875,4138.10009765625,887.0
2026-07-22 03:45:00+00:00,4138.10009765625,4138.7001953125,4134.60009765625,4135.5,480.0
2026-07-22 04:00:00+00:00,4135.10009765625,4135.60009765625,4131.0,4131.7001953125,962.0
2026-07-22 04:15:00+00:00,4131.7998046875,4134.2998046875,4131.7998046875,4133.60009765625,423.0
2026-07-22 04:30:00+00:00,4133.7001953125,4133.7998046875,4129.39990234375,4131.89990234375,676.0
2026-07-22 04:45:00+00:00,4131.7001953125,4132.0,4129.7998046875,4131.7998046875,292.0
2026-07-22 05:00:00+00:00,4131.60009765625,4134.7001953125,4130.60009765625,4133.10009765625,482.0
2026-07-22 05:15:00+00:00,4133.5,4133.5,4127.60009765625,4128.2998046875,976.0
2026-07-22 05:30:00+00:00,4127.7001953125,4138.60009765625,4127.5,4136.89990234375,1219.0
2026-07-22 05:45:00+00:00,4136.39990234375,4137.89990234375,4132.39990234375,4135.5,654.0
2026-07-22 06:00:00+00:00,4135.2998046875,4140.0,4133.7001953125,4134.0,950.0
2026-07-22 06:15:00+00:00,4134.2001953125,4136.5,4118.2001953125,4121.7001953125,2048.0
2026-07-22 06:30:00+00:00,4121.7001953125,4124.7001953125,4118.89990234375,4122.89990234375,945.0
2026-07-22 06:45:00+00:00,4122.7998046875,4124.89990234375,4117.7998046875,4121.0,2658.0
2026-07-22 07:00:00+00:00,4120.7998046875,4121.60009765625,4116.10009765625,4120.5,1625.0
2026-07-22 07:15:00+00:00,4120.39990234375,4126.89990234375,4120.2998046875,4124.0,1133.0
2026-07-22 07:30:00+00:00,4124.2001953125,4127.39990234375,4115.39990234375,4116.5,1042.0
2026-07-22 07:45:00+00:00,4116.60009765625,4118.39990234375,4113.2998046875,4114.60009765625,1009.0
2026-07-22 08:00:00+00:00,4115.5,4120.7998046875,4114.7998046875,4118.89990234375,795.0
2026-07-22 08:15:00+00:00,4119.2001953125,4122.2998046875,4117.7998046875,4121.7998046875,620.0
2026-07-22 08:30:00+00:00,4121.7998046875,4123.7998046875,4118.5,4118.7998046875,730.0
2026-07-22 08:45:00+00:00,4119.10009765625,4124.39990234375,4117.7001953125,4122.2998046875,603.0
2026-07-22 09:00:00+00:00,4122.60009765625,4126.5,4122.10009765625,4125.7998046875,786.0
2026-07-22 09:15:00+00:00,4125.10009765625,4126.60009765625,4121.7001953125,4122.60009765625,1119.0
2026-07-22 09:30:00+00:00,4122.89990234375,4125.7998046875,4118.39990234375,4120.5,1177.0
2026-07-22 09:45:00+00:00,4120.39990234375,4122.2001953125,4117.5,4118.7998046875,633.0
2026-07-22 10:00:00+00:00,4119.2001953125,4124.7998046875,4119.2001953125,4121.7998046875,677.0
2026-07-22 10:15:00+00:00,4122.0,4126.10009765625,4120.60009765625,4123.5,491.0
2026-07-22 10:30:00+00:00,4123.5,4124.10009765625,4119.89990234375,4121.2001953125,644.0
2026-07-22 10:45:00+00:00,4120.39990234375,4124.5,4120.39990234375,4121.2001953125,521.0
2026-07-22 11:00:00+00:00,4121.7998046875,4125.7998046875,4119.2998046875,4123.39990234375,859.0
2026-07-22 11:15:00+00:00,4123.39990234375,4127.5,4122.2001953125,4123.2001953125,2437.0
2026-07-22 11:30:00+00:00,4123.2998046875,4125.7001953125,4117.2001953125,4120.0,1402.0
2026-07-22 11:45:00+00:00,4119.5,4127.89990234375,4119.5,4127.39990234375,1145.0
2026-07-22 12:00:00+00:00,4126.89990234375,4132.5,4126.2998046875,4132.0,1683.0
2026-07-22 12:15:00+00:00,4132.5,4138.0,4129.7998046875,4137.7998046875,2158.0
2026-07-22 12:30:00+00:00,4138.10009765625,4139.5,4129.60009765625,4132.2001953125,3346.0
2026-07-22 12:45:00+00:00,4132.0,4132.2998046875,4110.39990234375,4117.0,4086.0
2026-07-22 13:00:00+00:00,4117.7001953125,4130.10009765625,4117.0,4130.0,1676.0
2026-07-22 13:15:00+00:00,4129.7998046875,4139.7998046875,4129.0,4136.5,2478.0
2026-07-22 13:30:00+00:00,4137.0,4152.10009765625,4136.7998046875,4147.5,7157.0
2026-07-22 13:45:00+00:00,4148.2998046875,4161.5,4147.89990234375,4159.7001953125,4507.0
2026-07-22 14:00:00+00:00,4160.10009765625,4168.7998046875,4158.60009765625,4161.7001953125,6031.0
2026-07-22 14:15:00+00:00,4161.7998046875,4161.7998046875,4149.10009765625,4151.2001953125,3612.0
2026-07-22 14:30:00+00:00,4150.89990234375,4158.2001953125,4150.89990234375,4155.7001953125,2020.0
2026-07-22 14:45:00+00:00,4156.0,4157.7998046875,4148.60009765625,4153.7998046875,1417.0
2026-07-22 15:00:00+00:00,4153.5,4163.5,4153.39990234375,4162.5,2107.0
2026-07-22 15:15:00+00:00,4162.2001953125,4166.60009765625,4158.10009765625,4162.2001953125,2641.0
2026-07-22 15:30:00+00:00,4162.2998046875,4166.10009765625,4160.7001953125,4165.2001953125,1569.0
2026-07-22 15:45:00+00:00,4165.10009765625,4171.39990234375,4163.2001953125,4164.10009765625,2383.0
2026-07-22 16:00:00+00:00,4164.5,4164.5,4158.2001953125,4159.5,1521.0
2026-07-22 16:15:00+00:00,4159.60009765625,4160.7001953125,4153.10009765625,4154.5,2556.0
2026-07-22 16:30:00+00:00,4154.60009765625,4157.2998046875,4150.10009765625,4152.60009765625,2530.0
2026-07-22 16:45:00+00:00,4153.10009765625,4154.89990234375,4150.10009765625,4152.7998046875,1103.0
2026-07-22 17:00:00+00:00,4153.0,4153.60009765625,4148.7998046875,4151.0,1559.0
2026-07-22 17:15:00+00:00,4151.0,4152.89990234375,4148.5,4151.60009765625,2042.0
2026-07-22 17:30:00+00:00,4151.5,4153.10009765625,4143.7998046875,4146.2998046875,2090.0
2026-07-22 17:45:00+00:00,4146.39990234375,4149.60009765625,4145.89990234375,4148.10009765625,585.0
2026-07-22 18:00:00+00:00,4147.7001953125,4148.39990234375,4142.5,4143.60009765625,1354.0
2026-07-22 18:15:00+00:00,4143.39990234375,4145.2001953125,4140.2001953125,4140.39990234375,857.0
2026-07-22 18:30:00+00:00,4141.0,4141.7001953125,4137.5,4141.39990234375,1000.0
2026-07-22 18:45:00+00:00,4141.10009765625,4144.2998046875,4140.60009765625,4141.7998046875,618.0
2026-07-22 19:00:00+00:00,4141.39990234375,4142.5,4138.2001953125,4139.60009765625,499.0
2026-07-22 19:15:00+00:00,4139.60009765625,4141.0,4137.10009765625,4140.0,515.0
2026-07-22 19:30:00+00:00,4139.60009765625,4141.60009765625,4138.0,4139.10009765625,623.0
2026-07-22 19:45:00+00:00,4139.2001953125,4140.60009765625,4133.89990234375,4136.39990234375,1746.0
2026-07-22 20:00:00+00:00,4136.2998046875,4140.2001953125,4135.10009765625,4139.60009765625,1075.0
2026-07-22 20:15:00+00:00,4139.39990234375,4142.7998046875,4138.89990234375,4141.7001953125,326.0
2026-07-22 20:30:00+00:00,4141.7001953125,4142.39990234375,4135.7001953125,4135.7998046875,440.0
2026-07-22 20:45:00+00:00,4135.7001953125,4136.10009765625,4133.2001953125,4135.0,248.0
2026-07-22 22:00:00+00:00,4126.5,4129.7001953125,4074.60009765625,4126.89990234375,2020.0
2026-07-22 22:15:00+00:00,4127.0,4132.2001953125,4123.2001953125,4131.2998046875,1095.0
2026-07-22 22:30:00+00:00,4132.0,4133.0,4122.7001953125,4124.39990234375,1219.0
2026-07-22 22:45:00+00:00,4124.2001953125,4129.89990234375,4123.2001953125,4124.7001953125,1555.0
2026-07-22 23:00:00+00:00,4125.39990234375,4127.39990234375,4118.89990234375,4126.60009765625,2024.0
2026-07-22 23:15:00+00:00,4126.2998046875,4126.60009765625,4121.7001953125,4122.7001953125,558.0
2026-07-22 23:30:00+00:00,4122.2998046875,4127.0,4121.60009765625,4126.2001953125,319.0
2026-07-22 23:45:00+00:00,4126.10009765625,4137.10009765625,4125.39990234375,4135.7998046875,1116.0
2026-07-23 00:00:00+00:00,4136.89990234375,4137.2001953125,4129.0,4129.89990234375,743.0
2026-07-23 00:15:00+00:00,4131.0,4138.0,4129.89990234375,4132.0,428.0
2026-07-23 00:30:00+00:00,4132.0,4135.2001953125,4130.0,4130.7998046875,411.0
2026-07-23 00:45:00+00:00,4130.7001953125,4136.89990234375,4128.39990234375,4135.2998046875,467.0
2026-07-23 01:00:00+00:00,4135.7001953125,4142.7001953125,4133.2001953125,4137.39990234375,1519.0
2026-07-23 01:15:00+00:00,4137.2001953125,4144.0,4136.7998046875,4140.2001953125,1093.0
2026-07-23 01:30:00+00:00,4140.5,4141.89990234375,4124.2001953125,4124.2001953125,2064.0
2026-07-23 01:45:00+00:00,4124.2001953125,4126.0,4116.7001953125,4120.5,1428.0
2026-07-23 02:00:00+00:00,4120.5,4121.39990234375,4114.7001953125,4119.7998046875,961.0
2026-07-23 02:15:00+00:00,4120.10009765625,4120.60009765625,4115.60009765625,4118.39990234375,827.0
2026-07-23 02:30:00+00:00,4118.60009765625,4124.89990234375,4116.10009765625,4124.60009765625,740.0
2026-07-23 02:45:00+00:00,4124.7998046875,4131.2998046875,4124.0,4130.7998046875,679.0
2026-07-23 03:00:00+00:00,4130.89990234375,4131.7001953125,4126.60009765625,4129.7001953125,674.0
2026-07-23 03:15:00+00:00,4129.89990234375,4135.60009765625,4129.2001953125,4132.7998046875,602.0
2026-07-23 03:30:00+00:00,4132.7998046875,4133.7998046875,4128.7001953125,4131.39990234375,542.0
2026-07-23 03:45:00+00:00,4131.10009765625,4131.10009765625,4127.2001953125,4127.60009765625,211.0
2026-07-23 04:00:00+00:00,4127.7001953125,4130.0,4124.7998046875,4129.89990234375,330.0
2026-07-23 04:15:00+00:00,4130.60009765625,4132.5,4127.60009765625,4132.5,315.0
2026-07-23 04:30:00+00:00,4132.2998046875,4132.89990234375,4125.5,4125.7998046875,379.0
2026-07-23 04:45:00+00:00,4125.5,4126.60009765625,4122.5,4123.7998046875,198.0
2026-07-23 05:00:00+00:00,4124.0,4127.5,4121.60009765625,4127.10009765625,425.0
2026-07-23 05:15:00+00:00,4126.89990234375,4128.0,4122.39990234375,4128.0,355.0
2026-07-23 05:30:00+00:00,4128.2998046875,4131.2998046875,4126.0,4130.2998046875,829.0
2026-07-23 05:45:00+00:00,4130.39990234375,4133.39990234375,4123.2998046875,4126.89990234375,1051.0
2026-07-23 06:00:00+00:00,4127.2001953125,4131.0,4124.0,4126.2998046875,587.0
2026-07-23 06:15:00+00:00,4126.10009765625,4130.5,4124.0,4124.89990234375,386.0
2026-07-23 06:30:00+00:00,4124.7998046875,4126.7001953125,4119.5,4122.5,610.0
2026-07-23 06:45:00+00:00,4122.39990234375,4125.10009765625,4120.5,4121.60009765625,566.0
2026-07-23 07:00:00+00:00,4121.60009765625,4122.2001953125,4104.89990234375,4110.0,2061.0
2026-07-23 07:15:00+00:00,4109.39990234375,4114.89990234375,4108.10009765625,4111.2001953125,1662.0
2026-07-23 07:30:00+00:00,4111.39990234375,4111.5,4094.300048828125,4098.5,2126.0
2026-07-23 07:45:00+00:00,4099.2001953125,4100.0,4093.0,4098.2998046875,1626.0
2026-07-23 08:00:00+00:00,4098.7001953125,4100.7001953125,4092.89990234375,4094.199951171875,1480.0
2026-07-23 08:15:00+00:00,4094.5,4095.39990234375,4091.10009765625,4094.39990234375,738.0
2026-07-23 08:30:00+00:00,4094.10009765625,4096.7001953125,4091.0,4095.300048828125,1101.0
2026-07-23 08:45:00+00:00,4095.10009765625,4097.39990234375,4089.699951171875,4096.0,937.0
2026-07-23 09:00:00+00:00,4095.89990234375,4102.39990234375,4095.300048828125,4097.60009765625,976.0
2026-07-23 09:15:00+00:00,4097.5,4099.7001953125,4092.199951171875,4094.39990234375,1346.0
2026-07-23 09:30:00+00:00,4094.199951171875,4096.5,4091.300048828125,4095.0,1258.0
2026-07-23 09:45:00+00:00,4095.300048828125,4097.5,4091.5,4093.199951171875,1027.0
2026-07-23 10:00:00+00:00,4093.300048828125,4094.699951171875,4091.0,4093.800048828125,854.0
2026-07-23 10:15:00+00:00,4094.10009765625,4096.0,4088.699951171875,4093.300048828125,748.0
2026-07-23 10:30:00+00:00,4092.89990234375,4096.0,4089.800048828125,4092.5,951.0
2026-07-23 10:45:00+00:00,4092.39990234375,4098.60009765625,4090.39990234375,4096.7001953125,795.0
2026-07-23 11:00:00+00:00,4096.60009765625,4097.39990234375,4090.10009765625,4090.699951171875,947.0
2026-07-23 11:15:00+00:00,4091.10009765625,4092.199951171875,4083.800048828125,4087.10009765625,1690.0
2026-07-23 11:30:00+00:00,4086.5,4087.10009765625,4075.699951171875,4081.39990234375,2341.0
2026-07-23 11:45:00+00:00,4081.300048828125,4092.5,4080.60009765625,4088.89990234375,1824.0
2026-07-23 12:00:00+00:00,4088.39990234375,4089.0,4083.699951171875,4084.39990234375,1047.0
2026-07-23 12:15:00+00:00,4084.39990234375,4085.89990234375,4072.800048828125,4077.5,4067.0
2026-07-23 12:30:00+00:00,4076.699951171875,4077.89990234375,4066.5,4071.5,3805.0
2026-07-23 12:45:00+00:00,4071.60009765625,4072.0,4063.60009765625,4064.60009765625,2442.0
2026-07-23 13:00:00+00:00,4065.0,4066.39990234375,4042.60009765625,4043.0,8935.0
2026-07-23 13:15:00+00:00,4042.89990234375,4061.39990234375,4042.60009765625,4061.10009765625,4257.0
2026-07-23 13:30:00+00:00,4061.300048828125,4070.10009765625,4058.5,4059.300048828125,6148.0
2026-07-23 13:45:00+00:00,4059.60009765625,4061.800048828125,4045.300048828125,4045.800048828125,4730.0
2026-07-23 14:00:00+00:00,4046.10009765625,4054.300048828125,4042.5,4051.0,6012.0
2026-07-23 14:15:00+00:00,4050.60009765625,4060.199951171875,4045.5,4059.60009765625,6117.0
2026-07-23 14:30:00+00:00,4059.300048828125,4064.10009765625,4054.39990234375,4060.10009765625,2974.0
2026-07-23 14:45:00+00:00,4059.89990234375,4064.699951171875,4059.0,4061.10009765625,1339.0
2026-07-23 15:00:00+00:00,4061.60009765625,4062.60009765625,4052.300048828125,4054.699951171875,2781.0
2026-07-23 15:15:00+00:00,4054.0,4059.39990234375,4048.0,4049.699951171875,3863.0
2026-07-23 15:30:00+00:00,4049.699951171875,4056.0,4045.0,4050.89990234375,5767.0
2026-07-23 15:45:00+00:00,4050.300048828125,4053.800048828125,4049.300048828125,4051.199951171875,2077.0
2026-07-23 16:00:00+00:00,4051.5,4053.800048828125,4050.0,4053.10009765625,4378.0
2026-07-23 16:15:00+00:00,4052.800048828125,4054.60009765625,4048.60009765625,4053.199951171875,2517.0
2026-07-23 16:30:00+00:00,4053.0,4054.10009765625,4049.800048828125,4052.60009765625,2298.0
2026-07-23 16:45:00+00:00,4052.699951171875,4054.60009765625,4051.0,4054.300048828125,2217.0
2026-07-23 17:00:00+00:00,4054.5,4057.5,4049.60009765625,4050.0,3198.0
2026-07-23 17:15:00+00:00,4050.199951171875,4053.39990234375,4048.800048828125,4049.699951171875,5362.0
2026-07-23 17:30:00+00:00,4049.89990234375,4051.800048828125,4044.300048828125,4045.300048828125,2112.0
2026-07-23 17:45:00+00:00,4045.300048828125,4046.800048828125,4043.89990234375,4043.89990234375,1122.0
2026-07-23 18:00:00+00:00,4043.60009765625,4046.800048828125,4042.5,4044.10009765625,1583.0
2026-07-23 18:15:00+00:00,4044.0,4047.60009765625,4042.60009765625,4047.199951171875,1305.0
2026-07-23 18:30:00+00:00,4047.0,4050.60009765625,4046.800048828125,4048.89990234375,743.0
2026-07-23 18:45:00+00:00,4049.0,4050.800048828125,4047.10009765625,4048.800048828125,501.0
2026-07-23 19:00:00+00:00,4049.199951171875,4051.39990234375,4045.300048828125,4045.60009765625,576.0
2026-07-23 19:15:00+00:00,4045.5,4051.5,4045.5,4050.10009765625,605.0
2026-07-23 19:30:00+00:00,4050.5,4053.10009765625,4047.800048828125,4048.10009765625,644.0
2026-07-23 19:45:00+00:00,4048.10009765625,4053.300048828125,4047.0,4051.89990234375,1094.0
2026-07-23 20:00:00+00:00,4052.0,4053.60009765625,4050.60009765625,4051.800048828125,964.0
2026-07-23 20:15:00+00:00,4051.800048828125,4053.39990234375,4049.800048828125,4052.60009765625,369.0
2026-07-23 20:30:00+00:00,4052.89990234375,4053.199951171875,4051.300048828125,4052.199951171875,208.0
2026-07-23 20:45:00+00:00,4052.10009765625,4052.5,4049.89990234375,4052.300048828125,250.0
2026-07-23 22:00:00+00:00,4053.39990234375,4053.5,4050.199951171875,4051.0,200.0
2026-07-23 22:15:00+00:00,4051.39990234375,4052.800048828125,4051.199951171875,4052.300048828125,187.0
2026-07-23 22:30:00+00:00,4051.89990234375,4052.89990234375,4051.10009765625,4051.60009765625,208.0
2026-07-23 22:45:00+00:00,4051.699951171875,4052.800048828125,4050.800048828125,4052.0,252.0
2026-07-23 23:00:00+00:00,4052.199951171875,4052.39990234375,4049.60009765625,4051.10009765625,171.0
2026-07-23 23:15:00+00:00,4051.0,4052.300048828125,4049.5,4051.699951171875,395.0
2026-07-23 23:30:00+00:00,4051.699951171875,4053.800048828125,4049.60009765625,4051.0,541.0
2026-07-23 23:45:00+00:00,4050.60009765625,4052.199951171875,4048.800048828125,4049.39990234375,325.0
2026-07-24 00:00:00+00:00,4049.89990234375,4052.300048828125,4043.199951171875,4043.5,713.0
2026-07-24 00:15:00+00:00,4044.10009765625,4050.300048828125,4043.5,4048.300048828125,675.0
2026-07-24 00:30:00+00:00,4049.39990234375,4052.699951171875,4047.199951171875,4052.199951171875,514.0
2026-07-24 00:45:00+00:00,4051.89990234375,4054.10009765625,4050.800048828125,4052.39990234375,599.0
2026-07-24 01:00:00+00:00,4053.10009765625,4053.10009765625,4041.89990234375,4044.699951171875,1656.0
2026-07-24 01:15:00+00:00,4044.800048828125,4048.300048828125,4043.699951171875,4045.0,621.0
2026-07-24 01:30:00+00:00,4044.89990234375,4053.300048828125,4043.699951171875,4052.60009765625,806.0
2026-07-24 01:45:00+00:00,4052.5,4052.89990234375,4043.60009765625,4046.0,647.0
2026-07-24 02:00:00+00:00,4045.89990234375,4048.10009765625,4043.300048828125,4047.699951171875,459.0
2026-07-24 02:15:00+00:00,4047.699951171875,4051.0,4044.800048828125,4048.800048828125,387.0
2026-07-24 02:30:00+00:00,4049.199951171875,4050.5,4043.0,4043.60009765625,590.0
2026-07-24 02:45:00+00:00,4043.39990234375,4043.60009765625,4025.300048828125,4026.699951171875,4171.0
2026-07-24 03:00:00+00:00,4027.10009765625,4034.800048828125,4025.39990234375,4034.60009765625,813.0
2026-07-24 03:15:00+00:00,4034.10009765625,4036.10009765625,4030.800048828125,4032.5,515.0
2026-07-24 03:30:00+00:00,4033.300048828125,4035.39990234375,4033.0,4034.10009765625,263.0
2026-07-24 03:45:00+00:00,4033.60009765625,4034.5,4030.39990234375,4031.10009765625,215.0
2026-07-24 04:00:00+00:00,4031.300048828125,4032.5,4029.5,4030.5,641.0
2026-07-24 04:15:00+00:00,4030.5,4032.699951171875,4029.800048828125,4032.10009765625,328.0
2026-07-24 04:30:00+00:00,4032.300048828125,4032.89990234375,4028.199951171875,4029.0,271.0
2026-07-24 04:45:00+00:00,4029.300048828125,4031.10009765625,4027.800048828125,4029.800048828125,386.0
2026-07-24 05:00:00+00:00,4030.10009765625,4034.60009765625,4027.5,4030.0,1146.0
2026-07-24 05:15:00+00:00,4029.699951171875,4031.800048828125,4024.5,4028.300048828125,798.0
2026-07-24 05:30:00+00:00,4028.300048828125,4033.60009765625,4025.89990234375,4026.699951171875,1097.0
2026-07-24 05:45:00+00:00,4026.699951171875,4031.0,4024.0,4025.0,811.0
2026-07-24 06:00:00+00:00,4025.199951171875,4033.5,4025.0,4033.10009765625,859.0
2026-07-24 06:15:00+00:00,4033.39990234375,4041.39990234375,4031.199951171875,4039.0,892.0
2026-07-24 06:30:00+00:00,4038.699951171875,4039.39990234375,4035.10009765625,4035.89990234375,550.0
2026-07-24 06:45:00+00:00,4035.800048828125,4041.39990234375,4034.0,4038.39990234375,944.0
2026-07-24 07:00:00+00:00,4038.0,4050.0,4037.5,4047.699951171875,2070.0
2026-07-24 07:15:00+00:00,4048.199951171875,4053.39990234375,4046.5,4051.10009765625,948.0
2026-07-24 07:30:00+00:00,4051.800048828125,4056.300048828125,4048.199951171875,4050.800048828125,1243.0
2026-07-24 07:45:00+00:00,4050.800048828125,4052.199951171875,4048.5,4051.10009765625,490.0
2026-07-24 08:00:00+00:00,4050.699951171875,4051.5,4047.60009765625,4049.5,459.0
2026-07-24 08:15:00+00:00,4049.10009765625,4055.300048828125,4047.5,4054.89990234375,717.0
2026-07-24 08:30:00+00:00,4054.800048828125,4058.0,4051.39990234375,4057.199951171875,917.0
2026-07-24 08:45:00+00:00,4057.300048828125,4061.5,4054.89990234375,4060.0,877.0
2026-07-24 09:00:00+00:00,4060.60009765625,4064.0,4055.89990234375,4056.89990234375,1913.0
2026-07-24 09:15:00+00:00,4056.699951171875,4059.89990234375,4055.0,4055.60009765625,927.0
2026-07-24 09:30:00+00:00,4055.699951171875,4059.199951171875,4054.199951171875,4058.5,1100.0
2026-07-24 09:45:00+00:00,4058.5,4062.60009765625,4057.39990234375,4062.5,579.0
2026-07-24 10:00:00+00:00,4062.60009765625,4064.5,4060.5,4061.10009765625,661.0
2026-07-24 10:15:00+00:00,4061.199951171875,4066.60009765625,4060.39990234375,4064.5,746.0
2026-07-24 10:30:00+00:00,4064.39990234375,4067.0,4060.699951171875,4061.10009765625,890.0
2026-07-24 10:45:00+00:00,4061.300048828125,4062.5,4059.39990234375,4062.199951171875,564.0
2026-07-24 11:00:00+00:00,4062.5,4065.89990234375,4060.800048828125,4063.5,432.0
2026-07-24 11:15:00+00:00,4063.800048828125,4064.10009765625,4061.5,4061.60009765625,1268.0
2026-07-24 11:30:00+00:00,4061.199951171875,4062.60009765625,4057.5,4057.5,1436.0
2026-07-24 11:45:00+00:00,4058.300048828125,4063.89990234375,4053.5,4060.199951171875,1353.0
2026-07-24 12:00:00+00:00,4060.800048828125,4061.10009765625,4054.5,4059.300048828125,1484.0
2026-07-24 12:15:00+00:00,4059.10009765625,4062.89990234375,4057.39990234375,4062.10009765625,1062.0
2026-07-24 12:30:00+00:00,4061.89990234375,4062.10009765625,4054.300048828125,4057.60009765625,1126.0
2026-07-24 12:45:00+00:00,4057.5,4058.89990234375,4054.199951171875,4058.5,914.0
2026-07-24 13:00:00+00:00,4058.89990234375,4061.0,4047.10009765625,4050.60009765625,2517.0
2026-07-24 13:15:00+00:00,4050.39990234375,4052.10009765625,4046.89990234375,4048.800048828125,1532.0
2026-07-24 13:30:00+00:00,4048.800048828125,4059.5,4047.0,4054.300048828125,2880.0
2026-07-24 13:45:00+00:00,4053.199951171875,4071.5,4050.300048828125,4069.89990234375,3508.0
2026-07-24 14:00:00+00:00,4069.89990234375,4073.0,4060.300048828125,4061.699951171875,5151.0
2026-07-24 14:15:00+00:00,4062.0,4072.300048828125,4058.39990234375,4068.89990234375,2788.0
2026-07-24 14:30:00+00:00,4069.0,4071.10009765625,4062.0,4063.10009765625,1786.0
2026-07-24 14:45:00+00:00,4063.5,4069.39990234375,4061.39990234375,4065.60009765625,1833.0
2026-07-24 15:00:00+00:00,4066.10009765625,4080.0,4064.699951171875,4077.699951171875,3370.0
2026-07-24 15:15:00+00:00,4077.39990234375,4085.199951171875,4075.0,4077.89990234375,8251.0
2026-07-24 15:30:00+00:00,4077.39990234375,4082.5,4073.800048828125,4074.89990234375,2827.0
2026-07-24 15:45:00+00:00,4074.800048828125,4080.800048828125,4073.5,4079.89990234375,3074.0
2026-07-24 16:00:00+00:00,4080.300048828125,4080.300048828125,4077.0,4077.5,950.0
2026-07-24 16:15:00+00:00,4077.60009765625,4080.89990234375,4076.10009765625,4076.60009765625,1257.0
2026-07-24 16:30:00+00:00,4076.5,4076.60009765625,4069.199951171875,4070.10009765625,1792.0
2026-07-24 16:45:00+00:00,4070.10009765625,4070.300048828125,4066.5,4069.5,1255.0
2026-07-24 17:00:00+00:00,4069.699951171875,4070.89990234375,4065.300048828125,4066.5,1425.0
2026-07-24 17:15:00+00:00,4066.89990234375,4072.800048828125,4066.10009765625,4071.300048828125,4850.0
2026-07-24 17:30:00+00:00,4071.199951171875,4072.699951171875,4068.89990234375,4069.300048828125,1559.0
2026-07-24 17:45:00+00:00,4068.699951171875,4070.0,4065.300048828125,4065.800048828125,756.0
2026-07-24 18:00:00+00:00,4066.10009765625,4067.300048828125,4063.60009765625,4064.0,794.0
2026-07-24 18:15:00+00:00,4064.199951171875,4065.39990234375,4057.199951171875,4057.699951171875,2420.0
2026-07-24 18:30:00+00:00,4057.800048828125,4059.39990234375,4053.5,4054.5,1491.0
2026-07-24 18:45:00+00:00,4054.60009765625,4058.300048828125,4054.0,4056.699951171875,500.0
2026-07-24 19:00:00+00:00,4056.89990234375,4058.699951171875,4054.10009765625,4054.5,579.0
2026-07-24 19:15:00+00:00,4054.5,4054.5,4051.300048828125,4053.800048828125,771.0
2026-07-24 19:30:00+00:00,4053.699951171875,4060.199951171875,4053.199951171875,4059.199951171875,894.0
2026-07-24 19:45:00+00:00,4059.5,4059.699951171875,4055.0,4056.10009765625,708.0
2026-07-24 20:00:00+00:00,4055.89990234375,4057.800048828125,4054.39990234375,4054.89990234375,576.0
2026-07-24 20:15:00+00:00,4054.800048828125,4057.10009765625,4054.10009765625,4055.89990234375,385.0
2026-07-24 20:30:00+00:00,4056.10009765625,4058.39990234375,4053.89990234375,4057.89990234375,338.0
2026-07-24 20:45:00+00:00,4057.699951171875,4070.800048828125,4054.5,4070.800048828125,668.0
2026-07-26 22:00:00+00:00,4091.5,4092.800048828125,4089.300048828125,4091.0,179.0
2026-07-26 22:15:00+00:00,4091.199951171875,4093.199951171875,4086.89990234375,4089.89990234375,708.0
2026-07-26 22:30:00+00:00,4089.39990234375,4095.89990234375,4088.800048828125,4094.0,768.0
2026-07-26 22:45:00+00:00,4094.0,4096.5,4091.39990234375,4092.199951171875,693.0
2026-07-26 23:00:00+00:00,4093.60009765625,4094.10009765625,4086.800048828125,4087.5,421.0
2026-07-26 23:15:00+00:00,4087.699951171875,4089.0,4085.800048828125,4086.699951171875,245.0
2026-07-26 23:30:00+00:00,4087.300048828125,4091.800048828125,4087.300048828125,4091.800048828125,165.0
2026-07-26 23:45:00+00:00,4090.699951171875,4099.0,4090.699951171875,4096.89990234375,720.0
2026-07-27 00:00:00+00:00,4096.7998046875,4119.2998046875,4096.60009765625,4118.5,2761.0
2026-07-27 00:15:00+00:00,4118.2998046875,4118.39990234375,4093.199951171875,4097.5,2135.0
2026-07-27 00:30:00+00:00,4097.2998046875,4104.89990234375,4096.39990234375,4102.7998046875,1000.0
2026-07-27 00:45:00+00:00,4102.2998046875,4111.60009765625,4101.2998046875,4102.60009765625,974.0
2026-07-27 01:00:00+00:00,4103.10009765625,4114.7998046875,4103.10009765625,4109.2998046875,1483.0
2026-07-27 01:15:00+00:00,4109.7001953125,4111.2998046875,4098.89990234375,4101.7998046875,1156.0
2026-07-27 01:30:00+00:00,4102.5,4106.2998046875,4099.7998046875,4104.7001953125,637.0
2026-07-27 01:45:00+00:00,4104.89990234375,4112.0,4104.60009765625,4112.0,579.0
2026-07-27 02:00:00+00:00,4112.2001953125,4112.89990234375,4105.5,4107.60009765625,678.0
2026-07-27 02:15:00+00:00,4107.7998046875,4107.7998046875,4103.7001953125,4105.2001953125,376.0
2026-07-27 02:30:00+00:00,4104.60009765625,4105.0,4097.5,4098.5,527.0
2026-07-27 02:45:00+00:00,4098.7998046875,4099.5,4095.60009765625,4095.699951171875,518.0
2026-07-27 03:00:00+00:00,4095.5,4097.7998046875,4091.0,4093.89990234375,804.0
2026-07-27 03:15:00+00:00,4093.89990234375,4095.39990234375,4087.300048828125,4087.300048828125,609.0
2026-07-27 03:30:00+00:00,4087.39990234375,4093.0,4087.0,4091.60009765625,660.0
2026-07-27 03:45:00+00:00,4091.39990234375,4093.199951171875,4090.5,4092.5,205.0
2026-07-27 04:00:00+00:00,4093.0,4095.0,4090.699951171875,4092.0,407.0
2026-07-27 04:15:00+00:00,4092.10009765625,4092.39990234375,4088.89990234375,4091.199951171875,283.0
2026-07-27 04:30:00+00:00,4091.0,4094.300048828125,4091.0,4091.89990234375,228.0
2026-07-27 04:45:00+00:00,4092.199951171875,4093.0,4091.199951171875,4091.699951171875,144.0
2026-07-27 05:00:00+00:00,4092.5,4097.0,4090.60009765625,4096.7001953125,299.0
2026-07-27 05:15:00+00:00,4096.39990234375,4096.39990234375,4088.199951171875,4089.0,400.0
2026-07-27 05:30:00+00:00,4089.89990234375,4092.300048828125,4087.60009765625,4089.5,596.0
2026-07-27 05:45:00+00:00,4090.300048828125,4095.699951171875,4086.5,4095.300048828125,506.0
2026-07-27 06:00:00+00:00,4094.800048828125,4098.39990234375,4093.60009765625,4096.60009765625,720.0
2026-07-27 06:15:00+00:00,4096.2998046875,4098.60009765625,4093.300048828125,4097.7001953125,782.0
2026-07-27 06:30:00+00:00,4098.10009765625,4101.39990234375,4096.5,4100.5,483.0
2026-07-27 06:45:00+00:00,4101.0,4101.39990234375,4096.89990234375,4098.39990234375,793.0
2026-07-27 07:00:00+00:00,4098.10009765625,4104.0,4098.0,4104.0,1330.0
2026-07-27 07:15:00+00:00,4103.60009765625,4108.2998046875,4101.7001953125,4105.39990234375,1111.0
2026-07-27 07:30:00+00:00,4105.60009765625,4105.7998046875,4097.7998046875,4099.2001953125,698.0
2026-07-27 07:45:00+00:00,4099.60009765625,4100.7998046875,4090.5,4090.5,1252.0
2026-07-27 08:00:00+00:00,4090.39990234375,4094.800048828125,4088.800048828125,4093.300048828125,905.0
2026-07-27 08:15:00+00:00,4092.89990234375,4094.5,4090.699951171875,4093.0,1778.0
2026-07-27 08:30:00+00:00,4092.5,4094.699951171875,4089.0,4092.800048828125,628.0
2026-07-27 08:45:00+00:00,4093.300048828125,4098.7001953125,4092.60009765625,4097.7001953125,437.0
2026-07-27 09:00:00+00:00,4096.7998046875,4100.2998046875,4095.10009765625,4095.89990234375,1120.0
2026-07-27 09:15:00+00:00,4095.800048828125,4097.7001953125,4092.800048828125,4093.5,941.0
2026-07-27 09:30:00+00:00,4093.300048828125,4097.0,4091.800048828125,4096.60009765625,1817.0
2026-07-27 09:45:00+00:00,4096.10009765625,4102.7001953125,4096.0,4098.89990234375,1758.0
2026-07-27 10:00:00+00:00,4098.7998046875,4098.7998046875,4088.39990234375,4092.5,1148.0
2026-07-27 10:15:00+00:00,4092.60009765625,4096.2001953125,4091.0,4095.10009765625,380.0
2026-07-27 10:30:00+00:00,4095.60009765625,4104.0,4095.0,4102.7998046875,1900.0
2026-07-27 10:45:00+00:00,4102.89990234375,4104.60009765625,4100.89990234375,4102.10009765625,1600.0
2026-07-27 11:00:00+00:00,4102.2001953125,4107.0,4099.2001953125,4104.10009765625,1159.0
2026-07-27 11:15:00+00:00,4104.10009765625,4105.2998046875,4098.7998046875,4098.7998046875,661.0
2026-07-27 11:30:00+00:00,4098.89990234375,4102.2001953125,4096.60009765625,4098.2001953125,821.0
2026-07-27 11:45:00+00:00,4098.2001953125,4099.2998046875,4095.60009765625,4095.89990234375,1267.0
2026-07-27 12:00:00+00:00,4096.5,4099.7998046875,4088.10009765625,4089.300048828125,1944.0
2026-07-27 12:15:00+00:00,4090.60009765625,4091.0,4083.10009765625,4088.199951171875,2993.0
2026-07-27 12:30:00+00:00,4088.89990234375,4090.5,4085.0,4088.5,1529.0
2026-07-27 12:45:00+00:00,4088.10009765625,4091.10009765625,4082.39990234375,4085.699951171875,4645.0
2026-07-27 13:00:00+00:00,4085.800048828125,4090.800048828125,4082.699951171875,4086.60009765625,4829.0
2026-07-27 13:15:00+00:00,4086.60009765625,4089.199951171875,4077.699951171875,4077.800048828125,3178.0
2026-07-27 13:30:00+00:00,4078.199951171875,4091.39990234375,4077.39990234375,4088.89990234375,5339.0
2026-07-27 13:45:00+00:00,4088.89990234375,4091.800048828125,4071.60009765625,4075.800048828125,4204.0
2026-07-27 14:00:00+00:00,4076.10009765625,4081.0,4072.699951171875,4078.800048828125,6332.0
2026-07-27 14:15:00+00:00,4078.89990234375,4080.60009765625,4068.60009765625,4069.800048828125,4050.0
2026-07-27 14:30:00+00:00,4070.5,4072.800048828125,4067.10009765625,4070.5,3809.0
2026-07-27 14:45:00+00:00,4070.5,4079.60009765625,4070.5,4078.39990234375,2202.0
2026-07-27 15:00:00+00:00,4078.199951171875,4078.60009765625,4073.89990234375,4078.300048828125,5807.0
2026-07-27 15:15:00+00:00,4077.89990234375,4081.800048828125,4076.699951171875,4078.89990234375,1777.0
2026-07-27 15:30:00+00:00,4078.60009765625,4080.5,4074.800048828125,4078.10009765625,1768.0
2026-07-27 15:45:00+00:00,4078.5,4082.199951171875,4076.89990234375,4080.60009765625,1740.0
2026-07-27 16:00:00+00:00,4080.800048828125,4087.0,4079.89990234375,4083.10009765625,1303.0
2026-07-27 16:15:00+00:00,4083.300048828125,4090.89990234375,4081.60009765625,4087.10009765625,2460.0
2026-07-27 16:30:00+00:00,4087.0,4095.699951171875,4087.0,4090.10009765625,2040.0
2026-07-27 16:45:00+00:00,4090.300048828125,4090.39990234375,4082.5,4084.10009765625,1512.0
2026-07-27 17:00:00+00:00,4084.0,4084.10009765625,4072.199951171875,4075.39990234375,4382.0
2026-07-27 17:15:00+00:00,4075.39990234375,4078.699951171875,4074.10009765625,4076.699951171875,3757.0
2026-07-27 17:30:00+00:00,4076.5,4077.800048828125,4073.89990234375,4076.300048828125,614.0
2026-07-27 17:45:00+00:00,4076.0,4079.0,4075.0,4078.199951171875,733.0
2026-07-27 18:00:00+00:00,4078.199951171875,4081.0,4077.800048828125,4078.39990234375,644.0
2026-07-27 18:15:00+00:00,4078.5,4078.800048828125,4075.89990234375,4078.60009765625,803.0
2026-07-27 18:30:00+00:00,4078.39990234375,4081.199951171875,4074.5,4078.0,1801.0
2026-07-27 18:45:00+00:00,4077.60009765625,4081.199951171875,4076.10009765625,4079.800048828125,640.0
2026-07-27 19:00:00+00:00,4079.89990234375,4083.699951171875,4078.0,4082.39990234375,892.0
2026-07-27 19:15:00+00:00,4082.39990234375,4090.89990234375,4081.199951171875,4087.800048828125,1481.0
2026-07-27 19:30:00+00:00,4088.0,4089.5,4085.89990234375,4089.199951171875,670.0
2026-07-27 19:45:00+00:00,4089.300048828125,4091.800048828125,4084.5,4085.39990234375,1079.0
2026-07-27 20:00:00+00:00,4085.60009765625,4086.39990234375,4083.60009765625,4084.39990234375,911.0
2026-07-27 20:15:00+00:00,4084.199951171875,4084.39990234375,4079.800048828125,4081.0,338.0
2026-07-27 20:30:00+00:00,4081.10009765625,4081.60009765625,4077.60009765625,4079.0,418.0
2026-07-27 20:45:00+00:00,4079.10009765625,4079.800048828125,4077.60009765625,4078.60009765625,434.0
2026-07-27 22:00:00+00:00,4083.0,4085.699951171875,4076.39990234375,4079.10009765625,220.0
2026-07-27 22:15:00+00:00,4078.89990234375,4079.10009765625,4072.300048828125,4073.5,490.0
2026-07-27 22:30:00+00:00,4074.5,4076.39990234375,4073.699951171875,4076.300048828125,142.0
2026-07-27 22:45:00+00:00,4076.300048828125,4076.39990234375,4074.89990234375,4075.10009765625,197.0
2026-07-27 23:00:00+00:00,4075.39990234375,4076.10009765625,4073.199951171875,4075.5,213.0
2026-07-27 23:15:00+00:00,4075.300048828125,4075.800048828125,4073.10009765625,4074.5,150.0
2026-07-27 23:30:00+00:00,4074.199951171875,4074.89990234375,4073.0,4073.199951171875,103.0
2026-07-27 23:45:00+00:00,4073.5,4074.39990234375,4071.0,4074.39990234375,169.0
2026-07-28 00:00:00+00:00,4074.39990234375,4075.5,4063.0,4067.60009765625,1162.0
2026-07-28 00:15:00+00:00,4068.10009765625,4068.199951171875,4059.60009765625,4062.89990234375,1276.0
2026-07-28 00:30:00+00:00,4063.300048828125,4066.89990234375,4061.300048828125,4066.0,597.0
2026-07-28 00:45:00+00:00,4065.800048828125,4065.800048828125,4058.10009765625,4058.5,749.0
2026-07-28 01:00:00+00:00,4058.300048828125,4061.199951171875,4054.199951171875,4058.300048828125,1824.0
2026-07-28 01:15:00+00:00,4058.699951171875,4059.60009765625,4046.199951171875,4048.199951171875,1810.0
2026-07-28 01:30:00+00:00,4047.699951171875,4051.199951171875,4044.0,4049.699951171875,863.0
2026-07-28 01:45:00+00:00,4049.39990234375,4049.39990234375,4042.89990234375,4045.699951171875,538.0
2026-07-28 02:00:00+00:00,4045.89990234375,4048.10009765625,4042.800048828125,4046.89990234375,757.0
2026-07-28 02:15:00+00:00,4046.800048828125,4049.699951171875,4045.699951171875,4046.60009765625,521.0
2026-07-28 02:30:00+00:00,4046.10009765625,4048.199951171875,4041.800048828125,4044.800048828125,724.0
2026-07-28 02:45:00+00:00,4044.60009765625,4045.89990234375,4041.10009765625,4042.300048828125,592.0
2026-07-28 03:00:00+00:00,4042.5,4047.89990234375,4040.699951171875,4046.5,582.0
2026-07-28 03:15:00+00:00,4046.39990234375,4049.800048828125,4045.699951171875,4048.10009765625,610.0
2026-07-28 03:30:00+00:00,4047.699951171875,4051.5,4047.699951171875,4048.300048828125,501.0
2026-07-28 03:45:00+00:00,4049.10009765625,4051.10009765625,4048.199951171875,4049.60009765625,247.0
2026-07-28 04:00:00+00:00,4049.0,4049.699951171875,4043.199951171875,4044.300048828125,564.0
2026-07-28 04:15:00+00:00,4044.10009765625,4048.0,4043.5,4045.60009765625,363.0
2026-07-28 04:30:00+00:00,4045.800048828125,4047.800048828125,4044.0,4047.60009765625,271.0
2026-07-28 04:45:00+00:00,4047.89990234375,4048.0,4041.199951171875,4042.10009765625,491.0
2026-07-28 05:00:00+00:00,4041.89990234375,4043.800048828125,4039.60009765625,4042.699951171875,723.0
2026-07-28 05:15:00+00:00,4042.39990234375,4043.800048828125,4040.699951171875,4043.300048828125,367.0
2026-07-28 05:30:00+00:00,4042.89990234375,4045.5,4034.60009765625,4041.89990234375,1276.0
2026-07-28 05:45:00+00:00,4041.89990234375,4046.89990234375,4039.39990234375,4045.199951171875,465.0
2026-07-28 06:00:00+00:00,4045.5,4048.0,4042.89990234375,4044.699951171875,500.0
2026-07-28 06:15:00+00:00,4044.5,4050.0,4044.300048828125,4048.10009765625,545.0
2026-07-28 06:30:00+00:00,4047.800048828125,4052.800048828125,4047.10009765625,4050.199951171875,1734.0
2026-07-28 06:45:00+00:00,4049.199951171875,4052.0,4048.300048828125,4048.699951171875,1258.0
2026-07-28 07:00:00+00:00,4048.300048828125,4051.39990234375,4047.699951171875,4049.39990234375,1061.0
2026-07-28 07:15:00+00:00,4049.10009765625,4052.89990234375,4048.800048828125,4050.39990234375,6045.0
2026-07-28 07:30:00+00:00,4050.60009765625,4051.300048828125,4048.5,4049.699951171875,3555.0
2026-07-28 07:45:00+00:00,4050.0,4050.0,4045.800048828125,4047.300048828125,1057.0
2026-07-28 08:00:00+00:00,4047.300048828125,4055.60009765625,4043.10009765625,4044.5,1236.0
2026-07-28 08:15:00+00:00,4045.0,4051.5,4044.60009765625,4049.89990234375,754.0
2026-07-28 08:30:00+00:00,4049.10009765625,4050.10009765625,4042.199951171875,4043.60009765625,1052.0
2026-07-28 08:45:00+00:00,4043.60009765625,4046.300048828125,4041.89990234375,4045.699951171875,946.0
2026-07-28 09:00:00+00:00,4045.699951171875,4046.10009765625,4040.89990234375,4040.89990234375,869.0
2026-07-28 09:15:00+00:00,4041.60009765625,4044.300048828125,4039.199951171875,4040.10009765625,811.0
2026-07-28 09:30:00+00:00,4040.0,4040.39990234375,4029.300048828125,4033.10009765625,3560.0
2026-07-28 09:45:00+00:00,4033.0,4034.199951171875,4018.10009765625,4023.800048828125,4372.0
2026-07-28 10:00:00+00:00,4023.10009765625,4027.199951171875,4020.199951171875,4024.199951171875,4832.0
2026-07-28 10:15:00+00:00,4023.699951171875,4025.699951171875,4016.5,4016.800048828125,1618.0
2026-07-28 10:30:00+00:00,4016.800048828125,4023.199951171875,4016.60009765625,4022.0,3226.0
2026-07-28 10:45:00+00:00,4022.39990234375,4028.199951171875,4021.5,4025.60009765625,1744.0
2026-07-28 11:00:00+00:00,4026.0,4028.5,4022.5,4023.5,957.0
2026-07-28 11:15:00+00:00,4023.60009765625,4031.89990234375,4023.60009765625,4027.199951171875,1536.0
2026-07-28 11:30:00+00:00,4026.89990234375,4031.10009765625,4025.800048828125,4026.60009765625,1484.0
2026-07-28 11:45:00+00:00,4026.800048828125,4028.0,4023.199951171875,4027.5,1205.0
2026-07-28 12:00:00+00:00,4027.699951171875,4028.199951171875,4022.199951171875,4027.199951171875,2833.0
2026-07-28 12:15:00+00:00,4027.5,4034.60009765625,4025.60009765625,4034.10009765625,2332.0
2026-07-28 12:30:00+00:00,4034.10009765625,4034.60009765625,4024.800048828125,4033.300048828125,4119.0
2026-07-28 12:45:00+00:00,4033.300048828125,4037.89990234375,4027.800048828125,4029.39990234375,2488.0
2026-07-28 13:00:00+00:00,4030.10009765625,4035.60009765625,4029.0,4032.699951171875,2821.0
2026-07-28 13:15:00+00:00,4032.60009765625,4036.10009765625,4028.5,4028.699951171875,1412.0
2026-07-28 13:30:00+00:00,4028.60009765625,4032.800048828125,4019.300048828125,4024.60009765625,7581.0
2026-07-28 13:45:00+00:00,4024.699951171875,4028.5,4021.300048828125,4021.39990234375,4051.0
2026-07-28 14:00:00+00:00,4021.89990234375,4034.10009765625,4021.39990234375,4025.60009765625,5957.0
2026-07-28 14:15:00+00:00,4026.199951171875,4027.0,4011.10009765625,4022.0,5154.0
2026-07-28 14:30:00+00:00,4022.0,4025.300048828125,4018.5,4022.60009765625,2715.0
2026-07-28 14:45:00+00:00,4022.60009765625,4029.39990234375,4021.0,4023.800048828125,2450.0
2026-07-28 15:00:00+00:00,4024.60009765625,4036.199951171875,4021.89990234375,4033.60009765625,4616.0
2026-07-28 15:15:00+00:00,4033.0,4041.300048828125,4031.699951171875,4035.60009765625,3656.0
2026-07-28 15:30:00+00:00,4035.5,4042.60009765625,4032.300048828125,4041.699951171875,4122.0
2026-07-28 15:45:00+00:00,4041.89990234375,4047.39990234375,4041.5,4046.5,3123.0
2026-07-28 16:00:00+00:00,4046.5,4046.800048828125,4042.5,4044.800048828125,1507.0
2026-07-28 16:15:00+00:00,4045.199951171875,4046.10009765625,4042.10009765625,4042.300048828125,4102.0
2026-07-28 16:30:00+00:00,4042.5,4044.10009765625,4040.39990234375,4041.0,3138.0
2026-07-28 16:45:00+00:00,4040.699951171875,4041.699951171875,4036.60009765625,4037.60009765625,3636.0
2026-07-28 17:00:00+00:00,4037.89990234375,4041.5,4035.60009765625,4037.39990234375,2501.0
2026-07-28 17:15:00+00:00,4037.300048828125,4041.89990234375,4035.300048828125,4037.800048828125,9956.0
2026-07-28 17:30:00+00:00,4037.800048828125,4038.10009765625,4027.5,4028.39990234375,3828.0
2026-07-28 17:45:00+00:00,4028.699951171875,4029.800048828125,4025.300048828125,4028.0,1773.0
2026-07-28 18:00:00+00:00,4028.199951171875,4030.5,4027.39990234375,4028.39990234375,853.0
2026-07-28 18:15:00+00:00,4028.300048828125,4030.10009765625,4026.0,4027.199951171875,874.0
2026-07-28 18:30:00+00:00,4027.5,4027.699951171875,4023.0,4023.60009765625,764.0
2026-07-28 18:45:00+00:00,4023.10009765625,4025.89990234375,4021.39990234375,4023.10009765625,543.0
2026-07-28 19:00:00+00:00,4022.89990234375,4025.60009765625,4022.300048828125,4023.699951171875,998.0
2026-07-28 19:15:00+00:00,4023.60009765625,4024.699951171875,4021.5,4022.60009765625,1408.0
2026-07-28 19:30:00+00:00,4023.5,4027.60009765625,4022.300048828125,4025.60009765625,725.0
2026-07-28 19:45:00+00:00,4038.699951171875,4038.699951171875,4025.5,4025.89990234375,1543.0
2026-07-28 20:00:00+00:00,4025.800048828125,4025.800048828125,4022.199951171875,4023.39990234375,713.0
2026-07-28 20:15:00+00:00,4023.39990234375,4027.5,4023.39990234375,4027.10009765625,565.0
2026-07-28 20:30:00+00:00,4027.10009765625,4030.10009765625,4027.0,4030.0,372.0
2026-07-28 20:45:00+00:00,4029.800048828125,4030.60009765625,4026.5,4028.800048828125,442.0
2026-07-28 22:00:00+00:00,4028.60009765625,4034.0,4020.89990234375,4024.199951171875,122.0
2026-07-28 22:15:00+00:00,4024.199951171875,4024.39990234375,4016.10009765625,4020.39990234375,371.0
2026-07-28 22:30:00+00:00,4020.10009765625,4020.5,4013.199951171875,4017.699951171875,428.0
2026-07-28 22:45:00+00:00,4017.300048828125,4019.199951171875,4014.300048828125,4017.89990234375,141.0
2026-07-28 23:00:00+00:00,4017.39990234375,4022.39990234375,4015.5,4022.10009765625,170.0
2026-07-28 23:15:00+00:00,4020.300048828125,4021.5,4015.0,4017.39990234375,178.0
2026-07-28 23:30:00+00:00,4018.699951171875,4022.60009765625,4017.10009765625,4022.39990234375,251.0
2026-07-28 23:45:00+00:00,4021.10009765625,4026.0,4019.10009765625,4024.300048828125,176.0
2026-07-29 00:00:00+00:00,4025.0,4025.5,4017.10009765625,4019.800048828125,274.0
2026-07-29 00:15:00+00:00,4022.699951171875,4030.699951171875,4021.5,4022.39990234375,332.0
2026-07-29 00:30:00+00:00,4022.89990234375,4027.699951171875,4021.0,4026.10009765625,144.0
2026-07-29 00:45:00+00:00,4025.300048828125,4025.699951171875,4020.0,4021.300048828125,135.0
2026-07-29 01:00:00+00:00,4020.699951171875,4021.0,4009.300048828125,4012.199951171875,592.0
2026-07-29 01:15:00+00:00,4011.800048828125,4019.0,4011.199951171875,4017.699951171875,209.0
2026-07-29 01:30:00+00:00,4016.0,4030.0,4014.39990234375,4025.699951171875,310.0
2026-07-29 01:45:00+00:00,4026.89990234375,4027.10009765625,4021.0,4025.0,154.0
2026-07-29 02:00:00+00:00,4025.0,4028.199951171875,4022.300048828125,4026.89990234375,131.0
2026-07-29 02:15:00+00:00,4027.10009765625,4034.300048828125,4025.0,4031.5,326.0
2026-07-29 02:30:00+00:00,4032.300048828125,4036.800048828125,4030.0,4034.300048828125,168.0
2026-07-29 02:45:00+00:00,4033.5,4034.199951171875,4028.300048828125,4028.300048828125,166.0
2026-07-29 03:00:00+00:00,4028.5,4031.39990234375,4026.199951171875,4026.89990234375,101.0
2026-07-29 03:15:00+00:00,4026.89990234375,4027.5,4024.699951171875,4025.10009765625,101.0
2026-07-29 03:30:00+00:00,4024.89990234375,4027.800048828125,4022.89990234375,4024.300048828125,180.0
2026-07-29 03:45:00+00:00,4024.39990234375,4025.39990234375,4021.5,4021.5,157.0
2026-07-29 04:00:00+00:00,4022.0,4023.10009765625,4019.800048828125,4020.0,179.0
2026-07-29 04:15:00+00:00,4019.300048828125,4023.699951171875,4019.300048828125,4021.300048828125,130.0
2026-07-29 04:30:00+00:00,4021.699951171875,4025.5,4021.699951171875,4025.199951171875,148.0
2026-07-29 04:45:00+00:00,4026.0,4026.0,4021.89990234375,4025.39990234375,233.0
2026-07-29 05:00:00+00:00,4025.89990234375,4029.89990234375,4025.300048828125,4028.300048828125,232.0
2026-07-29 05:15:00+00:00,4027.89990234375,4029.199951171875,4025.89990234375,4028.60009765625,204.0
2026-07-29 05:30:00+00:00,4030.10009765625,4037.89990234375,4028.300048828125,4037.699951171875,339.0
2026-07-29 05:45:00+00:00,4037.89990234375,4038.199951171875,4030.0,4031.300048828125,458.0
2026-07-29 06:00:00+00:00,4032.199951171875,4036.5,4032.199951171875,4036.5,299.0
2026-07-29 06:15:00+00:00,4036.5,4040.800048828125,4034.10009765625,4039.0,255.0
2026-07-29 06:30:00+00:00,4039.199951171875,4043.199951171875,4039.199951171875,4041.39990234375,1008.0
2026-07-29 06:45:00+00:00,4040.699951171875,4040.800048828125,4038.39990234375,4039.800048828125,945.0
2026-07-29 07:00:00+00:00,4039.89990234375,4045.300048828125,4039.89990234375,4044.39990234375,739.0
2026-07-29 07:15:00+00:00,4043.39990234375,4046.699951171875,4043.10009765625,4045.10009765625,379.0
2026-07-29 07:30:00+00:00,4045.10009765625,4106.7001953125,4044.60009765625,4105.2001953125,10652.0
2026-07-29 07:45:00+00:00,4105.5,4106.10009765625,4101.5,4102.60009765625,837.0
2026-07-29 08:00:00+00:00,4103.0,4103.5,4098.10009765625,4098.10009765625,1481.0
2026-07-29 08:15:00+00:00,4100.2001953125,4100.39990234375,4094.60009765625,4096.2998046875,951.0
2026-07-29 08:30:00+00:00,4096.2998046875,4097.7998046875,4094.699951171875,4097.10009765625,822.0
2026-07-29 08:45:00+00:00,4097.10009765625,4099.39990234375,4096.0,4096.5,977.0
2026-07-29 09:00:00+00:00,4097.39990234375,4097.60009765625,4094.60009765625,4095.199951171875,995.0
2026-07-29 09:15:00+00:00,4095.300048828125,4096.7998046875,4092.5,4092.60009765625,708.0
2026-07-29 09:30:00+00:00,4093.300048828125,4094.300048828125,4090.39990234375,4093.5,1358.0
2026-07-29 09:45:00+00:00,4093.300048828125,4095.5,4091.199951171875,4091.89990234375,551.0
2026-07-29 10:00:00+00:00,4091.5,4093.10009765625,4089.89990234375,4090.800048828125,911.0
2026-07-29 10:15:00+00:00,4090.800048828125,4092.5,4089.199951171875,4092.300048828125,822.0
2026-07-29 10:30:00+00:00,4092.0,4093.699951171875,4085.39990234375,4087.0,1619.0
2026-07-29 10:45:00+00:00,4086.60009765625,4087.699951171875,4085.10009765625,4086.10009765625,976.0
2026-07-29 11:00:00+00:00,4086.800048828125,4088.800048828125,4084.0,4088.60009765625,809.0
2026-07-29 11:15:00+00:00,4089.0,4092.699951171875,4087.60009765625,4091.699951171875,583.0
2026-07-29 11:30:00+00:00,4092.0,4092.0,4089.60009765625,4090.39990234375,1960.0
2026-07-29 11:45:00+00:00,4090.10009765625,4095.39990234375,4089.800048828125,4091.5,1748.0
2026-07-29 12:00:00+00:00,4092.10009765625,4092.5,4084.800048828125,4085.89990234375,1294.0
2026-07-29 12:15:00+00:00,4086.199951171875,4086.39990234375,4070.800048828125,4072.0,5722.0
2026-07-29 12:30:00+00:00,4071.199951171875,4080.699951171875,4067.39990234375,4079.199951171875,2556.0
2026-07-29 12:45:00+00:00,4079.199951171875,4082.300048828125,4077.39990234375,4080.89990234375,2960.0
2026-07-29 13:00:00+00:00,4081.300048828125,4084.800048828125,4073.5,4074.199951171875,2276.0
2026-07-29 13:15:00+00:00,4073.800048828125,4081.699951171875,4071.89990234375,4072.5,5541.0
2026-07-29 13:30:00+00:00,4072.699951171875,4075.699951171875,4068.0,4071.699951171875,3575.0
2026-07-29 13:45:00+00:00,4071.10009765625,4073.89990234375,4060.300048828125,4064.800048828125,5848.0
2026-07-29 14:00:00+00:00,4065.10009765625,4066.39990234375,4053.89990234375,4057.0,8217.0
2026-07-29 14:15:00+00:00,4057.10009765625,4068.39990234375,4056.800048828125,4063.89990234375,5703.0
2026-07-29 14:30:00+00:00,4063.5,4067.800048828125,4057.5,4059.5,4130.0
2026-07-29 14:45:00+00:00,4059.300048828125,4064.0,4056.39990234375,4063.199951171875,1626.0
2026-07-29 15:00:00+00:00,4063.60009765625,4068.5,4061.699951171875,4065.800048828125,2118.0
2026-07-29 15:15:00+00:00,4065.800048828125,4069.89990234375,4062.39990234375,4069.10009765625,1928.0
2026-07-29 15:30:00+00:00,4069.199951171875,4072.10009765625,4065.39990234375,4068.89990234375,1575.0
2026-07-29 15:45:00+00:00,4069.0,4072.199951171875,4066.5,4068.5,2297.0
2026-07-29 16:00:00+00:00,4068.5,4074.60009765625,4066.300048828125,4068.5,3045.0
2026-07-29 16:15:00+00:00,4068.0,4076.39990234375,4066.300048828125,4075.10009765625,1645.0
2026-07-29 16:30:00+00:00,4075.0,4077.60009765625,4073.39990234375,4075.199951171875,1866.0
2026-07-29 16:45:00+00:00,4075.5,4091.699951171875,4073.5,4086.10009765625,2613.0
2026-07-29 17:00:00+00:00,4086.199951171875,4109.2998046875,4086.10009765625,4100.7001953125,4795.0
2026-07-29 17:15:00+00:00,4100.39990234375,4109.0,4095.199951171875,4097.5,6481.0
2026-07-29 17:30:00+00:00,4097.0,4105.0,4094.10009765625,4104.0,3545.0
2026-07-29 17:45:00+00:00,4104.0,4106.39990234375,4099.39990234375,4102.7998046875,2937.0
2026-07-29 18:00:00+00:00,4102.5,4149.39990234375,4101.2998046875,4140.5,12798.0
2026-07-29 18:15:00+00:00,4140.5,4143.7001953125,4123.0,4127.0,3047.0
2026-07-29 18:30:00+00:00,4126.60009765625,4146.89990234375,4111.10009765625,4143.2001953125,5729.0
2026-07-29 18:45:00+00:00,4142.7998046875,4170.2998046875,4141.2001953125,4166.7998046875,8805.0
2026-07-29 19:00:00+00:00,4167.89990234375,4176.7998046875,4149.7998046875,4159.2001953125,5676.0
2026-07-29 19:15:00+00:00,4158.89990234375,4164.39990234375,4140.10009765625,4143.60009765625,3406.0
2026-07-29 19:30:00+00:00,4144.7001953125,4147.7998046875,4124.5,4128.2998046875,4428.0
2026-07-29 19:45:00+00:00,4128.39990234375,4131.39990234375,4103.7998046875,4104.5,4515.0
2026-07-29 20:00:00+00:00,4104.0,4115.0,4101.7001953125,4110.7998046875,2357.0
2026-07-29 20:15:00+00:00,4110.39990234375,4116.2001953125,4102.60009765625,4114.2001953125,1088.0
2026-07-29 20:30:00+00:00,4114.7998046875,4127.7001953125,4112.7001953125,4125.7001953125,1456.0
2026-07-29 20:45:00+00:00,4125.39990234375,4128.89990234375,4122.10009765625,4126.0,1012.0
2026-07-29 22:00:00+00:00,4125.10009765625,4135.39990234375,4121.10009765625,4134.2998046875,668.0
2026-07-29 22:15:00+00:00,4133.89990234375,4135.5,4130.2998046875,4132.7001953125,469.0
2026-07-29 22:30:00+00:00,4132.2998046875,4139.10009765625,4130.5,4138.5,614.0
2026-07-29 22:45:00+00:00,4139.2998046875,4148.2001953125,4137.5,4146.10009765625,1017.0
2026-07-29 23:00:00+00:00,4146.2001953125,4158.0,4146.2001953125,4148.60009765625,862.0
2026-07-29 23:15:00+00:00,4149.39990234375,4152.5,4148.2001953125,4151.10009765625,599.0
2026-07-29 23:30:00+00:00,4151.60009765625,4152.5,4147.2998046875,4147.60009765625,440.0
2026-07-29 23:45:00+00:00,4148.0,4150.7001953125,4142.0,4142.0,502.0
2026-07-30 00:00:00+00:00,4142.5,4144.2998046875,4136.7001953125,4139.2001953125,875.0
2026-07-30 00:15:00+00:00,4138.60009765625,4141.0,4130.10009765625,4132.60009765625,867.0
2026-07-30 00:30:00+00:00,4133.7998046875,4134.2998046875,4122.2998046875,4123.60009765625,891.0
2026-07-30 00:45:00+00:00,4124.10009765625,4130.5,4122.5,4129.7001953125,1214.0
2026-07-30 01:00:00+00:00,4129.89990234375,4151.5,4127.7998046875,4132.89990234375,2898.0
2026-07-30 01:15:00+00:00,4133.5,4142.60009765625,4131.10009765625,4139.0,1175.0
2026-07-30 01:30:00+00:00,4138.7998046875,4147.5,4138.2001953125,4144.2998046875,860.0
2026-07-30 01:45:00+00:00,4144.0,4149.0,4141.39990234375,4142.39990234375,758.0
2026-07-30 02:00:00+00:00,4142.10009765625,4148.0,4139.89990234375,4140.5,558.0
2026-07-30 02:15:00+00:00,4140.0,4141.0,4137.5,4140.5,383.0
2026-07-30 02:30:00+00:00,4139.89990234375,4140.2001953125,4131.0,4134.2998046875,814.0
2026-07-30 02:45:00+00:00,4134.2001953125,4134.7998046875,4120.7001953125,4121.60009765625,953.0
2026-07-30 03:00:00+00:00,4121.0,4127.5,4117.7998046875,4120.0,730.0
2026-07-30 03:15:00+00:00,4120.39990234375,4121.39990234375,4109.89990234375,4111.10009765625,1268.0
2026-07-30 03:30:00+00:00,4111.2001953125,4113.2001953125,4107.60009765625,4109.2001953125,829.0
2026-07-30 03:45:00+00:00,4109.10009765625,4116.89990234375,4109.10009765625,4114.10009765625,799.0
2026-07-30 04:00:00+00:00,4115.60009765625,4117.10009765625,4108.89990234375,4110.10009765625,640.0
2026-07-30 04:15:00+00:00,4110.39990234375,4111.89990234375,4107.60009765625,4110.7001953125,378.0
2026-07-30 04:30:00+00:00,4110.89990234375,4110.89990234375,4104.10009765625,4105.60009765625,812.0
2026-07-30 04:45:00+00:00,4105.2998046875,4108.7001953125,4100.2998046875,4102.5,936.0
2026-07-30 05:00:00+00:00,4102.2001953125,4102.2001953125,4098.2001953125,4101.89990234375,786.0
2026-07-30 05:15:00+00:00,4102.2998046875,4104.0,4093.89990234375,4103.5,881.0
2026-07-30 05:30:00+00:00,4102.7998046875,4108.0,4085.0,4090.39990234375,2242.0
2026-07-30 05:45:00+00:00,4089.89990234375,4095.199951171875,4087.0,4090.39990234375,948.0
2026-07-30 06:00:00+00:00,4090.800048828125,4096.39990234375,4088.199951171875,4089.300048828125,1082.0
2026-07-30 06:15:00+00:00,4089.0,4096.2998046875,4086.300048828125,4090.5,907.0
2026-07-30 06:30:00+00:00,4090.10009765625,4095.699951171875,4088.300048828125,4093.0,725.0
2026-07-30 06:45:00+00:00,4092.800048828125,4098.10009765625,4091.60009765625,4094.10009765625,1606.0
2026-07-30 07:00:00+00:00,4093.800048828125,4105.0,4092.699951171875,4103.7998046875,1714.0
2026-07-30 07:15:00+00:00,4104.0,4108.5,4100.60009765625,4103.10009765625,1773.0
2026-07-30 07:30:00+00:00,4103.0,4104.7001953125,4093.0,4103.2001953125,2519.0
2026-07-30 07:45:00+00:00,4103.10009765625,4103.7998046875,4095.10009765625,4096.10009765625,827.0
2026-07-30 08:00:00+00:00,4096.10009765625,4113.7998046875,4093.89990234375,4110.89990234375,1758.0
2026-07-30 08:15:00+00:00,4110.5,4126.39990234375,4109.7998046875,4122.0,1659.0
2026-07-30 08:30:00+00:00,4122.10009765625,4130.89990234375,4121.10009765625,4123.7998046875,2619.0
2026-07-30 08:45:00+00:00,4123.7001953125,4128.7001953125,4117.2001953125,4119.2001953125,1044.0
2026-07-30 09:00:00+00:00,4119.39990234375,4127.0,4118.2998046875,4123.89990234375,1183.0
2026-07-30 09:15:00+00:00,4124.10009765625,4130.2998046875,4122.60009765625,4125.7998046875,1524.0
2026-07-30 09:30:00+00:00,4126.10009765625,4127.60009765625,4118.39990234375,4123.7998046875,1981.0
2026-07-30 09:45:00+00:00,4123.7001953125,4131.5,4120.5,4121.5,1318.0
2026-07-30 10:00:00+00:00,4121.7998046875,4133.2998046875,4121.2001953125,4127.0,2041.0
2026-07-30 10:15:00+00:00,4126.7998046875,4136.2998046875,4126.0,4134.7001953125,1637.0
2026-07-30 10:30:00+00:00,4134.7998046875,4141.2001953125,4133.5,4139.60009765625,1529.0
2026-07-30 10:45:00+00:00,4139.7001953125,4142.2001953125,4136.2998046875,4136.39990234375,1022.0
2026-07-30 11:00:00+00:00,4137.7001953125,4141.5,4136.0,4138.0,905.0
2026-07-30 11:15:00+00:00,4137.7001953125,4140.39990234375,4134.89990234375,4135.89990234375,520.0
2026-07-30 11:30:00+00:00,4136.7998046875,4137.7001953125,4134.7001953125,4135.5,637.0
2026-07-30 11:45:00+00:00,4135.7001953125,4138.89990234375,4133.60009765625,4136.0,1043.0
2026-07-30 12:00:00+00:00,4136.0,4141.0,4132.7001953125,4137.10009765625,1584.0
2026-07-30 12:15:00+00:00,4137.0,4139.7998046875,4129.7998046875,4135.39990234375,1489.0
2026-07-30 12:30:00+00:00,4135.0,4145.39990234375,4129.7998046875,4135.7998046875,2805.0
2026-07-30 12:45:00+00:00,4136.2001953125,4137.60009765625,4125.39990234375,4127.39990234375,1656.0
2026-07-30 13:00:00+00:00,4127.39990234375,4135.2001953125,4123.2001953125,4135.10009765625,2128.0
2026-07-30 13:15:00+00:00,4134.7998046875,4142.2001953125,4130.7001953125,4138.2998046875,2195.0
2026-07-30 13:30:00+00:00,4138.7998046875,4157.7001953125,4133.2001953125,4148.10009765625,6708.0
2026-07-30 13:45:00+00:00,4148.10009765625,4172.5,4144.5,4172.0,6813.0
2026-07-30 14:00:00+00:00,4171.7001953125,4180.2001953125,4153.39990234375,4157.2998046875,12188.0
2026-07-30 14:15:00+00:00,4157.60009765625,4159.60009765625,4145.60009765625,4155.2001953125,5048.0
2026-07-30 14:30:00+00:00,4155.39990234375,4170.7001953125,4154.0,4170.2001953125,3099.0
2026-07-30 14:45:00+00:00,4170.39990234375,4172.7001953125,4155.7001953125,4159.10009765625,2592.0
2026-07-30 15:00:00+00:00,4159.2998046875,4159.39990234375,4141.89990234375,4144.60009765625,4276.0
2026-07-30 15:15:00+00:00,4144.39990234375,4156.2001953125,4143.7001953125,4155.10009765625,1626.0
2026-07-30 15:30:00+00:00,4155.10009765625,4165.7998046875,4151.7998046875,4164.39990234375,1897.0
2026-07-30 15:45:00+00:00,4164.39990234375,4169.2001953125,4162.39990234375,4167.0,1571.0
2026-07-30 16:00:00+00:00,4166.7998046875,4175.0,4166.7998046875,4173.2001953125,2363.0
2026-07-30 16:15:00+00:00,4173.39990234375,4178.2998046875,4172.39990234375,4175.39990234375,1425.0
2026-07-30 16:30:00+00:00,4174.7001953125,4175.5,4167.2998046875,4167.60009765625,1360.0
2026-07-30 16:45:00+00:00,4168.0,4169.7998046875,4165.60009765625,4169.7998046875,984.0
2026-07-30 17:00:00+00:00,4169.7998046875,4170.2001953125,4163.7998046875,4163.7998046875,1275.0
2026-07-30 17:15:00+00:00,4163.7998046875,4167.2998046875,4157.10009765625,4160.5,2873.0
2026-07-30 17:30:00+00:00,4160.39990234375,4167.39990234375,4158.89990234375,4165.0,1649.0
2026-07-30 17:45:00+00:00,4164.7998046875,4167.39990234375,4159.89990234375,4161.5,954.0
2026-07-30 18:00:00+00:00,4161.5,4165.7998046875,4161.5,4165.5,633.0
2026-07-30 18:15:00+00:00,4165.60009765625,4165.60009765625,4159.89990234375,4162.2998046875,1026.0
2026-07-30 18:30:00+00:00,4162.60009765625,4166.7998046875,4162.0,4163.5,734.0
2026-07-30 18:45:00+00:00,4163.7001953125,4164.10009765625,4157.7001953125,4158.7998046875,733.0
2026-07-30 19:00:00+00:00,4158.7001953125,4164.7998046875,4158.0,4163.89990234375,882.0
2026-07-30 19:15:00+00:00,4163.60009765625,4174.10009765625,4162.0,4172.0,1416.0
2026-07-30 19:30:00+00:00,4171.5,4174.5,4170.2998046875,4171.2998046875,644.0
2026-07-30 19:45:00+00:00,4171.2998046875,4172.2998046875,4168.2001953125,4170.5,830.0
2026-07-30 20:00:00+00:00,4171.2001953125,4176.7001953125,4169.2998046875,4173.2001953125,1205.0
2026-07-30 20:15:00+00:00,4173.2001953125,4174.2001953125,4170.7001953125,4171.2998046875,617.0
2026-07-30 20:30:00+00:00,4171.7998046875,4171.7998046875,4161.2998046875,4162.39990234375,612.0
2026-07-30 20:45:00+00:00,4161.89990234375,4163.10009765625,4158.0,4162.7998046875,820.0
2026-07-30 22:00:00+00:00,4163.89990234375,4166.2998046875,4158.0,4165.2001953125,282.0
2026-07-30 22:15:00+00:00,4165.5,4166.7998046875,4164.7998046875,4165.7998046875,238.0
2026-07-30 22:30:00+00:00,4166.2998046875,4169.0,4165.39990234375,4168.7998046875,268.0
2026-07-30 22:45:00+00:00,4168.89990234375,4169.7998046875,4167.39990234375,4167.7998046875,376.0
2026-07-30 23:00:00+00:00,4168.10009765625,4170.7001953125,4164.7998046875,4166.10009765625,325.0
2026-07-30 23:15:00+00:00,4165.60009765625,4166.10009765625,4161.7998046875,4162.7998046875,363.0
2026-07-30 23:30:00+00:00,4162.7998046875,4166.89990234375,4160.7998046875,4164.2998046875,445.0
2026-07-30 23:45:00+00:00,4166.60009765625,4168.7998046875,4164.2998046875,4164.39990234375,269.0
2026-07-31 00:00:00+00:00,4164.7998046875,4165.39990234375,4159.2001953125,4159.89990234375,421.0
2026-07-31 00:15:00+00:00,4159.7998046875,4162.39990234375,4154.5,4154.89990234375,535.0
2026-07-31 00:30:00+00:00,4155.10009765625,4156.2998046875,4149.0,4151.5,416.0
2026-07-31 00:45:00+00:00,4151.0,4155.0,4149.0,4153.5,456.0
2026-07-31 01:00:00+00:00,4153.89990234375,4160.0,4146.7998046875,4147.2998046875,1281.0
2026-07-31 01:15:00+00:00,4147.5,4153.2001953125,4144.5,4150.2998046875,925.0
2026-07-31 01:30:00+00:00,4150.2998046875,4150.2998046875,4142.0,4144.10009765625,915.0
2026-07-31 01:45:00+00:00,4143.7001953125,4147.39990234375,4140.0,4142.5,780.0
2026-07-31 02:00:00+00:00,4142.7001953125,4148.7998046875,4139.7998046875,4143.89990234375,736.0
2026-07-31 02:15:00+00:00,4143.7001953125,4143.7001953125,4139.89990234375,4140.2998046875,554.0
2026-07-31 02:30:00+00:00,4140.10009765625,4142.5,4133.39990234375,4133.5,662.0
2026-07-31 02:45:00+00:00,4133.89990234375,4136.60009765625,4132.5,4134.10009765625,917.0
2026-07-31 03:00:00+00:00,4134.0,4134.2998046875,4129.7001953125,4131.39990234375,590.0
2026-07-31 03:15:00+00:00,4131.10009765625,4133.7998046875,4130.0,4133.2001953125,403.0
2026-07-31 03:30:00+00:00,4133.2998046875,4137.39990234375,4132.89990234375,4134.5,624.0
2026-07-31 03:45:00+00:00,4134.89990234375,4135.5,4132.0,4133.10009765625,195.0
2026-07-31 04:00:00+00:00,4132.60009765625,4135.0,4131.0,4134.89990234375,431.0
2026-07-31 04:15:00+00:00,4134.7998046875,4138.10009765625,4132.2998046875,4138.0,770.0
2026-07-31 04:30:00+00:00,4137.89990234375,4139.5,4137.10009765625,4137.10009765625,480.0
2026-07-31 04:45:00+00:00,4137.0,4138.0,4132.5,4137.60009765625,548.0
2026-07-31 05:00:00+00:00,4138.0,4141.2998046875,4137.5,4137.7998046875,353.0
2026-07-31 05:15:00+00:00,4137.7001953125,4140.89990234375,4137.5,4138.89990234375,371.0
2026-07-31 05:30:00+00:00,4139.0,4139.7001953125,4133.7001953125,4134.2998046875,691.0
2026-07-31 05:45:00+00:00,4134.2001953125,4134.2001953125,4131.0,4131.89990234375,588.0
2026-07-31 06:00:00+00:00,4132.0,4140.60009765625,4130.5,4140.2998046875,655.0
2026-07-31 06:15:00+00:00,4139.89990234375,4145.2998046875,4138.7998046875,4143.2001953125,803.0
2026-07-31 06:30:00+00:00,4142.7001953125,4142.7001953125,4134.89990234375,4135.7998046875,493.0
2026-07-31 06:45:00+00:00,4135.0,4139.39990234375,4134.2001953125,4135.39990234375,626.0
2026-07-31 07:00:00+00:00,4135.0,4136.7998046875,4133.0,4135.2001953125,702.0
2026-07-31 07:15:00+00:00,4135.39990234375,4136.7998046875,4129.5,4130.5,779.0
2026-07-31 07:30:00+00:00,4130.2001953125,4131.39990234375,4125.5,4129.5,1202.0
2026-07-31 07:45:00+00:00,4129.7998046875,4132.0,4124.7001953125,4125.10009765625,1218.0
2026-07-31 08:00:00+00:00,4125.10009765625,4125.39990234375,4118.39990234375,4119.39990234375,1221.0
2026-07-31 08:15:00+00:00,4119.39990234375,4124.60009765625,4114.89990234375,4115.7001953125,1579.0
2026-07-31 08:30:00+00:00,4115.7001953125,4118.39990234375,4110.7998046875,4115.89990234375,1627.0
2026-07-31 08:45:00+00:00,4115.89990234375,4121.2998046875,4114.60009765625,4118.10009765625,1174.0
2026-07-31 09:00:00+00:00,4117.7001953125,4120.7998046875,4111.60009765625,4113.39990234375,1433.0
2026-07-31 09:15:00+00:00,4113.2998046875,4114.2001953125,4107.7998046875,4108.7001953125,1097.0
2026-07-31 09:30:00+00:00,4108.39990234375,4111.0,4106.5,4109.39990234375,952.0
2026-07-31 09:45:00+00:00,4109.2998046875,4113.60009765625,4108.39990234375,4111.2998046875,730.0
2026-07-31 10:00:00+00:00,4111.2001953125,4114.7001953125,4109.5,4112.2001953125,690.0
2026-07-31 10:15:00+00:00,4112.2998046875,4112.39990234375,4108.39990234375,4109.60009765625,438.0
2026-07-31 10:30:00+00:00,4109.2001953125,4112.7998046875,4109.2001953125,4111.10009765625,444.0
2026-07-31 10:45:00+00:00,4111.0,4113.5,4110.2001953125,4110.7998046875,439.0
2026-07-31 11:00:00+00:00,4111.0,4116.0,4108.2001953125,4113.7998046875,801.0
2026-07-31 11:15:00+00:00,4113.60009765625,4117.39990234375,4110.39990234375,4115.0,627.0
2026-07-31 11:30:00+00:00,4114.89990234375,4115.0,4106.7001953125,4108.39990234375,1035.0
2026-07-31 11:45:00+00:00,4108.2998046875,4111.60009765625,4107.2998046875,4110.0,622.0
2026-07-31 12:00:00+00:00,4110.2001953125,4115.7001953125,4108.7998046875,4115.39990234375,965.0
2026-07-31 12:15:00+00:00,4115.39990234375,4115.7001953125,4103.10009765625,4103.5,1836.0
2026-07-31 12:30:00+00:00,4103.39990234375,4107.7998046875,4098.5,4100.89990234375,3869.0
2026-07-31 12:45:00+00:00,4100.7001953125,4102.39990234375,4096.39990234375,4096.7998046875,2610.0
2026-07-31 13:00:00+00:00,4096.60009765625,4098.89990234375,4090.5,4092.300048828125,3373.0
2026-07-31 13:15:00+00:00,4092.300048828125,4103.39990234375,4091.5,4098.89990234375,3324.0
2026-07-31 13:30:00+00:00,4098.5,4100.2001953125,4078.300048828125,4080.89990234375,7050.0
2026-07-31 13:45:00+00:00,4080.89990234375,4088.300048828125,4077.60009765625,4081.5,3437.0
2026-07-31 14:00:00+00:00,4080.699951171875,4088.699951171875,4076.39990234375,4088.199951171875,3937.0
2026-07-31 14:15:00+00:00,4088.199951171875,4096.5,4086.0,4095.10009765625,3117.0
2026-07-31 14:30:00+00:00,4094.89990234375,4099.2998046875,4092.800048828125,4097.60009765625,1650.0
2026-07-31 14:45:00+00:00,4097.7001953125,4106.89990234375,4097.10009765625,4105.60009765625,2533.0
2026-07-31 15:00:00+00:00,4105.5,4107.2001953125,4099.2001953125,4103.60009765625,3816.0
2026-07-31 15:15:00+00:00,4103.2998046875,4109.10009765625,4096.60009765625,4097.39990234375,2661.0
2026-07-31 15:30:00+00:00,4097.39990234375,4099.7001953125,4093.0,4098.2998046875,1594.0
2026-07-31 15:45:00+00:00,4098.2001953125,4103.0,4096.10009765625,4101.7001953125,1495.0
2026-07-31 16:00:00+00:00,4101.7998046875,4103.0,4097.60009765625,4101.89990234375,749.0
2026-07-31 16:15:00+00:00,4102.7998046875,4104.60009765625,4099.10009765625,4103.60009765625,1187.0
2026-07-31 16:30:00+00:00,4103.7001953125,4106.0,4097.2001953125,4098.7001953125,1285.0
2026-07-31 16:45:00+00:00,4098.7001953125,4101.2001953125,4098.10009765625,4099.2998046875,688.0
2026-07-31 17:00:00+00:00,4099.2001953125,4102.39990234375,4097.2998046875,4101.60009765625,1074.0
2026-07-31 17:15:00+00:00,4101.60009765625,4109.7998046875,4100.89990234375,4106.7001953125,3241.0
2026-07-31 17:30:00+00:00,4106.7998046875,4109.7998046875,4103.7998046875,4108.0,1968.0
2026-07-31 17:45:00+00:00,4108.0,4111.0,4106.2998046875,4109.7998046875,1164.0
2026-07-31 18:00:00+00:00,4110.0,4111.2998046875,4102.89990234375,4104.10009765625,1097.0
2026-07-31 18:15:00+00:00,4103.89990234375,4107.89990234375,4103.60009765625,4107.10009765625,679.0
2026-07-31 18:30:00+00:00,4106.7998046875,4107.7998046875,4103.89990234375,4105.60009765625,646.0
2026-07-31 18:45:00+00:00,4105.39990234375,4107.5,4104.10009765625,4106.60009765625,468.0
2026-07-31 19:00:00+00:00,4107.0,4109.0,4102.60009765625,4104.2001953125,740.0
2026-07-31 19:15:00+00:00,4104.2001953125,4106.60009765625,4103.2001953125,4106.39990234375,590.0
2026-07-31 19:30:00+00:00,4106.7001953125,4110.7001953125,4104.89990234375,4109.89990234375,763.0
2026-07-31 19:45:00+00:00,4109.89990234375,4111.89990234375,4106.39990234375,4107.7001953125,1324.0
2026-07-31 20:00:00+00:00,4107.7001953125,4108.39990234375,4101.89990234375,4104.39990234375,690.0
2026-07-31 20:15:00+00:00,4104.39990234375,4105.2998046875,4103.0,4104.39990234375,258.0
2026-07-31 20:30:00+00:00,4104.2998046875,4109.2001953125,4103.60009765625,4107.2998046875,381.0
2026-07-31 20:45:00+00:00,4107.7001953125,4108.60009765625,4097.39990234375,4107.0,1184.0
2026-08-02 22:00:00+00:00,4131.10009765625,4135.7998046875,4130.7001953125,4133.2998046875,411.0
2026-08-02 22:15:00+00:00,4133.0,4134.2001953125,4120.39990234375,4122.7001953125,1004.0
2026-08-02 22:30:00+00:00,4122.7001953125,4124.89990234375,4120.5,4123.10009765625,623.0
2026-08-02 22:45:00+00:00,4123.39990234375,4123.60009765625,4119.5,4119.89990234375,494.0
2026-08-02 23:00:00+00:00,4120.0,4123.39990234375,4119.0,4122.39990234375,435.0
2026-08-02 23:15:00+00:00,4122.2998046875,4128.39990234375,4122.10009765625,4127.89990234375,397.0
2026-08-02 23:30:00+00:00,4127.7998046875,4128.2001953125,4123.7001953125,4125.39990234375,146.0
2026-08-02 23:45:00+00:00,4125.5,4130.5,4123.7998046875,4130.39990234375,659.0
2026-08-03 00:00:00+00:00,4130.5,4134.7001953125,4125.60009765625,4127.89990234375,719.0
2026-08-03 00:15:00+00:00,4127.89990234375,4128.5,4117.0,4119.60009765625,814.0
2026-08-03 00:30:00+00:00,4119.7998046875,4125.39990234375,4112.39990234375,4113.7001953125,1094.0
2026-08-03 00:45:00+00:00,4113.7998046875,4116.39990234375,4111.10009765625,4112.60009765625,690.0
2026-08-03 01:00:00+00:00,4111.60009765625,4119.0,4106.2998046875,4107.7998046875,1434.0
2026-08-03 01:15:00+00:00,4108.39990234375,4110.39990234375,4102.7001953125,4108.2001953125,895.0
2026-08-03 01:30:00+00:00,4108.39990234375,4112.7998046875,4103.0,4106.7998046875,880.0
2026-08-03 01:45:00+00:00,4106.89990234375,4113.39990234375,4105.7001953125,4112.7001953125,794.0
2026-08-03 02:00:00+00:00,4112.7001953125,4116.7001953125,4109.0,4111.60009765625,572.0
2026-08-03 02:15:00+00:00,4111.2001953125,4116.5,4107.7998046875,4113.60009765625,637.0
2026-08-03 02:30:00+00:00,4114.0,4116.2001953125,4108.0,4115.5,749.0
2026-08-03 02:45:00+00:00,4115.2001953125,4122.2998046875,4114.10009765625,4117.7998046875,776.0
2026-08-03 03:00:00+00:00,4117.60009765625,4120.89990234375,4116.2001953125,4119.5,360.0
2026-08-03 03:15:00+00:00,4119.5,4123.2001953125,4116.89990234375,4119.0,859.0
2026-08-03 03:30:00+00:00,4119.2998046875,4120.2998046875,4115.5,4115.7001953125,293.0
2026-08-03 03:45:00+00:00,4115.89990234375,4122.10009765625,4114.2001953125,4120.0,324.0
2026-08-03 04:00:00+00:00,4120.39990234375,4123.39990234375,4119.39990234375,4121.60009765625,421.0
2026-08-03 04:15:00+00:00,4121.7001953125,4126.2001953125,4121.2001953125,4123.60009765625,665.0
2026-08-03 04:30:00+00:00,4123.5,4126.5,4123.5,4125.7998046875,243.0
2026-08-03 04:45:00+00:00,4126.0,4127.2001953125,4119.2001953125,4119.2001953125,374.0
2026-08-03 05:00:00+00:00,4119.0,4120.39990234375,4111.7998046875,4112.7001953125,623.0
2026-08-03 05:15:00+00:00,4113.10009765625,4117.89990234375,4109.10009765625,4115.5,528.0
2026-08-03 05:30:00+00:00,4115.2998046875,4119.7001953125,4110.2998046875,4118.5,855.0
2026-08-03 05:45:00+00:00,4118.5,4125.2001953125,4113.89990234375,4124.2001953125,824.0
2026-08-03 06:00:00+00:00,4124.5,4126.39990234375,4121.2001953125,4121.2001953125,984.0
2026-08-03 06:15:00+00:00,4121.5,4127.2998046875,4120.89990234375,4123.60009765625,805.0
2026-08-03 06:30:00+00:00,4123.5,4124.10009765625,4115.7001953125,4120.89990234375,1045.0
2026-08-03 06:45:00+00:00,4120.60009765625,4122.2001953125,4117.7998046875,4118.89990234375,608.0
2026-08-03 07:00:00+00:00,4118.60009765625,4120.5,4114.7998046875,4116.89990234375,667.0
2026-08-03 07:15:00+00:00,4116.5,4117.2998046875,4107.2998046875,4114.2001953125,1594.0
2026-08-03 07:30:00+00:00,4113.89990234375,4116.7998046875,4112.0,4115.10009765625,493.0
2026-08-03 07:45:00+00:00,4115.10009765625,4119.0,4113.60009765625,4117.10009765625,653.0
2026-08-03 08:00:00+00:00,4117.10009765625,4117.7001953125,4114.2001953125,4117.5,418.0
2026-08-03 08:15:00+00:00,4117.39990234375,4118.0,4110.0,4111.2998046875,539.0
2026-08-03 08:30:00+00:00,4111.2998046875,4116.10009765625,4110.39990234375,4114.0,733.0
2026-08-03 08:45:00+00:00,4113.7998046875,4116.7001953125,4113.39990234375,4115.0,402.0
2026-08-03 09:00:00+00:00,4115.2998046875,4117.7001953125,4112.7998046875,4117.2998046875,425.0
2026-08-03 09:15:00+00:00,4116.89990234375,4116.89990234375,4108.0,4108.2998046875,750.0
2026-08-03 09:30:00+00:00,4108.5,4111.0,4102.2998046875,4109.7001953125,2583.0
2026-08-03 09:45:00+00:00,4109.60009765625,4114.39990234375,4109.60009765625,4111.60009765625,848.0
2026-08-03 10:00:00+00:00,4111.60009765625,4113.5,4109.39990234375,4112.39990234375,412.0
2026-08-03 10:15:00+00:00,4112.5,4113.60009765625,4108.2998046875,4110.0,386.0
2026-08-03 10:30:00+00:00,4110.0,4110.10009765625,4105.10009765625,4105.5,621.0
2026-08-03 10:45:00+00:00,4105.2998046875,4107.39990234375,4101.89990234375,4105.39990234375,574.0
2026-08-03 11:00:00+00:00,4105.7001953125,4109.2001953125,4103.2001953125,4106.10009765625,611.0
2026-08-03 11:15:00+00:00,4106.0,4106.39990234375,4101.7001953125,4104.7001953125,388.0
2026-08-03 11:30:00+00:00,4104.5,4111.2998046875,4104.0,4109.7998046875,683.0
2026-08-03 11:45:00+00:00,4110.10009765625,4119.39990234375,4108.89990234375,4118.89990234375,1297.0
2026-08-03 12:00:00+00:00,4119.0,4121.10009765625,4110.7998046875,4112.2001953125,1106.0
2026-08-03 12:15:00+00:00,4112.10009765625,4112.5,4104.60009765625,4107.0,1566.0
2026-08-03 12:30:00+00:00,4107.2001953125,4109.0,4098.10009765625,4100.7998046875,1654.0
2026-08-03 12:45:00+00:00,4101.0,4104.7001953125,4099.0,4103.39990234375,873.0
2026-08-03 13:00:00+00:00,4104.7001953125,4109.7998046875,4093.60009765625,4094.0,2690.0
2026-08-03 13:15:00+00:00,4094.0,4095.89990234375,4086.5,4089.5,3549.0
2026-08-03 13:30:00+00:00,4089.60009765625,4091.0,4074.0,4086.89990234375,5756.0
2026-08-03 13:45:00+00:00,4087.300048828125,4090.39990234375,4083.300048828125,4087.10009765625,2510.0
2026-08-03 14:00:00+00:00,4084.300048828125,4091.39990234375,4081.60009765625,4088.39990234375,3426.0
2026-08-03 14:15:00+00:00,4088.300048828125,4091.39990234375,4085.0,4087.60009765625,1798.0
2026-08-03 14:30:00+00:00,4087.800048828125,4093.39990234375,4087.10009765625,4091.699951171875,1586.0
2026-08-03 14:45:00+00:00,4091.800048828125,4094.89990234375,4089.0,4091.60009765625,1624.0
2026-08-03 15:00:00+00:00,4091.800048828125,4092.39990234375,4085.5,4088.300048828125,1401.0
2026-08-03 15:15:00+00:00,4088.60009765625,4093.60009765625,4085.800048828125,4087.89990234375,1625.0
2026-08-03 15:30:00+00:00,4088.0,4094.60009765625,4086.10009765625,4092.10009765625,1359.0
2026-08-03 15:45:00+00:00,4092.300048828125,4096.39990234375,4091.0,4091.60009765625,1269.0
2026-08-03 16:00:00+00:00,4091.60009765625,4092.89990234375,4089.89990234375,4091.800048828125,709.0
2026-08-03 16:15:00+00:00,4091.39990234375,4094.10009765625,4090.300048828125,4092.5,774.0
2026-08-03 16:30:00+00:00,4092.5,4094.800048828125,4091.199951171875,4094.300048828125,693.0
2026-08-03 16:45:00+00:00,4094.5,4094.5,4091.300048828125,4092.39990234375,573.0
2026-08-03 17:00:00+00:00,4092.699951171875,4093.199951171875,4088.699951171875,4089.800048828125,585.0
2026-08-03 17:15:00+00:00,4089.699951171875,4093.5,4089.39990234375,4090.0,1731.0
2026-08-03 17:30:00+00:00,4090.39990234375,4092.699951171875,4089.699951171875,4091.89990234375,714.0
2026-08-03 17:45:00+00:00,4091.800048828125,4092.300048828125,4085.89990234375,4086.39990234375,734.0
2026-08-03 18:00:00+00:00,4086.39990234375,4094.300048828125,4085.39990234375,4090.699951171875,1081.0
2026-08-03 18:15:00+00:00,4090.800048828125,4094.89990234375,4090.60009765625,4093.89990234375,1023.0
2026-08-03 18:30:00+00:00,4093.60009765625,4097.39990234375,4092.39990234375,4097.2998046875,546.0
2026-08-03 18:45:00+00:00,4097.0,4101.0,4096.2998046875,4099.60009765625,915.0
2026-08-03 19:00:00+00:00,4099.5,4105.5,4099.5,4101.89990234375,1298.0
2026-08-03 19:15:00+00:00,4102.2001953125,4110.2001953125,4102.10009765625,4108.7998046875,1079.0
2026-08-03 19:30:00+00:00,4108.89990234375,4111.5,4107.7001953125,4110.0,847.0
2026-08-03 19:45:00+00:00,4109.89990234375,4112.0,4107.7001953125,4108.2001953125,1129.0
2026-08-03 20:00:00+00:00,4108.2998046875,4108.89990234375,4106.2001953125,4108.7998046875,395.0
2026-08-03 20:15:00+00:00,4108.39990234375,4111.89990234375,4107.2998046875,4110.2001953125,303.0
2026-08-03 20:30:00+00:00,4110.60009765625,4115.0,4110.0,4112.39990234375,379.0
2026-08-03 20:45:00+00:00,4112.5,4113.5,4110.60009765625,4110.89990234375,670.0
2026-08-03 22:00:00+00:00,4109.60009765625,4110.2998046875,4104.60009765625,4107.0,248.0
2026-08-03 22:15:00+00:00,4106.7998046875,4108.2001953125,4106.2998046875,4107.5,115.0
2026-08-03 22:30:00+00:00,4107.7998046875,4109.2001953125,4107.0,4108.39990234375,125.0
2026-08-03 22:45:00+00:00,4108.60009765625,4109.60009765625,4106.7998046875,4108.60009765625,211.0
2026-08-03 23:00:00+00:00,4108.60009765625,4110.7998046875,4105.5,4107.10009765625,680.0
2026-08-03 23:15:00+00:00,4107.0,4110.60009765625,4106.2001953125,4107.2998046875,663.0
2026-08-03 23:30:00+00:00,4107.39990234375,4108.5,4106.60009765625,4108.10009765625,70.0
2026-08-03 23:45:00+00:00,4108.2001953125,4109.60009765625,4107.0,4109.2998046875,459.0
2026-08-04 00:00:00+00:00,4109.2001953125,4125.10009765625,4108.7001953125,4119.2001953125,1584.0
2026-08-04 00:15:00+00:00,4119.10009765625,4120.2998046875,4113.7001953125,4114.60009765625,381.0
2026-08-04 00:30:00+00:00,4114.89990234375,4116.2998046875,4110.89990234375,4111.60009765625,408.0
2026-08-04 00:45:00+00:00,4112.39990234375,4113.7998046875,4104.10009765625,4104.5,1097.0
2026-08-04 01:00:00+00:00,4104.10009765625,4106.2001953125,4098.2001953125,4102.7001953125,1425.0
2026-08-04 01:15:00+00:00,4103.60009765625,4108.0,4103.2998046875,4104.7001953125,614.0
2026-08-04 01:30:00+00:00,4105.0,4116.0,4104.0,4114.60009765625,951.0
2026-08-04 01:45:00+00:00,4114.7001953125,4117.60009765625,4112.60009765625,4114.7998046875,603.0
2026-08-04 02:00:00+00:00,4114.7998046875,4116.7998046875,4111.10009765625,4113.89990234375,443.0
2026-08-04 02:15:00+00:00,4113.60009765625,4115.39990234375,4111.2998046875,4112.2001953125,431.0
2026-08-04 02:30:00+00:00,4112.89990234375,4120.60009765625,4111.10009765625,4117.89990234375,784.0
2026-08-04 02:45:00+00:00,4117.89990234375,4118.2001953125,4113.7001953125,4114.60009765625,360.0
2026-08-04 03:00:00+00:00,4114.2998046875,4116.2998046875,4112.0,4113.7001953125,294.0
2026-08-04 03:15:00+00:00,4113.7001953125,4117.5,4113.39990234375,4113.7001953125,430.0
2026-08-04 03:30:00+00:00,4113.5,4114.2001953125,4107.7001953125,4107.89990234375,653.0
2026-08-04 03:45:00+00:00,4108.2998046875,4110.7998046875,4107.60009765625,4108.2001953125,374.0
2026-08-04 04:00:00+00:00,4107.39990234375,4112.2998046875,4106.39990234375,4111.89990234375,592.0
2026-08-04 04:15:00+00:00,4112.10009765625,4117.0,4111.2998046875,4116.7001953125,1005.0
2026-08-04 04:30:00+00:00,4116.7998046875,4119.7001953125,4116.0,4118.10009765625,685.0
2026-08-04 04:45:00+00:00,4118.0,4121.89990234375,4117.89990234375,4119.2998046875,690.0
2026-08-04 05:00:00+00:00,4119.39990234375,4120.39990234375,4112.7001953125,4113.5,566.0
2026-08-04 05:15:00+00:00,4113.5,4119.7001953125,4113.0,4119.2998046875,480.0
2026-08-04 05:30:00+00:00,4119.89990234375,4123.7001953125,4115.0,4118.60009765625,1185.0
2026-08-04 05:45:00+00:00,4118.39990234375,4120.10009765625,4114.10009765625,4117.2998046875,896.0
2026-08-04 06:00:00+00:00,4117.89990234375,4122.10009765625,4117.7998046875,4120.39990234375,659.0
2026-08-04 06:15:00+00:00,4120.10009765625,4120.7998046875,4115.2001953125,4115.5,473.0
2026-08-04 06:30:00+00:00,4115.0,4115.7001953125,4111.39990234375,4115.60009765625,703.0
2026-08-04 06:45:00+00:00,4116.0,4119.7001953125,4114.7001953125,4119.2998046875,641.0
2026-08-04 07:00:00+00:00,4119.5,4121.7998046875,4116.60009765625,4116.60009765625,902.0
2026-08-04 07:15:00+00:00,4116.89990234375,4120.2001953125,4116.7001953125,4120.2001953125,205.0
2026-08-04 07:30:00+00:00,4120.2001953125,4122.89990234375,4117.5,4119.2001953125,1383.0
2026-08-04 07:45:00+00:00,4118.89990234375,4122.39990234375,4118.2001953125,4121.7998046875,436.0
2026-08-04 08:00:00+00:00,4121.89990234375,4129.60009765625,4120.7001953125,4124.39990234375,2140.0
2026-08-04 08:15:00+00:00,4124.2001953125,4124.89990234375,4116.2998046875,4119.5,698.0
2026-08-04 08:30:00+00:00,4119.2001953125,4120.5,4114.39990234375,4115.2001953125,788.0
2026-08-04 08:45:00+00:00,4115.10009765625,4115.2998046875,4110.10009765625,4110.7998046875,567.0
2026-08-04 09:00:00+00:00,4110.10009765625,4111.2001953125,4104.10009765625,4106.5,880.0
2026-08-04 09:15:00+00:00,4106.2001953125,4107.7998046875,4104.7001953125,4105.89990234375,837.0
2026-08-04 09:30:00+00:00,4106.2001953125,4107.2001953125,4102.0,4106.10009765625,1049.0
2026-08-04 09:45:00+00:00,4106.0,4106.89990234375,4103.0,4105.10009765625,539.0
2026-08-04 10:00:00+00:00,4105.7001953125,4106.0,4102.7001953125,4105.0,323.0
2026-08-04 10:15:00+00:00,4104.60009765625,4105.60009765625,4101.39990234375,4104.60009765625,491.0
2026-08-04 10:30:00+00:00,4105.0,4109.89990234375,4102.0,4108.39990234375,848.0
2026-08-04 10:45:00+00:00,4109.0,4116.39990234375,4108.10009765625,4109.7998046875,1518.0
2026-08-04 11:00:00+00:00,4109.39990234375,4114.89990234375,4108.10009765625,4112.5,638.0
2026-08-04 11:15:00+00:00,4112.7001953125,4117.2001953125,4111.39990234375,4116.5,544.0
2026-08-04 11:30:00+00:00,4117.2001953125,4127.39990234375,4116.10009765625,4126.5,2362.0
2026-08-04 11:45:00+00:00,4126.5,4141.7998046875,4123.89990234375,4132.10009765625,5538.0
2026-08-04 12:00:00+00:00,4132.2998046875,4133.2001953125,4117.60009765625,4118.7001953125,2569.0
2026-08-04 12:15:00+00:00,4118.7998046875,4126.89990234375,4117.60009765625,4124.7998046875,1812.0
2026-08-04 12:30:00+00:00,4125.0,4141.5,4125.0,4135.2001953125,3566.0
2026-08-04 12:45:00+00:00,4135.2001953125,4136.10009765625,4126.39990234375,4127.7998046875,1851.0
2026-08-04 13:00:00+00:00,4128.10009765625,4128.7001953125,4117.2001953125,4120.7998046875,2761.0
2026-08-04 13:15:00+00:00,4120.39990234375,4147.89990234375,4119.39990234375,4135.39990234375,5980.0
2026-08-04 13:30:00+00:00,4135.60009765625,4148.89990234375,4132.7998046875,4140.39990234375,5451.0
2026-08-04 13:45:00+00:00,4140.5,4151.5,4138.60009765625,4140.7001953125,3859.0
2026-08-04 14:00:00+00:00,4140.7001953125,4148.7998046875,4140.2001953125,4147.2001953125,2451.0
2026-08-04 14:15:00+00:00,4147.39990234375,4149.2998046875,4137.2998046875,4140.39990234375,2376.0
2026-08-04 14:30:00+00:00,4140.60009765625,4143.7001953125,4131.2998046875,4137.0,3906.0
2026-08-04 14:45:00+00:00,4136.39990234375,4141.89990234375,4134.7998046875,4140.39990234375,1771.0
2026-08-04 15:00:00+00:00,4140.5,4142.39990234375,4136.5,4140.60009765625,1028.0
2026-08-04 15:15:00+00:00,4141.10009765625,4141.2001953125,4131.0,4134.89990234375,1725.0
2026-08-04 15:30:00+00:00,4134.39990234375,4144.2998046875,4133.0,4141.2001953125,2097.0
2026-08-04 15:45:00+00:00,4140.60009765625,4145.7998046875,4139.7001953125,4143.89990234375,1586.0
2026-08-04 16:00:00+00:00,4144.60009765625,4145.7001953125,4141.2001953125,4141.89990234375,1669.0
2026-08-04 16:15:00+00:00,4142.0,4147.0,4139.7001953125,4144.7001953125,1219.0
2026-08-04 16:30:00+00:00,4144.60009765625,4146.2998046875,4141.60009765625,4146.0,1070.0
2026-08-04 16:45:00+00:00,4145.7998046875,4150.7001953125,4145.60009765625,4150.39990234375,1693.0
2026-08-04 17:00:00+00:00,4150.0,4163.7998046875,4149.39990234375,4157.10009765625,3886.0
2026-08-04 17:15:00+00:00,4157.2998046875,4158.5,4151.10009765625,4151.89990234375,2919.0
2026-08-04 17:30:00+00:00,4151.89990234375,4153.2998046875,4148.7998046875,4152.60009765625,982.0
2026-08-04 17:45:00+00:00,4152.7001953125,4153.5,4143.0,4143.10009765625,1610.0
2026-08-04 18:00:00+00:00,4142.7998046875,4145.7998046875,4141.7001953125,4145.2001953125,973.0
2026-08-04 18:15:00+00:00,4145.10009765625,4146.0,4141.2001953125,4141.60009765625,771.0
2026-08-04 18:30:00+00:00,4141.7998046875,4142.7001953125,4133.2001953125,4133.5,1573.0
2026-08-04 18:45:00+00:00,4133.39990234375,4138.10009765625,4132.10009765625,4136.7998046875,859.0
2026-08-04 19:00:00+00:00,4136.60009765625,4141.2998046875,4135.7001953125,4138.7001953125,1251.0
2026-08-04 19:15:00+00:00,4138.89990234375,4141.89990234375,4136.0,4137.2998046875,892.0
2026-08-04 19:30:00+00:00,4137.2001953125,4139.60009765625,4136.0,4138.2001953125,307.0
2026-08-04 19:45:00+00:00,4138.2001953125,4139.10009765625,4133.2998046875,4135.5,646.0
2026-08-04 20:00:00+00:00,4135.5,4137.2998046875,4135.10009765625,4136.10009765625,364.0
2026-08-04 20:15:00+00:00,4135.10009765625,4135.7998046875,4131.39990234375,4132.2001953125,306.0
2026-08-04 20:30:00+00:00,4132.10009765625,4135.7001953125,4132.0,4134.2998046875,165.0
2026-08-04 20:45:00+00:00,4133.5,4135.2001953125,4132.7001953125,4134.2001953125,216.0
2026-08-04 22:00:00+00:00,4133.89990234375,4135.5,4132.7001953125,4133.39990234375,149.0
2026-08-04 22:15:00+00:00,4133.2001953125,4136.10009765625,4132.10009765625,4135.60009765625,848.0
2026-08-04 22:30:00+00:00,4136.0,4142.10009765625,4135.2998046875,4140.60009765625,933.0
2026-08-04 22:45:00+00:00,4140.7998046875,4140.7998046875,4132.39990234375,4132.7001953125,926.0
2026-08-04 23:00:00+00:00,4132.7998046875,4134.0,4125.5,4130.0,1525.0
2026-08-04 23:15:00+00:00,4129.89990234375,4131.39990234375,4121.60009765625,4123.7001953125,976.0
2026-08-04 23:30:00+00:00,4123.2001953125,4126.2001953125,4122.10009765625,4125.2998046875,333.0
2026-08-04 23:45:00+00:00,4125.2001953125,4129.5,4125.2001953125,4128.7001953125,366.0
2026-08-05 00:00:00+00:00,4128.60009765625,4130.10009765625,4126.2998046875,4127.89990234375,312.0
2026-08-05 00:15:00+00:00,4127.7998046875,4134.89990234375,4127.39990234375,4134.60009765625,415.0
2026-08-05 00:30:00+00:00,4134.89990234375,4139.10009765625,4133.89990234375,4133.89990234375,582.0
2026-08-05 00:45:00+00:00,4134.2001953125,4139.2998046875,4133.5,4138.2001953125,285.0
2026-08-05 01:00:00+00:00,4137.5,4142.7001953125,4133.39990234375,4141.89990234375,1020.0
2026-08-05 01:15:00+00:00,4141.89990234375,4144.7001953125,4138.2001953125,4139.7998046875,669.0
2026-08-05 01:30:00+00:00,4140.5,4148.89990234375,4135.7001953125,4148.7001953125,704.0
2026-08-05 01:45:00+00:00,4148.7001953125,4158.5,4148.39990234375,4157.2001953125,948.0
2026-08-05 02:00:00+00:00,4157.2001953125,4158.89990234375,4152.2001953125,4156.2001953125,1068.0
2026-08-05 02:15:00+00:00,4157.0,4165.0,4151.7998046875,4160.10009765625,1845.0
2026-08-05 02:30:00+00:00,4160.89990234375,4186.10009765625,4158.2001953125,4185.89990234375,4334.0
2026-08-05 02:45:00+00:00,4185.10009765625,4192.60009765625,4181.2001953125,4186.2001953125,3349.0
2026-08-05 03:00:00+00:00,4186.5,4193.5,4184.2998046875,4192.7998046875,1484.0
2026-08-05 03:15:00+00:00,4193.2998046875,4193.7998046875,4187.10009765625,4187.7001953125,988.0
2026-08-05 03:30:00+00:00,4187.7998046875,4188.2998046875,4185.0,4185.89990234375,765.0
2026-08-05 03:45:00+00:00,4186.2001953125,4187.7998046875,4185.0,4186.60009765625,460.0
2026-08-05 04:00:00+00:00,4186.10009765625,4199.5,4186.0,4196.39990234375,2280.0
2026-08-05 04:15:00+00:00,4196.2998046875,4198.7001953125,4195.5,4196.5,996.0
2026-08-05 04:30:00+00:00,4196.5,4196.5,4191.0,4192.39990234375,848.0
2026-08-05 04:45:00+00:00,4192.2998046875,4194.0,4189.89990234375,4193.39990234375,1046.0
2026-08-05 05:00:00+00:00,4193.2998046875,4196.2001953125,4192.7001953125,4195.39990234375,794.0
2026-08-05 05:15:00+00:00,4195.2998046875,4200.39990234375,4193.5,4197.89990234375,1249.0
2026-08-05 05:30:00+00:00,4198.0,4219.7998046875,4197.89990234375,4217.89990234375,6209.0
2026-08-05 05:45:00+00:00,4217.89990234375,4233.0,4217.39990234375,4222.39990234375,6573.0
2026-08-05 06:00:00+00:00,4222.2998046875,4234.2998046875,4220.2001953125,4233.0,2944.0
2026-08-05 06:15:00+00:00,4232.7998046875,4233.39990234375,4221.2001953125,4228.39990234375,2546.0
2026-08-05 06:30:00+00:00,4228.10009765625,4237.7998046875,4226.7001953125,4234.89990234375,2418.0
2026-08-05 06:45:00+00:00,4235.10009765625,4237.39990234375,4231.5,4237.10009765625,1929.0
2026-08-05 07:00:00+00:00,4236.89990234375,4238.5,4225.0,4225.2998046875,2335.0
2026-08-05 07:15:00+00:00,4225.39990234375,4228.39990234375,4221.7998046875,4223.39990234375,1601.0
2026-08-05 07:30:00+00:00,4223.39990234375,4225.89990234375,4220.89990234375,4225.5,1195.0
2026-08-05 07:45:00+00:00,4225.7998046875,4231.0,4223.2998046875,4229.89990234375,1277.0
2026-08-05 08:00:00+00:00,4229.5,4231.5,4223.2998046875,4224.2001953125,1218.0
2026-08-05 08:15:00+00:00,4224.7001953125,4226.89990234375,4221.0,4223.7998046875,1248.0
2026-08-05 08:30:00+00:00,4223.89990234375,4227.10009765625,4220.89990234375,4225.7001953125,1827.0
2026-08-05 08:45:00+00:00,4225.7001953125,4226.10009765625,4218.39990234375,4219.7001953125,1671.0
2026-08-05 09:00:00+00:00,4220.0,4226.89990234375,4219.7998046875,4222.7001953125,1283.0
2026-08-05 09:15:00+00:00,4222.39990234375,4222.39990234375,4214.60009765625,4216.60009765625,1688.0
2026-08-05 09:30:00+00:00,4216.60009765625,4218.7001953125,4213.0,4217.2998046875,1849.0
2026-08-05 09:45:00+00:00,4217.2001953125,4218.39990234375,4211.7998046875,4216.89990234375,1439.0
2026-08-05 10:00:00+00:00,4216.7998046875,4217.0,4209.2998046875,4210.0,885.0
2026-08-05 10:15:00+00:00,4209.89990234375,4217.2998046875,4209.10009765625,4215.7998046875,1352.0
2026-08-05 10:30:00+00:00,4215.7998046875,4216.7998046875,4212.7001953125,4213.89990234375,813.0
2026-08-05 10:45:00+00:00,4214.2998046875,4220.7001953125,4213.0,4220.39990234375,1254.0
2026-08-05 11:00:00+00:00,4220.5,4230.39990234375,4219.7998046875,4229.60009765625,1764.0
2026-08-05 11:15:00+00:00,4230.39990234375,4240.39990234375,4228.7001953125,4235.2998046875,3307.0
2026-08-05 11:30:00+00:00,4235.60009765625,4248.7998046875,4233.39990234375,4244.60009765625,6213.0
2026-08-05 11:45:00+00:00,4244.89990234375,4252.2001953125,4242.7998046875,4248.39990234375,2500.0
2026-08-05 12:00:00+00:00,4248.5,4259.7001953125,4248.5,4258.2998046875,4820.0
2026-08-05 12:15:00+00:00,4258.39990234375,4273.60009765625,4258.39990234375,4265.10009765625,6200.0
2026-08-05 12:30:00+00:00,4265.2998046875,4268.89990234375,4253.0,4254.60009765625,4070.0
2026-08-05 12:45:00+00:00,4255.0,4255.7001953125,4243.10009765625,4244.10009765625,2945.0
2026-08-05 13:00:00+00:00,4243.7998046875,4257.2001953125,4243.7998046875,4247.60009765625,5025.0
2026-08-05 13:15:00+00:00,4247.7998046875,4258.2998046875,4245.2998046875,4257.39990234375,3148.0
2026-08-05 13:30:00+00:00,4256.7998046875,4264.7998046875,4252.7998046875,4257.60009765625,5143.0
2026-08-05 13:45:00+00:00,4257.7001953125,4266.7001953125,4248.7001953125,4265.7998046875,3628.0
2026-08-05 14:00:00+00:00,4265.10009765625,4295.0,4263.10009765625,4289.60009765625,9029.0
2026-08-05 14:15:00+00:00,4289.7998046875,4300.60009765625,4286.60009765625,4297.10009765625,4929.0
2026-08-05 14:30:00+00:00,4296.7001953125,4303.5,4288.7001953125,4303.10009765625,5420.0
2026-08-05 14:45:00+00:00,4303.7998046875,4307.7998046875,4293.2001953125,4304.2998046875,4708.0
2026-08-05 15:00:00+00:00,4303.89990234375,4321.5,4302.39990234375,4318.2001953125,6294.0
2026-08-05 15:15:00+00:00,4318.2998046875,4325.5,4310.2998046875,4317.7001953125,4393.0
2026-08-05 15:30:00+00:00,4317.2998046875,4319.89990234375,4312.39990234375,4315.7001953125,2218.0
2026-08-05 15:45:00+00:00,4315.5,4315.7001953125,4292.7001953125,4293.0,5900.0
2026-08-05 16:00:00+00:00,4292.60009765625,4296.5,4285.0,4294.60009765625,4238.0
2026-08-05 16:15:00+00:00,4294.60009765625,4302.60009765625,4292.89990234375,4301.7001953125,2417.0
2026-08-05 16:30:00+00:00,4301.89990234375,4307.39990234375,4299.2998046875,4304.89990234375,1982.0
2026-08-05 16:45:00+00:00,4305.2001953125,4308.10009765625,4298.60009765625,4302.7998046875,2209.0
2026-08-05 17:00:00+00:00,4302.7001953125,4304.89990234375,4299.7001953125,4302.39990234375,2322.0
2026-08-05 17:15:00+00:00,4302.2998046875,4307.0,4296.2001953125,4305.0,4084.0
2026-08-05 17:30:00+00:00,4304.5,4311.5,4301.10009765625,4308.5,1620.0
2026-08-05 17:45:00+00:00,4308.7001953125,4313.0,4307.89990234375,4311.0,1567.0
2026-08-05 18:00:00+00:00,4310.7001953125,4318.39990234375,4309.60009765625,4314.2001953125,1774.0
2026-08-05 18:15:00+00:00,4313.7998046875,4328.2001953125,4313.7001953125,4323.7998046875,2478.0
2026-08-05 18:30:00+00:00,4323.2001953125,4324.5,4314.60009765625,4319.5,1582.0
2026-08-05 18:45:00+00:00,4319.7001953125,4324.0,4318.2998046875,4321.2001953125,837.0
2026-08-05 19:00:00+00:00,4321.0,4322.7001953125,4316.60009765625,4318.89990234375,753.0
2026-08-05 19:15:00+00:00,4318.7998046875,4318.7998046875,4311.2001953125,4314.0,1319.0
2026-08-05 19:30:00+00:00,4313.7001953125,4314.89990234375,4308.7998046875,4313.0,1129.0
2026-08-05 19:45:00+00:00,4313.5,4313.89990234375,4307.0,4307.7998046875,1461.0
2026-08-05 20:00:00+00:00,4307.89990234375,4310.39990234375,4307.39990234375,4310.10009765625,467.0
2026-08-05 20:15:00+00:00,4310.10009765625,4310.39990234375,4306.2001953125,4306.60009765625,317.0
2026-08-05 20:30:00+00:00,4306.7998046875,4310.2998046875,4305.7998046875,4306.2998046875,328.0
2026-08-05 20:45:00+00:00,4306.2001953125,4308.2001953125,4303.5,4308.0,649.0
2026-08-05 22:00:00+00:00,4307.0,4315.2001953125,4304.89990234375,4307.0,287.0
2026-08-05 22:15:00+00:00,4307.89990234375,4308.7001953125,4306.7998046875,4308.2001953125,297.0
2026-08-05 22:30:00+00:00,4307.2001953125,4310.2001953125,4307.2001953125,4307.2001953125,338.0
2026-08-05 22:45:00+00:00,4307.5,4309.5,4307.0,4309.5,252.0
2026-08-05 23:00:00+00:00,4309.39990234375,4317.5,4308.2998046875,4315.0,722.0
2026-08-05 23:15:00+00:00,4315.39990234375,4323.2001953125,4315.39990234375,4322.2001953125,808.0
2026-08-05 23:30:00+00:00,4322.5,4341.10009765625,4319.7998046875,4339.60009765625,2460.0
2026-08-05 23:45:00+00:00,4339.7998046875,4339.7998046875,4331.0,4337.2998046875,1190.0
2026-08-06 00:00:00+00:00,4337.2001953125,4337.2001953125,4323.5,4329.5,2150.0
2026-08-06 00:15:00+00:00,4331.2998046875,4344.2001953125,4330.2998046875,4334.0,2147.0
2026-08-06 00:30:00+00:00,4333.60009765625,4350.2998046875,4333.60009765625,4345.39990234375,2263.0
2026-08-06 00:45:00+00:00,4345.89990234375,4360.0,4345.7001953125,4354.7001953125,2864.0
2026-08-06 01:00:00+00:00,4356.10009765625,4362.7001953125,4339.2998046875,4343.60009765625,4279.0
2026-08-06 01:15:00+00:00,4344.0,4347.5,4332.5,4335.7998046875,3310.0
2026-08-06 01:30:00+00:00,4335.5,4357.10009765625,4335.2998046875,4347.89990234375,2887.0
2026-08-06 01:45:00+00:00,4348.2001953125,4357.7998046875,4343.2998046875,4346.89990234375,2408.0
2026-08-06 02:00:00+00:00,4346.7998046875,4363.7001953125,4344.0,4354.5,2755.0
2026-08-06 02:15:00+00:00,4354.7998046875,4359.2001953125,4350.7998046875,4350.7998046875,825.0
2026-08-06 02:30:00+00:00,4351.0,4351.5,4339.7998046875,4344.7001953125,1516.0
2026-08-06 02:45:00+00:00,4344.39990234375,4346.10009765625,4334.0,4337.7998046875,1180.0
2026-08-06 03:00:00+00:00,4337.2001953125,4340.0,4332.89990234375,4333.0,1029.0
2026-08-06 03:15:00+00:00,4332.2001953125,4333.2001953125,4320.2001953125,4325.5,2158.0
2026-08-06 03:30:00+00:00,4325.2001953125,4326.5,4321.0,4321.89990234375,689.0
2026-08-06 03:45:00+00:00,4322.39990234375,4324.7001953125,4319.60009765625,4324.7001953125,515.0
2026-08-06 04:00:00+00:00,4324.5,4326.10009765625,4321.10009765625,4322.39990234375,966.0
2026-08-06 04:15:00+00:00,4322.5,4322.89990234375,4312.2001953125,4315.0,986.0
2026-08-06 04:30:00+00:00,4315.10009765625,4320.7998046875,4315.10009765625,4318.2998046875,571.0
2026-08-06 04:45:00+00:00,4318.0,4322.10009765625,4318.0,4321.39990234375,495.0
2026-08-06 05:00:00+00:00,4321.2001953125,4324.5,4315.7998046875,4319.10009765625,810.0
2026-08-06 05:15:00+00:00,4318.7001953125,4318.7998046875,4312.10009765625,4312.89990234375,607.0
2026-08-06 05:30:00+00:00,4312.7001953125,4325.10009765625,4306.2001953125,4322.7998046875,1938.0
2026-08-06 05:45:00+00:00,4322.10009765625,4327.5,4321.2001953125,4325.89990234375,993.0
2026-08-06 06:00:00+00:00,4326.0,4327.5,4315.7001953125,4319.2998046875,1464.0
2026-08-06 06:15:00+00:00,4319.60009765625,4320.10009765625,4313.39990234375,4316.2998046875,1246.0
2026-08-06 06:30:00+00:00,4316.39990234375,4316.7001953125,4308.2001953125,4315.0,935.0
2026-08-06 06:45:00+00:00,4315.60009765625,4317.0,4309.60009765625,4314.7001953125,962.0
2026-08-06 07:00:00+00:00,4314.7001953125,4322.5,4311.89990234375,4322.0,1053.0
2026-08-06 07:15:00+00:00,4322.0,4324.0,4317.0,4321.0,1167.0
2026-08-06 07:30:00+00:00,4320.7001953125,4321.0,4313.7998046875,4314.0,661.0
2026-08-06 07:45:00+00:00,4314.10009765625,4322.10009765625,4311.7001953125,4321.7001953125,1233.0
2026-08-06 08:00:00+00:00,4321.7998046875,4328.7001953125,4319.39990234375,4328.10009765625,1185.0
2026-08-06 08:15:00+00:00,4327.7998046875,4329.7998046875,4322.89990234375,4327.2998046875,1351.0
2026-08-06 08:30:00+00:00,4327.2001953125,4334.0,4325.7998046875,4332.0,1358.0
2026-08-06 08:45:00+00:00,4332.10009765625,4337.7001953125,4329.39990234375,4337.10009765625,941.0
2026-08-06 09:00:00+00:00,4337.10009765625,4342.39990234375,4334.7001953125,4338.39990234375,1657.0
2026-08-06 09:15:00+00:00,4339.2001953125,4344.2001953125,4337.60009765625,4341.89990234375,1017.0
2026-08-06 09:30:00+00:00,4342.7001953125,4343.39990234375,4331.39990234375,4331.39990234375,1605.0
2026-08-06 09:45:00+00:00,4331.39990234375,4335.39990234375,4330.39990234375,4332.60009765625,658.0
2026-08-06 10:00:00+00:00,4332.60009765625,4333.10009765625,4328.10009765625,4329.0,701.0
2026-08-06 10:15:00+00:00,4328.7001953125,4330.39990234375,4326.60009765625,4328.39990234375,750.0
2026-08-06 10:30:00+00:00,4328.89990234375,4329.2001953125,4322.7998046875,4324.5,1011.0
2026-08-06 10:45:00+00:00,4324.5,4330.89990234375,4324.0,4329.7998046875,562.0
2026-08-06 11:00:00+00:00,4330.0,4332.5,4325.39990234375,4328.0,812.0
2026-08-06 11:15:00+00:00,4328.2998046875,4330.7001953125,4318.5,4323.39990234375,1492.0
2026-08-06 11:30:00+00:00,4323.39990234375,4326.10009765625,4318.39990234375,4319.10009765625,1192.0
2026-08-06 11:45:00+00:00,4319.2001953125,4323.0,4312.7001953125,4322.60009765625,2547.0
2026-08-06 12:00:00+00:00,4322.2001953125,4324.7001953125,4314.39990234375,4314.7998046875,1495.0
2026-08-06 12:15:00+00:00,4315.0,4321.7001953125,4311.7001953125,4320.5,1796.0
2026-08-06 12:30:00+00:00,4320.10009765625,4330.10009765625,4316.7001953125,4326.0,2968.0
2026-08-06 12:45:00+00:00,4326.2001953125,4326.60009765625,4307.0,4308.60009765625,4296.0
2026-08-06 13:00:00+00:00,4308.5,4314.2001953125,4288.39990234375,4296.7001953125,7365.0
2026-08-06 13:15:00+00:00,4296.5,4306.39990234375,4294.0,4305.89990234375,3181.0
2026-08-06 13:30:00+00:00,4305.7998046875,4332.89990234375,4304.2998046875,4328.89990234375,7162.0
2026-08-06 13:45:00+00:00,4329.10009765625,4329.10009765625,4320.7998046875,4325.89990234375,3612.0
2026-08-06 14:00:00+00:00,4326.10009765625,4334.7001953125,4323.2001953125,4327.2998046875,4498.0
2026-08-06 14:15:00+00:00,4327.7001953125,4328.10009765625,4318.89990234375,4324.89990234375,3629.0
2026-08-06 14:30:00+00:00,4324.7001953125,4334.10009765625,4324.7001953125,4333.10009765625,2117.0
2026-08-06 14:45:00+00:00,4332.60009765625,4334.60009765625,4321.7998046875,4332.2001953125,1900.0
2026-08-06 15:00:00+00:00,4332.89990234375,4333.60009765625,4323.2998046875,4323.39990234375,3222.0
2026-08-06 15:15:00+00:00,4319.89990234375,4320.5,4309.2998046875,4313.39990234375,4695.0
2026-08-06 15:30:00+00:00,4313.60009765625,4314.2001953125,4303.89990234375,4309.89990234375,2761.0
2026-08-06 15:45:00+00:00,4309.89990234375,4310.10009765625,4285.2001953125,4291.5,5085.0
2026-08-06 16:00:00+00:00,4291.7998046875,4300.7998046875,4288.2998046875,4290.60009765625,3491.0
2026-08-06 16:15:00+00:00,4290.39990234375,4290.7001953125,4281.2001953125,4288.2001953125,4116.0
2026-08-06 16:30:00+00:00,4288.10009765625,4294.0,4288.10009765625,4291.5,2009.0
2026-08-06 16:45:00+00:00,4291.2998046875,4300.60009765625,4289.89990234375,4299.39990234375,1958.0
2026-08-06 17:00:00+00:00,4299.60009765625,4303.0,4297.60009765625,4299.2001953125,1343.0
2026-08-06 17:15:00+00:00,4299.2001953125,4301.2998046875,4297.10009765625,4300.5,2199.0
2026-08-06 17:30:00+00:00,4300.2001953125,4302.2998046875,4297.10009765625,4300.5,978.0
2026-08-06 17:45:00+00:00,4300.2001953125,4307.0,4299.10009765625,4305.7998046875,1333.0
2026-08-06 18:00:00+00:00,4305.89990234375,4307.60009765625,4302.60009765625,4304.7998046875,640.0
2026-08-06 18:15:00+00:00,4305.39990234375,4308.0,4304.39990234375,4305.10009765625,481.0
2026-08-06 18:30:00+00:00,4305.0,4306.0,4299.2001953125,4300.2001953125,707.0
2026-08-06 18:45:00+00:00,4300.2998046875,4304.2998046875,4299.5,4302.2001953125,378.0
2026-08-06 19:00:00+00:00,4302.10009765625,4309.7998046875,4301.7998046875,4305.89990234375,853.0
2026-08-06 19:15:00+00:00,4306.10009765625,4307.10009765625,4294.2001953125,4296.60009765625,1476.0
2026-08-06 19:30:00+00:00,4296.2001953125,4298.60009765625,4292.0,4293.5,833.0
2026-08-06 19:45:00+00:00,4293.89990234375,4309.2998046875,4293.89990234375,4307.7998046875,1968.0
2026-08-06 20:00:00+00:00,4307.7001953125,4309.10009765625,4301.7001953125,4303.5,609.0
2026-08-06 20:15:00+00:00,4303.7998046875,4304.39990234375,4298.60009765625,4300.7998046875,512.0
2026-08-06 20:30:00+00:00,4300.5,4301.2001953125,4294.10009765625,4294.2998046875,460.0
2026-08-06 20:45:00+00:00,4294.0,4300.7001953125,4293.60009765625,4298.7001953125,452.0
2026-08-06 22:00:00+00:00,4298.7998046875,4298.89990234375,4293.89990234375,4297.10009765625,177.0
2026-08-06 22:15:00+00:00,4297.0,4301.7998046875,4297.0,4301.2001953125,364.0
2026-08-06 22:30:00+00:00,4300.89990234375,4301.7001953125,4297.10009765625,4297.10009765625,326.0
2026-08-06 22:45:00+00:00,4297.5,4301.2001953125,4296.89990234375,4298.2998046875,175.0
2026-08-06 23:00:00+00:00,4298.60009765625,4304.2998046875,4298.39990234375,4303.60009765625,315.0
2026-08-06 23:15:00+00:00,4304.0,4304.89990234375,4301.39990234375,4303.7001953125,321.0
2026-08-06 23:30:00+00:00,4303.5,4307.10009765625,4303.2998046875,4305.5,514.0
2026-08-06 23:45:00+00:00,4305.7001953125,4311.7998046875,4304.5,4311.0,862.0
2026-08-07 00:00:00+00:00,4310.39990234375,4311.39990234375,4301.7001953125,4303.2001953125,425.0
2026-08-07 00:15:00+00:00,4303.7001953125,4304.7001953125,4297.5,4302.10009765625,769.0
2026-08-07 00:30:00+00:00,4301.7001953125,4302.0,4288.2001953125,4292.7998046875,1260.0
2026-08-07 00:45:00+00:00,4293.2001953125,4295.2001953125,4288.0,4290.89990234375,660.0
2026-08-07 01:00:00+00:00,4291.7001953125,4305.10009765625,4289.7998046875,4302.39990234375,1169.0
2026-08-07 01:15:00+00:00,4302.2998046875,4308.39990234375,4298.7001953125,4302.10009765625,797.0
2026-08-07 01:30:00+00:00,4302.10009765625,4316.7998046875,4297.7001953125,4315.0,1636.0
2026-08-07 01:45:00+00:00,4314.7998046875,4317.5,4310.0,4314.7001953125,1048.0
2026-08-07 02:00:00+00:00,4314.60009765625,4320.7998046875,4314.0,4317.2001953125,1408.0
2026-08-07 02:15:00+00:00,4317.10009765625,4319.7001953125,4315.7001953125,4319.39990234375,539.0
2026-08-07 02:30:00+00:00,4320.0,4320.39990234375,4308.39990234375,4308.39990234375,959.0
2026-08-07 02:45:00+00:00,4308.2001953125,4314.7998046875,4305.39990234375,4309.10009765625,1163.0
2026-08-07 03:00:00+00:00,4309.10009765625,4318.10009765625,4308.2998046875,4313.5,595.0
2026-08-07 03:15:00+00:00,4313.39990234375,4317.2998046875,4310.60009765625,4317.2998046875,986.0
2026-08-07 03:30:00+00:00,4317.39990234375,4320.39990234375,4316.60009765625,4319.60009765625,459.0
2026-08-07 03:45:00+00:00,4319.89990234375,4325.0,4318.2998046875,4322.7998046875,891.0
2026-08-07 04:00:00+00:00,4325.2998046875,4328.2998046875,4321.2998046875,4325.39990234375,1498.0
2026-08-07 04:15:00+00:00,4325.2998046875,4328.39990234375,4321.10009765625,4324.39990234375,867.0
2026-08-07 04:30:00+00:00,4324.2998046875,4327.7998046875,4320.2001953125,4323.2001953125,688.0
2026-08-07 04:45:00+00:00,4322.89990234375,4326.2001953125,4321.39990234375,4324.10009765625,286.0
2026-08-07 05:00:00+00:00,4324.10009765625,4330.39990234375,4320.39990234375,4329.0,1160.0
2026-08-07 05:15:00+00:00,4328.60009765625,4329.89990234375,4323.7998046875,4325.7001953125,626.0
2026-08-07 05:30:00+00:00,4326.39990234375,4336.60009765625,4325.2998046875,4330.60009765625,1800.0
2026-08-07 05:45:00+00:00,4330.7001953125,4340.0,4330.7001953125,4337.7001953125,1799.0
2026-08-07 06:00:00+00:00,4337.7998046875,4350.0,4337.10009765625,4345.39990234375,1993.0
2026-08-07 06:15:00+00:00,4345.10009765625,4350.2001953125,4341.7001953125,4341.7001953125,2503.0
2026-08-07 06:30:00+00:00,4341.89990234375,4354.2001953125,4338.60009765625,4351.39990234375,2576.0
2026-08-07 06:45:00+00:00,4351.60009765625,4358.0,4347.7998046875,4356.2998046875,2461.0
2026-08-07 07:00:00+00:00,4356.2001953125,4356.89990234375,4349.10009765625,4350.2998046875,1699.0
2026-08-07 07:15:00+00:00,4350.10009765625,4351.60009765625,4343.7998046875,4344.2998046875,1341.0
2026-08-07 07:30:00+00:00,4344.2998046875,4348.0,4343.10009765625,4344.2001953125,1022.0
2026-08-07 07:45:00+00:00,4344.2998046875,4350.2001953125,4342.0,4348.89990234375,936.0
2026-08-07 08:00:00+00:00,4348.7998046875,4359.89990234375,4347.89990234375,4358.60009765625,1890.0
2026-08-07 08:15:00+00:00,4359.2001953125,4360.0,4352.2998046875,4353.7998046875,1366.0
2026-08-07 08:30:00+00:00,4354.0,4375.89990234375,4353.39990234375,4367.7001953125,3828.0
2026-08-07 08:45:00+00:00,4368.39990234375,4370.5,4362.7001953125,4365.39990234375,1292.0
2026-08-07 09:00:00+00:00,4365.60009765625,4367.0,4363.60009765625,4365.2998046875,900.0
2026-08-07 09:15:00+00:00,4365.2998046875,4370.7001953125,4364.39990234375,4365.89990234375,1185.0
2026-08-07 09:30:00+00:00,4366.7001953125,4377.7998046875,4361.60009765625,4376.60009765625,2602.0
2026-08-07 09:45:00+00:00,4376.7998046875,4380.10009765625,4373.89990234375,4375.60009765625,2952.0
2026-08-07 10:00:00+00:00,4375.7998046875,4379.0,4367.2001953125,4367.2001953125,1488.0
2026-08-07 10:15:00+00:00,4367.39990234375,4373.7001953125,4367.2998046875,4373.10009765625,914.0
2026-08-07 10:30:00+00:00,4373.10009765625,4377.7001953125,4372.39990234375,4376.2998046875,1057.0
2026-08-07 10:45:00+00:00,4376.39990234375,4380.2001953125,4375.60009765625,4376.39990234375,1555.0
2026-08-07 11:00:00+00:00,4376.7001953125,4385.7001953125,4376.2998046875,4379.5,2087.0
2026-08-07 11:15:00+00:00,4379.39990234375,4386.7001953125,4376.0,4384.39990234375,2151.0
2026-08-07 11:30:00+00:00,4385.2998046875,4387.10009765625,4380.2001953125,4382.2001953125,1638.0
2026-08-07 11:45:00+00:00,4382.0,4386.5,4380.10009765625,4380.7998046875,1963.0
2026-08-07 12:00:00+00:00,4380.7001953125,4384.7998046875,4374.10009765625,4374.7001953125,2795.0
2026-08-07 12:15:00+00:00,4374.2998046875,4376.60009765625,4361.0,4370.7998046875,4205.0
2026-08-07 12:30:00+00:00,4373.0,4431.39990234375,4370.7998046875,4427.5,16595.0
2026-08-07 12:45:00+00:00,4427.7998046875,4432.2998046875,4416.10009765625,4421.89990234375,5817.0
2026-08-07 13:00:00+00:00,4421.60009765625,4424.60009765625,4405.5,4407.89990234375,5723.0
2026-08-07 13:15:00+00:00,4408.0,4418.2001953125,4398.89990234375,4416.7998046875,4129.0
2026-08-07 13:30:00+00:00,4416.60009765625,4428.7998046875,4409.7001953125,4418.39990234375,6428.0
2026-08-07 13:45:00+00:00,4419.2998046875,4420.60009765625,4402.5,4408.2998046875,5569.0
2026-08-07 14:00:00+00:00,4408.60009765625,4409.5,4386.89990234375,4394.0,7331.0
2026-08-07 14:15:00+00:00,4393.7998046875,4413.0,4390.0,4408.7001953125,4929.0
2026-08-07 14:30:00+00:00,4409.2998046875,4411.0,4402.2998046875,4404.2998046875,3744.0
2026-08-07 14:45:00+00:00,4404.7998046875,4409.0,4400.10009765625,4401.2998046875,2675.0
2026-08-07 15:00:00+00:00,4401.60009765625,4416.0,4400.0,4415.0,4174.0
2026-08-07 15:15:00+00:00,4415.5,4418.10009765625,4410.5,4410.7998046875,2579.0
2026-08-07 15:30:00+00:00,4410.89990234375,4413.2998046875,4406.60009765625,4408.7001953125,2240.0
2026-08-07 15:45:00+00:00,4408.7998046875,4410.7998046875,4398.89990234375,4400.39990234375,2773.0
2026-08-07 16:00:00+00:00,4400.5,4409.2001953125,4397.89990234375,4407.0,2011.0
2026-08-07 16:15:00+00:00,4407.2001953125,4409.39990234375,4393.7998046875,4396.89990234375,2272.0
2026-08-07 16:30:00+00:00,4396.7998046875,4401.60009765625,4391.89990234375,4398.2998046875,2158.0
2026-08-07 16:45:00+00:00,4398.10009765625,4402.0,4388.7998046875,4389.5,2322.0
2026-08-07 17:00:00+00:00,4388.7998046875,4398.10009765625,4387.39990234375,4395.2001953125,1483.0
2026-08-07 17:15:00+00:00,4394.7998046875,4401.7001953125,4393.2001953125,4398.89990234375,4692.0
2026-08-07 17:30:00+00:00,4399.0,4399.5,4389.0,4395.7001953125,2377.0
2026-08-07 17:45:00+00:00,4395.2998046875,4402.5,4394.2001953125,4400.0,1843.0
2026-08-07 18:00:00+00:00,4399.7998046875,4403.0,4394.60009765625,4394.7998046875,1016.0
2026-08-07 18:15:00+00:00,4395.0,4398.0,4391.89990234375,4394.10009765625,1211.0
2026-08-07 18:30:00+00:00,4394.2998046875,4399.0,4393.2998046875,4394.10009765625,934.0
2026-08-07 18:45:00+00:00,4394.10009765625,4397.5,4393.39990234375,4395.60009765625,776.0
2026-08-07 19:00:00+00:00,4396.2001953125,4406.2998046875,4395.7001953125,4403.7001953125,1339.0
2026-08-07 19:15:00+00:00,4404.0,4410.60009765625,4403.2998046875,4408.39990234375,1018.0
2026-08-07 19:30:00+00:00,4408.60009765625,4408.89990234375,4404.39990234375,4407.7998046875,950.0
2026-08-07 19:45:00+00:00,4407.5,4409.0,4399.60009765625,4403.10009765625,1546.0
2026-08-07 20:00:00+00:00,4402.89990234375,4404.60009765625,4397.5,4401.7998046875,801.0
2026-08-07 20:15:00+00:00,4401.5,4402.2001953125,4396.5,4397.2998046875,837.0
2026-08-07 20:30:00+00:00,4396.89990234375,4401.60009765625,4395.2998046875,4400.7998046875,382.0
2026-08-07 20:45:00+00:00,4400.89990234375,4402.60009765625,4398.39990234375,4399.7001953125,569.0
2026-08-09 22:00:00+00:00,4398.0,4405.5,4398.0,4402.2998046875,243.0
2026-08-09 22:15:00+00:00,4402.2998046875,4404.10009765625,4397.0,4402.89990234375,447.0
2026-08-09 22:30:00+00:00,4402.89990234375,4404.39990234375,4398.60009765625,4398.89990234375,223.0
2026-08-09 22:45:00+00:00,4398.7998046875,4403.0,4398.7001953125,4400.2001953125,184.0
2026-08-09 23:00:00+00:00,4400.39990234375,4406.7998046875,4399.5,4405.2998046875,388.0
2026-08-09 23:15:00+00:00,4405.7001953125,4408.0,4403.10009765625,4405.5,310.0
2026-08-09 23:30:00+00:00,4405.5,4406.5,4398.89990234375,4401.10009765625,481.0
2026-08-09 23:45:00+00:00,4400.7001953125,4402.2001953125,4390.7998046875,4392.0,485.0
2026-08-10 00:00:00+00:00,4391.89990234375,4406.0,4391.39990234375,4403.39990234375,610.0
2026-08-10 00:15:00+00:00,4403.2001953125,4404.7001953125,4396.10009765625,4396.7001953125,502.0
2026-08-10 00:30:00+00:00,4396.60009765625,4398.10009765625,4392.39990234375,4393.2998046875,393.0
2026-08-10 00:45:00+00:00,4393.0,4396.2001953125,4389.7998046875,4391.2998046875,490.0
2026-08-10 01:00:00+00:00,4391.2001953125,4400.0,4382.0,4382.89990234375,3179.0
2026-08-10 01:15:00+00:00,4383.5,4388.7998046875,4376.7001953125,4376.89990234375,2521.0
2026-08-10 01:30:00+00:00,4376.5,4381.2001953125,4373.89990234375,4377.89990234375,1127.0
2026-08-10 01:45:00+00:00,4378.0,4384.2998046875,4376.39990234375,4383.0,929.0
2026-08-10 02:00:00+00:00,4382.60009765625,4386.60009765625,4379.7001953125,4385.10009765625,720.0
2026-08-10 02:15:00+00:00,4385.0,4392.10009765625,4384.0,4390.89990234375,745.0
2026-08-10 02:30:00+00:00,4391.60009765625,4392.5,4383.39990234375,4386.60009765625,972.0
2026-08-10 02:45:00+00:00,4386.7998046875,4387.39990234375,4379.0,4380.0,899.0
2026-08-10 03:00:00+00:00,4379.60009765625,4381.10009765625,4377.39990234375,4379.89990234375,389.0
2026-08-10 03:15:00+00:00,4380.0,4388.2998046875,4379.7998046875,4387.89990234375,973.0
2026-08-10 03:30:00+00:00,4387.7001953125,4390.2998046875,4385.39990234375,4386.0,506.0
2026-08-10 03:45:00+00:00,4385.7998046875,4388.60009765625,4384.60009765625,4387.7998046875,295.0
2026-08-10 04:00:00+00:00,4387.5,4393.2001953125,4383.60009765625,4392.60009765625,1023.0
2026-08-10 04:15:00+00:00,4392.7998046875,4397.7998046875,4391.2998046875,4394.5,774.0
2026-08-10 04:30:00+00:00,4394.89990234375,4396.60009765625,4389.7998046875,4392.10009765625,583.0
2026-08-10 04:45:00+00:00,4392.10009765625,4399.7998046875,4391.2001953125,4399.0,996.0
2026-08-10 05:00:00+00:00,4398.89990234375,4399.7001953125,4393.2001953125,4394.7001953125,843.0
2026-08-10 05:15:00+00:00,4395.2998046875,4396.0,4392.60009765625,4393.7001953125,396.0
2026-08-10 05:30:00+00:00,4393.7998046875,4404.39990234375,4391.5,4403.89990234375,1662.0
2026-08-10 05:45:00+00:00,4403.5,4412.5,4400.7998046875,4407.0,1482.0
2026-08-10 06:00:00+00:00,4407.2998046875,4409.89990234375,4401.5,4407.0,921.0
2026-08-10 06:15:00+00:00,4407.2001953125,4409.60009765625,4402.2998046875,4407.7001953125,854.0
2026-08-10 06:30:00+00:00,4407.60009765625,4415.2001953125,4405.2998046875,4414.60009765625,1747.0
2026-08-10 06:45:00+00:00,4415.0,4419.5,4414.60009765625,4417.7998046875,933.0
2026-08-10 07:00:00+00:00,4417.7998046875,4418.39990234375,4409.39990234375,4410.2998046875,1265.0
2026-08-10 07:15:00+00:00,4410.5,4418.5,4409.7001953125,4414.5,1363.0
2026-08-10 07:30:00+00:00,4414.2998046875,4419.5,4412.0,4418.5,1002.0
2026-08-10 07:45:00+00:00,4418.2001953125,4421.5,4414.0,4414.7001953125,817.0
2026-08-10 08:00:00+00:00,4415.0,4415.5,4411.10009765625,4414.0,762.0
2026-08-10 08:15:00+00:00,4413.5,4415.7001953125,4411.39990234375,4415.10009765625,596.0
2026-08-10 08:30:00+00:00,4414.2001953125,4416.0,4404.7001953125,4405.2998046875,1109.0
2026-08-10 08:45:00+00:00,4405.2001953125,4408.2998046875,4402.89990234375,4405.89990234375,1885.0
2026-08-10 09:00:00+00:00,4405.60009765625,4409.2001953125,4404.60009765625,4408.89990234375,1378.0
2026-08-10 09:15:00+00:00,4409.0,4409.0,4404.10009765625,4406.10009765625,702.0
2026-08-10 09:30:00+00:00,4405.60009765625,4406.10009765625,4398.39990234375,4403.2998046875,2018.0
2026-08-10 09:45:00+00:00,4403.2001953125,4404.7998046875,4399.7998046875,4400.10009765625,580.0
2026-08-10 10:00:00+00:00,4400.2001953125,4400.7998046875,4398.2001953125,4399.89990234375,915.0
2026-08-10 10:15:00+00:00,4399.7001953125,4403.2001953125,4398.5,4402.60009765625,616.0
2026-08-10 10:30:00+00:00,4402.7001953125,4403.2998046875,4396.7001953125,4396.89990234375,645.0
2026-08-10 10:45:00+00:00,4396.7998046875,4400.0,4394.60009765625,4395.2001953125,1094.0
2026-08-10 11:00:00+00:00,4395.2998046875,4396.0,4386.2998046875,4390.5,1485.0
2026-08-10 11:15:00+00:00,4390.10009765625,4395.7001953125,4388.0,4394.60009765625,848.0
2026-08-10 11:30:00+00:00,4393.7001953125,4398.5,4393.7001953125,4396.5,862.0
2026-08-10 11:45:00+00:00,4396.60009765625,4397.0,4391.2001953125,4393.89990234375,694.0
2026-08-10 12:00:00+00:00,4393.7998046875,4396.39990234375,4389.60009765625,4390.39990234375,910.0
2026-08-10 12:15:00+00:00,4390.7001953125,4391.2001953125,4382.7998046875,4386.60009765625,1381.0
2026-08-10 12:30:00+00:00,4386.39990234375,4391.5,4385.2001953125,4387.89990234375,1305.0
2026-08-10 12:45:00+00:00,4387.2998046875,4394.60009765625,4387.2998046875,4391.60009765625,910.0
2026-08-10 13:00:00+00:00,4391.10009765625,4396.60009765625,4384.7998046875,4396.10009765625,2005.0
2026-08-10 13:15:00+00:00,4395.89990234375,4396.5,4387.89990234375,4394.0,1391.0
2026-08-10 13:30:00+00:00,4394.7001953125,4398.39990234375,4388.0,4389.2001953125,2526.0
2026-08-10 13:45:00+00:00,4389.10009765625,4390.2001953125,4375.0,4376.2998046875,4317.0
2026-08-10 14:00:00+00:00,4376.2001953125,4390.0,4376.2001953125,4388.7998046875,2724.0
2026-08-10 14:15:00+00:00,4388.7001953125,4407.2001953125,4387.2998046875,4404.39990234375,4648.0
2026-08-10 14:30:00+00:00,4404.2998046875,4411.2998046875,4404.0,4409.10009765625,3295.0
2026-08-10 14:45:00+00:00,4409.2001953125,4410.60009765625,4402.39990234375,4405.2001953125,2024.0
2026-08-10 15:00:00+00:00,4405.2001953125,4411.7998046875,4402.7001953125,4406.39990234375,2565.0
2026-08-10 15:15:00+00:00,4406.2001953125,4412.2001953125,4405.5,4408.7998046875,1702.0
2026-08-10 15:30:00+00:00,4409.0,4411.60009765625,4407.39990234375,4409.5,1220.0
2026-08-10 15:45:00+00:00,4410.0,4419.2001953125,4408.0,4417.89990234375,2084.0
2026-08-10 16:00:00+00:00,4418.7998046875,4424.5,4416.39990234375,4420.89990234375,2773.0
2026-08-10 16:15:00+00:00,4420.89990234375,4424.0,4420.5,4422.10009765625,768.0
2026-08-10 16:30:00+00:00,4422.0,4422.5,4408.60009765625,4411.0,3369.0
2026-08-10 16:45:00+00:00,4411.0,4416.5,4411.0,4416.2998046875,944.0
2026-08-10 17:00:00+00:00,4416.60009765625,4417.2998046875,4410.5,4416.5,1292.0
2026-08-10 17:15:00+00:00,4416.0,4420.5,4415.10009765625,4420.5,2321.0
2026-08-10 17:30:00+00:00,4420.2998046875,4425.2001953125,4418.89990234375,4419.60009765625,1312.0
2026-08-10 17:45:00+00:00,4419.5,4420.60009765625,4416.60009765625,4419.2001953125,754.0
2026-08-10 18:00:00+00:00,4419.39990234375,4424.7998046875,4418.7998046875,4422.2998046875,842.0
2026-08-10 18:15:00+00:00,4422.0,4426.5,4420.7001953125,4425.0,996.0
2026-08-10 18:30:00+00:00,4425.10009765625,4442.5,4424.5,4438.7001953125,3532.0
2026-08-10 18:45:00+00:00,4438.89990234375,4438.89990234375,4432.7998046875,4437.7001953125,1168.0
2026-08-10 19:00:00+00:00,4438.39990234375,4441.89990234375,4437.7998046875,4441.2998046875,884.0
2026-08-10 19:15:00+00:00,4441.2001953125,4450.7001953125,4440.5,4449.7001953125,2226.0
2026-08-10 19:30:00+00:00,4449.7998046875,4453.10009765625,4443.2998046875,4446.5,1882.0
2026-08-10 19:45:00+00:00,4447.2001953125,4453.7998046875,4445.89990234375,4446.7998046875,1836.0
2026-08-10 20:00:00+00:00,4447.2001953125,4449.60009765625,4444.7001953125,4448.2001953125,566.0
2026-08-10 20:15:00+00:00,4448.60009765625,4451.10009765625,4445.5,4450.2001953125,441.0
2026-08-10 20:30:00+00:00,4450.2998046875,4451.2998046875,4448.89990234375,4449.10009765625,285.0
2026-08-10 20:45:00+00:00,4448.89990234375,4450.0,4447.60009765625,4448.60009765625,458.0
2026-08-10 22:00:00+00:00,4446.89990234375,4452.2998046875,4443.2001953125,4450.10009765625,216.0
2026-08-10 22:15:00+00:00,4450.5,4452.60009765625,4450.5,4451.0,157.0
2026-08-10 22:30:00+00:00,4451.60009765625,4455.60009765625,4451.2998046875,4454.60009765625,540.0
2026-08-10 22:45:00+00:00,4454.5,4460.39990234375,4454.5,4459.0,647.0
2026-08-10 23:00:00+00:00,4459.2001953125,4461.60009765625,4455.2001953125,4457.0,948.0
2026-08-10 23:15:00+00:00,4456.7001953125,4457.0,4453.89990234375,4455.10009765625,269.0
2026-08-10 23:30:00+00:00,4454.89990234375,4458.5,4454.39990234375,4458.0,407.0
2026-08-10 23:45:00+00:00,4458.5,4462.39990234375,4455.7001953125,4462.10009765625,476.0
2026-08-11 00:00:00+00:00,4462.7998046875,4468.60009765625,4456.0,4464.7998046875,1621.0
2026-08-11 00:15:00+00:00,4464.60009765625,4475.5,4463.7998046875,4473.5,1471.0
2026-08-11 00:30:00+00:00,4473.10009765625,4473.2998046875,4466.5,4473.2998046875,1040.0
2026-08-11 00:45:00+00:00,4473.5,4478.60009765625,4467.2998046875,4468.5,1233.0
2026-08-11 01:00:00+00:00,4468.2001953125,4475.0,4453.0,4473.89990234375,3085.0
2026-08-11 01:15:00+00:00,4473.7998046875,4480.0,4472.5,4479.2001953125,1548.0
2026-08-11 01:30:00+00:00,4480.0,4483.10009765625,4475.39990234375,4475.5,1655.0
2026-08-11 01:45:00+00:00,4475.39990234375,4493.7001953125,4474.60009765625,4489.2001953125,2309.0
2026-08-11 02:00:00+00:00,4489.2001953125,4494.5,4481.0,4494.0,1976.0
2026-08-11 02:15:00+00:00,4494.0,4495.0,4486.0,4488.5,1529.0
2026-08-11 02:30:00+00:00,4488.2001953125,4489.10009765625,4473.89990234375,4478.60009765625,1622.0
2026-08-11 02:45:00+00:00,4478.39990234375,4479.2998046875,4468.0,4470.7998046875,1177.0
2026-08-11 03:00:00+00:00,4470.7001953125,4475.2001953125,4469.60009765625,4473.5,621.0
2026-08-11 03:15:00+00:00,4473.39990234375,4480.7998046875,4473.10009765625,4480.0,650.0
2026-08-11 03:30:00+00:00,4480.2998046875,4481.39990234375,4475.2001953125,4475.7001953125,448.0
2026-08-11 03:45:00+00:00,4475.7998046875,4478.60009765625,4473.7001953125,4477.0,515.0
2026-08-11 04:00:00+00:00,4476.5,4479.2001953125,4472.0,4473.7001953125,689.0
2026-08-11 04:15:00+00:00,4474.2998046875,4475.89990234375,4469.7001953125,4474.89990234375,683.0
2026-08-11 04:30:00+00:00,4474.60009765625,4480.2998046875,4468.2001953125,4469.89990234375,1403.0
2026-08-11 04:45:00+00:00,4470.0,4471.2001953125,4463.2998046875,4468.7001953125,1091.0
2026-08-11 05:00:00+00:00,4468.7998046875,4468.89990234375,4459.0,4462.10009765625,786.0
2026-08-11 05:15:00+00:00,4461.60009765625,4461.89990234375,4450.0,4451.7998046875,1646.0
2026-08-11 05:30:00+00:00,4451.60009765625,4451.60009765625,4432.2001953125,4437.10009765625,4250.0
2026-08-11 05:45:00+00:00,4436.89990234375,4438.2998046875,4427.10009765625,4435.2001953125,2077.0
2026-08-11 06:00:00+00:00,4435.10009765625,4442.0,4431.2998046875,4432.2001953125,2116.0
2026-08-11 06:15:00+00:00,4432.10009765625,4435.2001953125,4421.0,4423.0,2332.0
2026-08-11 06:30:00+00:00,4422.7998046875,4428.60009765625,4418.7998046875,4422.60009765625,1717.0
2026-08-11 06:45:00+00:00,4422.7001953125,4426.60009765625,4418.7001953125,4425.0,1165.0
2026-08-11 07:00:00+00:00,4425.2001953125,4426.5,4420.39990234375,4422.39990234375,1048.0
2026-08-11 07:15:00+00:00,4422.5,4425.2001953125,4416.60009765625,4422.2001953125,1215.0
2026-08-11 07:30:00+00:00,4422.5,4424.10009765625,4415.7001953125,4417.5,899.0
2026-08-11 07:45:00+00:00,4417.7998046875,4420.7001953125,4415.7998046875,4416.89990234375,870.0
2026-08-11 08:00:00+00:00,4417.10009765625,4426.5,4416.10009765625,4424.2998046875,1314.0
2026-08-11 08:15:00+00:00,4424.2001953125,4428.39990234375,4418.0,4427.7001953125,1304.0
2026-08-11 08:30:00+00:00,4427.5,4434.60009765625,4427.39990234375,4433.2998046875,1394.0
2026-08-11 08:45:00+00:00,4433.60009765625,4435.5,4427.7001953125,4428.10009765625,1290.0
2026-08-11 09:00:00+00:00,4427.60009765625,4431.7998046875,4426.10009765625,4431.2001953125,742.0
2026-08-11 09:15:00+00:00,4431.2001953125,4434.39990234375,4429.5,4430.2998046875,1231.0
2026-08-11 09:30:00+00:00,4430.5,4433.89990234375,4428.7998046875,4429.5,1186.0
2026-08-11 09:45:00+00:00,4429.2001953125,4433.7998046875,4429.10009765625,4431.39990234375,463.0
2026-08-11 10:00:00+00:00,4431.2998046875,4435.0,4430.0,4431.7001953125,539.0
2026-08-11 10:15:00+00:00,4431.7001953125,4441.0,4431.2001953125,4437.2998046875,1166.0
2026-08-11 10:30:00+00:00,4437.2998046875,4440.10009765625,4435.5,4436.2001953125,875.0
2026-08-11 10:45:00+00:00,4436.60009765625,4441.2001953125,4436.2001953125,4441.2001953125,796.0
2026-08-11 11:00:00+00:00,4441.10009765625,4451.7998046875,4439.10009765625,4449.2001953125,2918.0
2026-08-11 11:15:00+00:00,4450.0,4450.5,4443.60009765625,4445.7001953125,1226.0
2026-08-11 11:30:00+00:00,4446.10009765625,4446.39990234375,4441.39990234375,4444.60009765625,867.0
2026-08-11 11:45:00+00:00,4444.39990234375,4448.10009765625,4443.39990234375,4446.10009765625,1279.0
2026-08-11 12:00:00+00:00,4446.2001953125,4456.0,4442.2001953125,4455.10009765625,2330.0
2026-08-11 12:15:00+00:00,4455.60009765625,4458.39990234375,4446.2001953125,4449.5,3779.0
2026-08-11 12:30:00+00:00,4449.39990234375,4457.2998046875,4446.7998046875,4456.89990234375,3036.0
2026-08-11 12:45:00+00:00,4457.2001953125,4458.7998046875,4450.2001953125,4450.60009765625,1716.0
2026-08-11 13:00:00+00:00,4450.7001953125,4459.7001953125,4449.7001953125,4452.7998046875,2354.0
2026-08-11 13:15:00+00:00,4451.5,4459.89990234375,4448.39990234375,4456.7001953125,2048.0
2026-08-11 13:30:00+00:00,4457.2001953125,4460.89990234375,4447.7001953125,4458.7001953125,3359.0
2026-08-11 13:45:00+00:00,4459.2998046875,4463.2998046875,4442.89990234375,4448.2001953125,4038.0
2026-08-11 14:00:00+00:00,4447.7001953125,4449.2998046875,4439.89990234375,4445.60009765625,3808.0
2026-08-11 14:15:00+00:00,4445.89990234375,4449.2998046875,4440.60009765625,4443.10009765625,2141.0
2026-08-11 14:30:00+00:00,4443.39990234375,4454.7998046875,4443.0,4453.0,2393.0
2026-08-11 14:45:00+00:00,4453.0,4457.39990234375,4451.10009765625,4453.60009765625,1838.0
2026-08-11 15:00:00+00:00,4453.60009765625,4458.2001953125,4448.60009765625,4451.39990234375,1947.0
2026-08-11 15:15:00+00:00,4451.2998046875,4451.60009765625,4440.89990234375,4445.7998046875,2976.0
2026-08-11 15:30:00+00:00,4445.5,4445.7998046875,4428.2001953125,4435.10009765625,3588.0
2026-08-11 15:45:00+00:00,4435.2001953125,4443.39990234375,4434.2998046875,4443.2001953125,1769.0
2026-08-11 16:00:00+00:00,4443.5,4444.39990234375,4438.2001953125,4439.60009765625,1107.0
2026-08-11 16:15:00+00:00,4439.39990234375,4443.2001953125,4438.2001953125,4442.39990234375,564.0
2026-08-11 16:30:00+00:00,4442.60009765625,4445.2998046875,4438.89990234375,4444.39990234375,858.0
2026-08-11 16:45:00+00:00,4444.5,4445.0,4440.60009765625,4443.2998046875,782.0
2026-08-11 17:00:00+00:00,4443.60009765625,4445.7001953125,4440.7998046875,4440.89990234375,1022.0
2026-08-11 17:15:00+00:00,4440.60009765625,4443.7998046875,4438.2998046875,4440.89990234375,2822.0
2026-08-11 17:30:00+00:00,4441.10009765625,4441.5,4433.89990234375,4435.7001953125,1433.0
2026-08-11 17:45:00+00:00,4435.2998046875,4437.10009765625,4428.2001953125,4428.2998046875,1258.0
2026-08-11 18:00:00+00:00,4428.7001953125,4428.7001953125,4419.7001953125,4423.10009765625,2621.0
2026-08-11 18:15:00+00:00,4423.0,4426.5,4419.7001953125,4420.5,1438.0
2026-08-11 18:30:00+00:00,4420.39990234375,4431.0,4420.2998046875,4430.39990234375,1057.0
2026-08-11 18:45:00+00:00,4430.39990234375,4431.89990234375,4428.89990234375,4430.39990234375,690.0
2026-08-11 19:00:00+00:00,4430.39990234375,4431.2001953125,4422.2998046875,4422.39990234375,2001.0
2026-08-11 19:15:00+00:00,4423.0,4430.2001953125,4420.0,4429.7001953125,1830.0
2026-08-11 19:30:00+00:00,4429.7998046875,4433.60009765625,4425.7001953125,4427.10009765625,1195.0
2026-08-11 19:45:00+00:00,4427.39990234375,4432.10009765625,4425.60009765625,4429.60009765625,1040.0
2026-08-11 20:00:00+00:00,4429.5,4430.0,4427.10009765625,4429.5,397.0
2026-08-11 20:15:00+00:00,4428.89990234375,4430.0,4426.5,4429.2998046875,217.0
2026-08-11 20:30:00+00:00,4429.5,4429.5,4426.60009765625,4426.7001953125,130.0
2026-08-11 20:45:00+00:00,4426.39990234375,4428.2998046875,4426.10009765625,4427.7998046875,172.0
2026-08-11 22:00:00+00:00,4427.7998046875,4433.60009765625,4427.7998046875,4432.2001953125,195.0
2026-08-11 22:15:00+00:00,4432.39990234375,4435.2001953125,4431.5,4434.89990234375,673.0
2026-08-11 22:30:00+00:00,4434.89990234375,4436.2998046875,4433.5,4434.5,698.0
2026-08-11 22:45:00+00:00,4435.0,4437.7998046875,4426.10009765625,4427.89990234375,1526.0
2026-08-11 23:00:00+00:00,4428.10009765625,4428.7001953125,4421.39990234375,4425.39990234375,1678.0
2026-08-11 23:15:00+00:00,4424.7001953125,4433.0,4424.0,4431.60009765625,1068.0
2026-08-11 23:30:00+00:00,4431.5,4431.60009765625,4425.60009765625,4426.7001953125,496.0
2026-08-11 23:45:00+00:00,4427.7001953125,4431.0,4427.0,4430.39990234375,220.0
2026-08-12 00:00:00+00:00,4430.60009765625,4438.39990234375,4426.0,4437.5,713.0
2026-08-12 00:15:00+00:00,4437.2998046875,4440.5,4433.2001953125,4439.7001953125,546.0
2026-08-12 00:30:00+00:00,4440.60009765625,4442.89990234375,4438.7998046875,4442.39990234375,681.0
2026-08-12 00:45:00+00:00,4442.2998046875,4442.5,4437.2001953125,4440.2001953125,419.0
2026-08-12 01:00:00+00:00,4440.2998046875,4450.2001953125,4438.0,4449.60009765625,1549.0
2026-08-12 01:15:00+00:00,4450.2001953125,4454.0,4446.2001953125,4450.0,1038.0
2026-08-12 01:30:00+00:00,4450.10009765625,4452.89990234375,4444.7001953125,4452.39990234375,1063.0
2026-08-12 01:45:00+00:00,4452.5,4456.89990234375,4450.7998046875,4456.2001953125,1087.0
2026-08-12 02:00:00+00:00,4456.10009765625,4464.0,4453.89990234375,4460.7998046875,1643.0
2026-08-12 02:15:00+00:00,4460.39990234375,4462.7001953125,4458.5,4461.5,959.0
2026-08-12 02:30:00+00:00,4461.60009765625,4467.60009765625,4456.7001953125,4464.89990234375,1551.0
2026-08-12 02:45:00+00:00,4465.10009765625,4474.2001953125,4464.7001953125,4470.7998046875,1708.0
2026-08-12 03:00:00+00:00,4471.10009765625,4475.7001953125,4468.10009765625,4470.7001953125,1377.0
2026-08-12 03:15:00+00:00,4470.5,4470.60009765625,4464.5,4467.10009765625,891.0
2026-08-12 03:30:00+00:00,4468.2998046875,4468.7998046875,4461.39990234375,4461.60009765625,827.0
2026-08-12 03:45:00+00:00,4461.5,4463.7998046875,4460.60009765625,4461.7998046875,517.0
2026-08-12 04:00:00+00:00,4462.39990234375,4463.10009765625,4456.39990234375,4457.5,719.0
2026-08-12 04:15:00+00:00,4457.2001953125,4459.5,4455.39990234375,4459.10009765625,458.0
2026-08-12 04:30:00+00:00,4459.2998046875,4460.2001953125,4455.2998046875,4460.2001953125,566.0
2026-08-12 04:45:00+00:00,4459.7998046875,4462.39990234375,4459.10009765625,4461.0,596.0
2026-08-12 05:00:00+00:00,4460.89990234375,4465.10009765625,4460.0,4461.0,781.0
2026-08-12 05:15:00+00:00,4460.7001953125,4460.7001953125,4451.89990234375,4452.7001953125,1219.0
2026-08-12 05:30:00+00:00,4451.2998046875,4456.7001953125,4447.89990234375,4448.0,1232.0
2026-08-12 05:45:00+00:00,4447.7998046875,4454.10009765625,4444.0,4451.0,1303.0
2026-08-12 06:00:00+00:00,4450.89990234375,4452.89990234375,4445.2998046875,4447.2998046875,900.0
2026-08-12 06:15:00+00:00,4446.89990234375,4450.60009765625,4445.7998046875,4449.60009765625,674.0
2026-08-12 06:30:00+00:00,4449.89990234375,4457.39990234375,4448.5,4453.89990234375,1300.0
2026-08-12 06:45:00+00:00,4455.2998046875,4466.10009765625,4454.39990234375,4463.2001953125,1684.0
2026-08-12 07:00:00+00:00,4463.0,4465.7001953125,4460.39990234375,4460.7998046875,1250.0
2026-08-12 07:15:00+00:00,4460.7001953125,4462.10009765625,4457.39990234375,4461.7001953125,815.0
2026-08-12 07:30:00+00:00,4461.7001953125,4467.7998046875,4460.7998046875,4467.5,1083.0
2026-08-12 07:45:00+00:00,4467.2998046875,4469.5,4464.10009765625,4465.89990234375,1289.0
2026-08-12 08:00:00+00:00,4465.5,4470.10009765625,4465.2998046875,4467.89990234375,834.0
2026-08-12 08:15:00+00:00,4467.89990234375,4469.0,4465.0,4466.60009765625,756.0
2026-08-12 08:30:00+00:00,4466.39990234375,4466.89990234375,4463.60009765625,4464.89990234375,809.0
2026-08-12 08:45:00+00:00,4464.60009765625,4464.60009765625,4460.60009765625,4460.60009765625,434.0
2026-08-12 09:00:00+00:00,4460.89990234375,4472.7001953125,4460.89990234375,4472.2001953125,1357.0
2026-08-12 09:15:00+00:00,4472.60009765625,4484.2001953125,4471.7998046875,4472.7001953125,2590.0
2026-08-12 09:30:00+00:00,4472.7001953125,4476.7998046875,4471.60009765625,4473.39990234375,1425.0
2026-08-12 09:45:00+00:00,4473.2998046875,4476.2001953125,4470.0,4475.39990234375,1292.0
2026-08-12 10:00:00+00:00,4475.5,4479.7998046875,4474.10009765625,4477.7001953125,1010.0
2026-08-12 10:15:00+00:00,4477.89990234375,4480.39990234375,4476.89990234375,4479.2001953125,823.0
2026-08-12 10:30:00+00:00,4479.2001953125,4479.2001953125,4472.2001953125,4474.2001953125,1043.0
2026-08-12 10:45:00+00:00,4473.7998046875,4475.0,4465.89990234375,4472.0,1234.0
2026-08-12 11:00:00+00:00,4472.2998046875,4474.5,4467.2001953125,4467.60009765625,1094.0
2026-08-12 11:15:00+00:00,4467.7001953125,4476.60009765625,4467.5,4474.60009765625,1309.0
2026-08-12 11:30:00+00:00,4474.7001953125,4475.7001953125,4469.89990234375,4473.0,680.0
2026-08-12 11:45:00+00:00,4473.2001953125,4475.2998046875,4472.10009765625,4472.39990234375,1034.0
2026-08-12 12:00:00+00:00,4472.2001953125,4472.60009765625,4465.5,4468.10009765625,1720.0
2026-08-12 12:15:00+00:00,4468.0,4487.60009765625,4463.5,4487.60009765625,3534.0
2026-08-12 12:30:00+00:00,4487.2001953125,4498.0,4440.0,4488.7998046875,15871.0
2026-08-12 12:45:00+00:00,4488.5,4499.2998046875,4475.89990234375,4498.2998046875,4467.0
2026-08-12 13:00:00+00:00,4497.7998046875,4502.7001953125,4480.0,4481.89990234375,5537.0
2026-08-12 13:15:00+00:00,4481.60009765625,4488.89990234375,4474.39990234375,4478.2001953125,2963.0
2026-08-12 13:30:00+00:00,4478.0,4480.89990234375,4468.0,4475.7998046875,5552.0
2026-08-12 13:45:00+00:00,4476.60009765625,4494.0,4475.7001953125,4487.39990234375,4331.0
2026-08-12 14:00:00+00:00,4487.60009765625,4495.2001953125,4480.39990234375,4492.0,3950.0
2026-08-12 14:15:00+00:00,4492.10009765625,4499.7998046875,4490.0,4491.5,2801.0
2026-08-12 14:30:00+00:00,4491.2998046875,4496.0,4476.10009765625,4484.7998046875,4976.0
2026-08-12 14:45:00+00:00,4484.7001953125,4492.0,4475.7998046875,4481.2998046875,3238.0
2026-08-12 15:00:00+00:00,4481.39990234375,4489.5,4474.0,4486.39990234375,2535.0
2026-08-12 15:15:00+00:00,4486.5,4487.89990234375,4479.39990234375,4481.2998046875,1435.0
2026-08-12 15:30:00+00:00,4481.5,4485.0,4476.2001953125,4477.10009765625,1400.0
2026-08-12 15:45:00+00:00,4477.7998046875,4481.7001953125,4470.2001953125,4480.39990234375,2157.0
2026-08-12 16:00:00+00:00,4480.2001953125,4485.2001953125,4476.39990234375,4482.89990234375,1808.0
2026-08-12 16:15:00+00:00,4483.2998046875,4486.2001953125,4482.10009765625,4483.0,1212.0
2026-08-12 16:30:00+00:00,4483.10009765625,4483.7001953125,4469.2001953125,4470.89990234375,2551.0
2026-08-12 16:45:00+00:00,4470.7001953125,4471.2001953125,4455.89990234375,4462.0,3528.0
2026-08-12 17:00:00+00:00,4461.89990234375,4468.0,4460.10009765625,4464.0,1754.0
2026-08-12 17:15:00+00:00,4464.10009765625,4470.0,4461.89990234375,4466.60009765625,3002.0
2026-08-12 17:30:00+00:00,4466.7998046875,4471.7001953125,4461.5,4462.2001953125,1792.0
2026-08-12 17:45:00+00:00,4462.2001953125,4465.7998046875,4459.0,4459.60009765625,1058.0
2026-08-12 18:00:00+00:00,4459.5,4466.5,4456.0,4465.7998046875,956.0
2026-08-12 18:15:00+00:00,4466.0,4471.39990234375,4464.39990234375,4468.39990234375,699.0
2026-08-12 18:30:00+00:00,4468.39990234375,4473.7001953125,4467.89990234375,4473.60009765625,895.0
2026-08-12 18:45:00+00:00,4473.7001953125,4478.10009765625,4472.89990234375,4473.2001953125,1302.0
2026-08-12 19:00:00+00:00,4473.2001953125,4478.2998046875,4473.0,4476.39990234375,615.0
2026-08-12 19:15:00+00:00,4476.0,4477.89990234375,4475.60009765625,4476.60009765625,279.0
2026-08-12 19:30:00+00:00,4476.5,4476.5,4471.2001953125,4473.2001953125,757.0
2026-08-12 19:45:00+00:00,4473.2001953125,4473.89990234375,4468.5,4473.89990234375,1046.0
2026-08-12 20:00:00+00:00,4474.2998046875,4474.2998046875,4469.0,4469.2998046875,506.0
2026-08-12 20:15:00+00:00,4469.10009765625,4470.10009765625,4466.7001953125,4467.7998046875,170.0
2026-08-12 20:30:00+00:00,4467.89990234375,4468.7998046875,4466.7998046875,4468.10009765625,250.0
2026-08-12 20:45:00+00:00,4468.0,4469.10009765625,4466.7001953125,4469.0,414.0
2026-08-12 22:00:00+00:00,4468.10009765625,4470.2998046875,4460.89990234375,4461.60009765625,274.0
2026-08-12 22:15:00+00:00,4461.7001953125,4461.89990234375,4456.5,4457.5,407.0
2026-08-12 22:30:00+00:00,4457.5,4460.7001953125,4456.89990234375,4458.39990234375,226.0
2026-08-12 22:45:00+00:00,4458.0,4461.2001953125,4457.89990234375,4459.89990234375,188.0
2026-08-12 23:00:00+00:00,4460.10009765625,4464.5,4459.89990234375,4463.89990234375,283.0
2026-08-12 23:15:00+00:00,4464.2001953125,4468.39990234375,4464.2001953125,4466.7998046875,441.0
2026-08-12 23:30:00+00:00,4467.39990234375,4468.89990234375,4465.7001953125,4467.0,284.0
2026-08-12 23:45:00+00:00,4467.39990234375,4473.2001953125,4466.60009765625,4473.10009765625,353.0
2026-08-13 00:00:00+00:00,4473.2001953125,4481.5,4471.89990234375,4478.2001953125,1164.0
2026-08-13 00:15:00+00:00,4478.2998046875,4496.60009765625,4478.2998046875,4487.39990234375,2225.0
2026-08-13 00:30:00+00:00,4487.60009765625,4509.10009765625,4483.2998046875,4498.7001953125,3758.0
2026-08-13 00:45:00+00:00,4499.60009765625,4499.60009765625,4482.7001953125,4486.89990234375,1908.0
2026-08-13 01:00:00+00:00,4486.7001953125,4494.0,4481.39990234375,4489.0,1852.0
2026-08-13 01:15:00+00:00,4488.7998046875,4494.10009765625,4477.7001953125,4478.0,1162.0
2026-08-13 01:30:00+00:00,4477.7001953125,4489.0,4476.2998046875,4477.60009765625,1197.0
2026-08-13 01:45:00+00:00,4477.60009765625,4478.0,4464.7001953125,4467.0,1970.0
2026-08-13 02:00:00+00:00,4466.7998046875,4472.60009765625,4463.7998046875,4469.0,1187.0
2026-08-13 02:15:00+00:00,4469.0,4471.0,4464.39990234375,4464.7001953125,582.0
2026-08-13 02:30:00+00:00,4464.2998046875,4468.7998046875,4457.0,4468.7998046875,1438.0
2026-08-13 02:45:00+00:00,4469.0,4469.2998046875,4464.2998046875,4465.7001953125,438.0
2026-08-13 03:00:00+00:00,4465.7998046875,4470.7001953125,4462.60009765625,4465.89990234375,590.0
2026-08-13 03:15:00+00:00,4465.7001953125,4468.7001953125,4464.0,4467.7998046875,360.0
2026-08-13 03:30:00+00:00,4467.5,4468.7998046875,4464.0,4464.5,400.0
2026-08-13 03:45:00+00:00,4464.5,4466.2998046875,4458.0,4458.2998046875,1380.0
2026-08-13 04:00:00+00:00,4458.7001953125,4458.7001953125,4449.39990234375,4452.5,2328.0
2026-08-13 04:15:00+00:00,4452.39990234375,4457.2001953125,4450.39990234375,4456.2001953125,670.0
2026-08-13 04:30:00+00:00,4456.2001953125,4457.5,4453.0,4453.0,340.0
2026-08-13 04:45:00+00:00,4453.2998046875,4456.2998046875,4452.7998046875,4455.5,364.0
2026-08-13 05:00:00+00:00,4455.2001953125,4462.39990234375,4450.7001953125,4462.2998046875,1360.0
2026-08-13 05:15:00+00:00,4462.2001953125,4465.2001953125,4458.5,4464.39990234375,979.0
2026-08-13 05:30:00+00:00,4465.0,4465.2001953125,4443.7998046875,4445.60009765625,1880.0
2026-08-13 05:45:00+00:00,4445.2001953125,4447.10009765625,4437.2001953125,4440.60009765625,2165.0
2026-08-13 06:00:00+00:00,4440.5,4443.0,4432.5,4433.2998046875,2425.0
2026-08-13 06:15:00+00:00,4433.2001953125,4436.10009765625,4431.60009765625,4432.7001953125,1011.0
2026-08-13 06:30:00+00:00,4433.10009765625,4435.7001953125,4425.60009765625,4430.89990234375,1618.0
2026-08-13 06:45:00+00:00,4431.2998046875,4438.39990234375,4431.10009765625,4437.7001953125,1293.0
2026-08-13 07:00:00+00:00,4437.7998046875,4438.60009765625,4431.5,4433.2998046875,1215.0
2026-08-13 07:15:00+00:00,4433.60009765625,4434.10009765625,4430.39990234375,4433.10009765625,598.0
2026-08-13 07:30:00+00:00,4432.7998046875,4435.7001953125,4428.7998046875,4435.39990234375,1407.0
2026-08-13 07:45:00+00:00,4435.5,4435.60009765625,4425.7998046875,4426.39990234375,1457.0
2026-08-13 08:00:00+00:00,4426.39990234375,4427.2998046875,4420.2998046875,4422.60009765625,1799.0
2026-08-13 08:15:00+00:00,4422.7998046875,4430.0,4421.7001953125,4429.2001953125,1304.0
2026-08-13 08:30:00+00:00,4428.10009765625,4432.2998046875,4428.10009765625,4430.0,776.0
2026-08-13 08:45:00+00:00,4430.0,4435.7001953125,4429.7001953125,4432.39990234375,636.0
2026-08-13 09:00:00+00:00,4432.2998046875,4434.7001953125,4428.60009765625,4433.39990234375,664.0
2026-08-13 09:15:00+00:00,4433.10009765625,4438.89990234375,4432.7998046875,4436.39990234375,1123.0
2026-08-13 09:30:00+00:00,4436.5,4438.5,4435.10009765625,4436.7998046875,802.0
2026-08-13 09:45:00+00:00,4436.89990234375,4441.89990234375,4435.39990234375,4441.7998046875,813.0
2026-08-13 10:00:00+00:00,4441.89990234375,4442.7001953125,4438.7998046875,4439.0,656.0
2026-08-13 10:15:00+00:00,4439.2001953125,4445.2001953125,4439.2001953125,4444.60009765625,817.0
2026-08-13 10:30:00+00:00,4444.7998046875,4448.2998046875,4442.2998046875,4448.2998046875,581.0
2026-08-13 10:45:00+00:00,4448.10009765625,4451.5,4446.0,4449.89990234375,1107.0
2026-08-13 11:00:00+00:00,4449.60009765625,4452.0,4446.10009765625,4452.0,709.0
2026-08-13 11:15:00+00:00,4451.7998046875,4454.2001953125,4445.2998046875,4445.39990234375,1364.0
2026-08-13 11:30:00+00:00,4446.0,4447.2998046875,4440.60009765625,4441.2001953125,1681.0
2026-08-13 11:45:00+00:00,4440.89990234375,4444.7998046875,4439.60009765625,4444.39990234375,1192.0
2026-08-13 12:00:00+00:00,4444.5,4448.89990234375,4442.5,4446.0,1162.0
2026-08-13 12:15:00+00:00,4445.7001953125,4450.39990234375,4441.0,4447.7998046875,1146.0
2026-08-13 12:30:00+00:00,4447.39990234375,4460.0,4437.10009765625,4449.2001953125,4726.0
2026-08-13 12:45:00+00:00,4449.2001953125,4458.89990234375,4448.2001953125,4458.7998046875,2091.0
2026-08-13 13:00:00+00:00,4458.89990234375,4459.0,4447.7998046875,4450.39990234375,2428.0
2026-08-13 13:15:00+00:00,4450.5,4452.0,4440.60009765625,4441.7001953125,2399.0
2026-08-13 13:30:00+00:00,4441.7001953125,4446.39990234375,4431.5,4435.89990234375,4352.0
2026-08-13 13:45:00+00:00,4435.7998046875,4439.5,4427.10009765625,4429.2001953125,3191.0
2026-08-13 14:00:00+00:00,4429.0,4435.89990234375,4424.0,4428.0,3981.0
2026-08-13 14:15:00+00:00,4428.2001953125,4435.7001953125,4425.0,4425.2998046875,2623.0
2026-08-13 14:30:00+00:00,4425.0,4439.2001953125,4408.7998046875,4438.10009765625,5824.0
2026-08-13 14:45:00+00:00,4438.89990234375,4444.7001953125,4438.2998046875,4440.89990234375,2411.0
2026-08-13 15:00:00+00:00,4441.2001953125,4443.10009765625,4425.2001953125,4426.2001953125,2350.0
2026-08-13 15:15:00+00:00,4426.10009765625,4430.60009765625,4419.89990234375,4421.7998046875,3037.0
2026-08-13 15:30:00+00:00,4421.89990234375,4428.39990234375,4413.60009765625,4425.10009765625,3185.0
2026-08-13 15:45:00+00:00,4425.5,4427.7998046875,4420.2998046875,4422.10009765625,1127.0
2026-08-13 16:00:00+00:00,4422.2998046875,4424.7001953125,4411.10009765625,4412.5,2615.0
2026-08-13 16:15:00+00:00,4412.60009765625,4419.5,4407.5,4419.39990234375,2928.0
2026-08-13 16:30:00+00:00,4419.2001953125,4424.0,4419.0,4422.60009765625,1844.0
2026-08-13 16:45:00+00:00,4422.60009765625,4425.60009765625,4421.0,4424.2001953125,1096.0
2026-08-13 17:00:00+00:00,4424.2998046875,4430.60009765625,4422.39990234375,4428.39990234375,1625.0
2026-08-13 17:15:00+00:00,4428.7998046875,4429.2001953125,4419.10009765625,4420.10009765625,2873.0
2026-08-13 17:30:00+00:00,4420.10009765625,4421.2998046875,4412.2001953125,4413.60009765625,2198.0
2026-08-13 17:45:00+00:00,4413.89990234375,4416.5,4412.0,4412.39990234375,673.0
2026-08-13 18:00:00+00:00,4412.7001953125,4419.39990234375,4412.39990234375,4418.7001953125,990.0
2026-08-13 18:15:00+00:00,4419.0,4420.5,4411.60009765625,4414.2998046875,1304.0
2026-08-13 18:30:00+00:00,4414.10009765625,4417.2998046875,4413.2998046875,4414.7001953125,567.0
2026-08-13 18:45:00+00:00,4414.7998046875,4415.10009765625,4411.39990234375,4413.60009765625,658.0
2026-08-13 19:00:00+00:00,4414.0,4415.5,4402.60009765625,4403.39990234375,1696.0
2026-08-13 19:15:00+00:00,4403.10009765625,4408.2001953125,4400.0,4407.89990234375,1305.0
2026-08-13 19:30:00+00:00,4407.60009765625,4410.89990234375,4406.0,4407.7001953125,716.0
2026-08-13 19:45:00+00:00,4407.60009765625,4407.60009765625,4403.89990234375,4406.39990234375,932.0
2026-08-13 20:00:00+00:00,4406.0,4406.7001953125,4402.89990234375,4406.2998046875,642.0
2026-08-13 20:15:00+00:00,4406.5,4408.39990234375,4405.5,4407.60009765625,349.0
2026-08-13 20:30:00+00:00,4407.60009765625,4408.0,4404.2001953125,4405.60009765625,643.0
2026-08-13 20:45:00+00:00,4405.5,4407.7001953125,4404.7001953125,4407.10009765625,285.0
2026-08-13 22:00:00+00:00,4408.2001953125,4412.60009765625,4406.60009765625,4409.7998046875,359.0
2026-08-13 22:15:00+00:00,4409.89990234375,4413.2998046875,4408.5,4412.7001953125,575.0
2026-08-13 22:30:00+00:00,4412.39990234375,4418.39990234375,4411.0,4416.0,1242.0
2026-08-13 22:45:00+00:00,4415.89990234375,4417.0,4409.2001953125,4410.2998046875,1216.0
2026-08-13 23:00:00+00:00,4411.5,4416.2001953125,4405.10009765625,4416.2001953125,1324.0
2026-08-13 23:15:00+00:00,4416.2998046875,4418.2001953125,4412.10009765625,4418.2001953125,1076.0
2026-08-13 23:30:00+00:00,4418.7998046875,4418.7998046875,4413.89990234375,4415.7998046875,674.0
2026-08-13 23:45:00+00:00,4416.0,4419.39990234375,4411.60009765625,4411.7998046875,438.0
2026-08-14 00:00:00+00:00,4411.60009765625,4417.39990234375,4406.0,4407.5,654.0
2026-08-14 00:15:00+00:00,4407.60009765625,4407.7998046875,4395.10009765625,4395.7998046875,1501.0
2026-08-14 00:30:00+00:00,4395.7998046875,4402.60009765625,4390.60009765625,4395.39990234375,1465.0
2026-08-14 00:45:00+00:00,4396.0,4398.7998046875,4385.10009765625,4396.39990234375,2105.0
2026-08-14 01:00:00+00:00,4395.7001953125,4397.10009765625,4378.0,4380.10009765625,3522.0
2026-08-14 01:15:00+00:00,4380.5,4381.89990234375,4373.5,4375.60009765625,2887.0
2026-08-14 01:30:00+00:00,4375.2998046875,4377.5,4368.60009765625,4375.39990234375,1243.0
2026-08-14 01:45:00+00:00,4375.60009765625,4379.39990234375,4367.5,4373.7001953125,1857.0
2026-08-14 02:00:00+00:00,4373.7001953125,4378.0,4365.5,4366.89990234375,1356.0
2026-08-14 02:15:00+00:00,4367.5,4373.2998046875,4367.5,4367.60009765625,1306.0
2026-08-14 02:30:00+00:00,4367.39990234375,4378.0,4366.89990234375,4376.2998046875,1572.0
2026-08-14 02:45:00+00:00,4376.5,4377.39990234375,4367.7001953125,4370.7001953125,747.0
2026-08-14 03:00:00+00:00,4370.7001953125,4378.7001953125,4368.89990234375,4375.2998046875,900.0
2026-08-14 03:15:00+00:00,4375.39990234375,4381.2001953125,4375.0,4380.7998046875,569.0
2026-08-14 03:30:00+00:00,4380.89990234375,4382.5,4379.89990234375,4381.2998046875,718.0
2026-08-14 03:45:00+00:00,4381.39990234375,4382.2998046875,4379.0,4379.60009765625,365.0
2026-08-14 04:00:00+00:00,4379.2001953125,4382.7001953125,4378.2998046875,4381.60009765625,562.0
2026-08-14 04:15:00+00:00,4381.2001953125,4384.60009765625,4380.2001953125,4380.2001953125,473.0
2026-08-14 04:30:00+00:00,4381.10009765625,4381.2001953125,4378.39990234375,4380.39990234375,471.0
2026-08-14 04:45:00+00:00,4380.10009765625,4382.0,4378.2998046875,4382.0,294.0
2026-08-14 05:00:00+00:00,4382.2001953125,4382.2001953125,4374.2998046875,4374.7998046875,523.0
2026-08-14 05:15:00+00:00,4375.10009765625,4375.10009765625,4371.89990234375,4373.2998046875,481.0
2026-08-14 05:30:00+00:00,4372.89990234375,4379.7998046875,4365.60009765625,4372.7001953125,1720.0
2026-08-14 05:45:00+00:00,4372.5,4389.5,4372.5,4389.5,1607.0
2026-08-14 06:00:00+00:00,4389.60009765625,4392.60009765625,4385.5,4388.2998046875,1195.0
2026-08-14 06:15:00+00:00,4388.2001953125,4389.10009765625,4384.2001953125,4385.2998046875,663.0
2026-08-14 06:30:00+00:00,4385.10009765625,4388.7998046875,4383.60009765625,4388.60009765625,568.0
2026-08-14 06:45:00+00:00,4388.7998046875,4392.2001953125,4388.39990234375,4391.60009765625,640.0
2026-08-14 07:00:00+00:00,4391.39990234375,4393.2998046875,4387.0,4387.10009765625,890.0
2026-08-14 07:15:00+00:00,4387.10009765625,4392.39990234375,4385.7001953125,4387.7998046875,736.0
2026-08-14 07:30:00+00:00,4388.0,4396.2998046875,4387.2998046875,4396.0,732.0
2026-08-14 07:45:00+00:00,4397.10009765625,4401.60009765625,4395.5,4400.2998046875,1374.0
2026-08-14 08:00:00+00:00,4400.2998046875,4404.5,4398.10009765625,4403.89990234375,1257.0
2026-08-14 08:15:00+00:00,4404.0,4405.2998046875,4399.39990234375,4401.7998046875,845.0
2026-08-14 08:30:00+00:00,4401.7998046875,4405.39990234375,4399.5,4399.7998046875,762.0
2026-08-14 08:45:00+00:00,4399.7998046875,4405.7001953125,4398.7998046875,4404.7001953125,745.0
2026-08-14 09:00:00+00:00,4404.5,4406.89990234375,4402.0,4406.7001953125,535.0
2026-08-14 09:15:00+00:00,4406.7998046875,4410.0,4404.39990234375,4407.39990234375,1278.0
2026-08-14 09:30:00+00:00,4407.7998046875,4410.7998046875,4406.10009765625,4409.89990234375,1196.0
2026-08-14 09:45:00+00:00,4410.0,4413.7998046875,4408.7001953125,4413.2998046875,911.0
2026-08-14 10:00:00+00:00,4413.60009765625,4415.10009765625,4410.0,4410.60009765625,1158.0
2026-08-14 10:15:00+00:00,4410.39990234375,4411.39990234375,4406.0,4407.2998046875,1392.0
2026-08-14 10:30:00+00:00,4407.5,4408.0,4404.5,4408.0,842.0
2026-08-14 10:45:00+00:00,4407.89990234375,4409.7001953125,4403.7001953125,4405.5,803.0
2026-08-14 11:00:00+00:00,4405.5,4408.0,4404.7001953125,4406.89990234375,403.0
2026-08-14 11:15:00+00:00,4407.10009765625,4413.39990234375,4407.10009765625,4413.10009765625,887.0
2026-08-14 11:30:00+00:00,4413.10009765625,4420.0,4412.7998046875,4418.7001953125,1555.0
2026-08-14 11:45:00+00:00,4418.89990234375,4426.0,4417.2001953125,4425.7998046875,1689.0
2026-08-14 12:00:00+00:00,4425.5,4433.2001953125,4421.7998046875,4428.10009765625,2689.0
2026-08-14 12:15:00+00:00,4428.2001953125,4437.5,4425.7998046875,4436.5,2894.0
2026-08-14 12:30:00+00:00,4438.0,4444.0,4429.10009765625,4429.5,5050.0
2026-08-14 12:45:00+00:00,4430.0,4434.89990234375,4427.7998046875,4430.89990234375,2330.0
2026-08-14 13:00:00+00:00,4430.89990234375,4438.2998046875,4427.2998046875,4432.39990234375,3061.0
2026-08-14 13:15:00+00:00,4432.2998046875,4443.89990234375,4432.2998046875,4441.39990234375,1954.0
2026-08-14 13:30:00+00:00,4441.7001953125,4454.60009765625,4440.7998046875,4451.10009765625,5295.0
2026-08-14 13:45:00+00:00,4451.0,4452.2998046875,4439.7998046875,4442.0,2975.0
2026-08-14 14:00:00+00:00,4441.7001953125,4450.5,4441.2001953125,4447.7998046875,3568.0
2026-08-14 14:15:00+00:00,4448.0,4452.2001953125,4442.5,4447.89990234375,1493.0
2026-08-14 14:30:00+00:00,4448.2998046875,4448.7001953125,4438.7998046875,4441.60009765625,2440.0
2026-08-14 14:45:00+00:00,4441.5,4441.60009765625,4436.2001953125,4438.60009765625,2080.0
2026-08-14 15:00:00+00:00,4438.7001953125,4451.7001953125,4438.2998046875,4449.89990234375,3157.0
2026-08-14 15:15:00+00:00,4450.0,4451.60009765625,4436.39990234375,4441.89990234375,3219.0
2026-08-14 15:30:00+00:00,4442.2001953125,4447.5,4441.10009765625,4446.89990234375,1788.0
2026-08-14 15:45:00+00:00,4447.10009765625,4452.2998046875,4446.89990234375,4448.7998046875,1657.0
2026-08-14 16:00:00+00:00,4449.0,4454.2998046875,4446.0,4446.7998046875,1466.0
2026-08-14 16:15:00+00:00,4446.89990234375,4450.2001953125,4443.89990234375,4444.5,825.0
2026-08-14 16:30:00+00:00,4444.7001953125,4446.2998046875,4437.2001953125,4442.7998046875,1832.0
2026-08-14 16:45:00+00:00,4443.0,4444.60009765625,4442.0,4442.7001953125,566.0
2026-08-14 17:00:00+00:00,4443.0,4443.39990234375,4437.39990234375,4439.39990234375,825.0
2026-08-14 17:15:00+00:00,4439.5,4442.0,4436.60009765625,4436.89990234375,1932.0
2026-08-14 17:30:00+00:00,4436.7998046875,4440.39990234375,4434.10009765625,4435.0,1199.0
2026-08-14 17:45:00+00:00,4434.7998046875,4436.2998046875,4433.60009765625,4435.5,601.0
2026-08-14 18:00:00+00:00,4435.89990234375,4438.7998046875,4433.60009765625,4434.2001953125,1045.0
2026-08-14 18:15:00+00:00,4434.60009765625,4437.5,4434.0,4436.39990234375,442.0
2026-08-14 18:30:00+00:00,4436.2001953125,4439.60009765625,4433.2001953125,4433.2001953125,1952.0
2026-08-14 18:45:00+00:00,4433.5,4433.89990234375,4427.5,4430.2001953125,2387.0
2026-08-14 19:00:00+00:00,4429.7998046875,4433.60009765625,4428.60009765625,4432.39990234375,778.0
2026-08-14 19:15:00+00:00,4432.0,4434.2998046875,4430.39990234375,4433.5,418.0
2026-08-14 19:30:00+00:00,4433.7001953125,4434.39990234375,4431.39990234375,4431.7001953125,511.0
2026-08-14 19:45:00+00:00,4431.7001953125,4435.60009765625,4428.7998046875,4431.60009765625,1351.0
2026-08-14 20:00:00+00:00,4431.39990234375,4431.5,4426.89990234375,4428.2998046875,926.0
2026-08-14 20:15:00+00:00,4428.39990234375,4430.2001953125,4427.7998046875,4430.0,373.0
2026-08-14 20:30:00+00:00,4429.89990234375,4432.39990234375,4428.89990234375,4430.89990234375,316.0
2026-08-14 20:45:00+00:00,4430.89990234375,4432.10009765625,4430.39990234375,4432.10009765625,256.0
2026-08-14 21:00:00+00:00,4432.0,4437.2998046875,4432.0,4437.2998046875,0.0
2026-08-16 22:00:00+00:00,4433.7001953125,4436.0,4431.2998046875,4432.60009765625,942.0
2026-08-16 22:15:00+00:00,4432.60009765625,4433.0,4429.2998046875,4430.60009765625,412.0
2026-08-16 22:30:00+00:00,4430.7998046875,4434.7001953125,4430.7998046875,4433.39990234375,332.0
2026-08-16 22:45:00+00:00,4433.7998046875,4442.5,4433.60009765625,4441.60009765625,691.0
2026-08-16 23:00:00+00:00,4441.7998046875,4441.89990234375,4435.39990234375,4435.39990234375,537.0
2026-08-16 23:15:00+00:00,4435.5,4436.7001953125,4428.10009765625,4430.10009765625,663.0
2026-08-16 23:30:00+00:00,4430.2001953125,4431.0,4422.2998046875,4424.0,1038.0
2026-08-16 23:45:00+00:00,4424.10009765625,4429.2001953125,4424.10009765625,4425.5,378.0
2026-08-17 00:00:00+00:00,4426.0,4435.2001953125,4423.5,4434.39990234375,875.0
2026-08-17 00:15:00+00:00,4434.5,4444.10009765625,4434.0,4443.2998046875,890.0
2026-08-17 00:30:00+00:00,4446.39990234375,4453.60009765625,4443.5,4451.60009765625,1672.0
2026-08-17 00:45:00+00:00,4451.2998046875,4459.39990234375,4450.0,4457.2998046875,1651.0
2026-08-17 01:00:00+00:00,4457.10009765625,4468.10009765625,4456.10009765625,4465.7998046875,2423.0
2026-08-17 01:15:00+00:00,4465.60009765625,4473.2001953125,4462.7001953125,4465.10009765625,1347.0
2026-08-17 01:30:00+00:00,4462.7001953125,4464.2001953125,4454.10009765625,4459.89990234375,2012.0
2026-08-17 01:45:00+00:00,4460.2001953125,4460.60009765625,4448.60009765625,4452.0,1430.0
2026-08-17 02:00:00+00:00,4451.89990234375,4454.5,4449.2001953125,4451.0,789.0
2026-08-17 02:15:00+00:00,4450.7998046875,4454.10009765625,4446.5,4451.39990234375,848.0
2026-08-17 02:30:00+00:00,4452.2998046875,4454.7001953125,4446.39990234375,4449.39990234375,824.0
2026-08-17 02:45:00+00:00,4449.39990234375,4450.10009765625,4444.89990234375,4450.0,572.0
2026-08-17 03:00:00+00:00,4450.2001953125,4451.7998046875,4445.39990234375,4446.2998046875,430.0
2026-08-17 03:15:00+00:00,4446.2001953125,4449.89990234375,4444.5,4449.2998046875,456.0
2026-08-17 03:30:00+00:00,4449.39990234375,4453.7998046875,4447.2001953125,4451.7998046875,625.0
2026-08-17 03:45:00+00:00,4451.7001953125,4453.7998046875,4449.2998046875,4453.7001953125,391.0
2026-08-17 04:00:00+00:00,4453.5,4456.2998046875,4452.89990234375,4455.10009765625,619.0
2026-08-17 04:15:00+00:00,4455.10009765625,4455.39990234375,4446.60009765625,4447.89990234375,637.0
2026-08-17 04:30:00+00:00,4447.39990234375,4453.2998046875,4445.5,4452.10009765625,558.0
2026-08-17 04:45:00+00:00,4453.0,4454.60009765625,4446.2998046875,4447.2001953125,447.0
2026-08-17 05:00:00+00:00,4447.0,4449.7998046875,4443.39990234375,4444.39990234375,696.0
2026-08-17 05:15:00+00:00,4444.2998046875,4456.0,4443.60009765625,4456.0,883.0
2026-08-17 05:30:00+00:00,4456.39990234375,4457.7001953125,4449.0,4452.2998046875,1059.0
2026-08-17 05:45:00+00:00,4452.2001953125,4454.0,4449.2001953125,4451.2998046875,630.0
2026-08-17 06:00:00+00:00,4451.5,4454.89990234375,4449.2998046875,4453.5,887.0
2026-08-17 06:15:00+00:00,4453.0,4456.2998046875,4449.10009765625,4455.0,912.0
2026-08-17 06:30:00+00:00,4454.5,4454.89990234375,4449.7001953125,4452.2998046875,667.0
2026-08-17 06:45:00+00:00,4453.0,4460.7001953125,4452.5,4459.2998046875,1324.0
2026-08-17 07:00:00+00:00,4458.89990234375,4460.2001953125,4452.2001953125,4452.7001953125,1348.0
2026-08-17 07:15:00+00:00,4452.7001953125,4461.60009765625,4452.39990234375,4461.2001953125,941.0
2026-08-17 07:30:00+00:00,4461.2998046875,4467.89990234375,4460.89990234375,4465.5,1469.0
2026-08-17 07:45:00+00:00,4465.89990234375,4466.2998046875,4460.0,4461.5,1022.0
2026-08-17 08:00:00+00:00,4460.89990234375,4461.7998046875,4454.10009765625,4459.2998046875,1001.0
2026-08-17 08:15:00+00:00,4459.2998046875,4460.2001953125,4456.7998046875,4458.0,676.0
2026-08-17 08:30:00+00:00,4458.0,4458.39990234375,4452.0,4452.5,461.0
2026-08-17 08:45:00+00:00,4452.39990234375,4453.0,4448.7998046875,4451.10009765625,671.0
2026-08-17 09:00:00+00:00,4451.2998046875,4457.0,4449.5,4455.2998046875,692.0
2026-08-17 09:15:00+00:00,4455.39990234375,4456.39990234375,4451.60009765625,4453.10009765625,769.0
2026-08-17 09:30:00+00:00,4453.2001953125,4453.7001953125,4450.0,4451.0,1110.0
2026-08-17 09:45:00+00:00,4450.7998046875,4452.7998046875,4449.2001953125,4452.39990234375,608.0
2026-08-17 10:00:00+00:00,4452.39990234375,4453.2001953125,4450.0,4452.7001953125,666.0
2026-08-17 10:15:00+00:00,4452.5,4462.2998046875,4445.7001953125,4461.7001953125,2008.0
2026-08-17 10:30:00+00:00,4461.5,4462.60009765625,4452.10009765625,4455.0,1337.0
2026-08-17 10:45:00+00:00,4455.10009765625,4456.39990234375,4452.89990234375,4455.7998046875,770.0
2026-08-17 11:00:00+00:00,4455.89990234375,4460.39990234375,4454.89990234375,4456.5,668.0
2026-08-17 11:15:00+00:00,4456.39990234375,4461.5,4453.7001953125,4460.2998046875,1177.0
2026-08-17 11:30:00+00:00,4460.39990234375,4461.7998046875,4455.89990234375,4456.5,1012.0
2026-08-17 11:45:00+00:00,4456.7998046875,4457.60009765625,4451.7998046875,4453.5,911.0
2026-08-17 12:00:00+00:00,4453.39990234375,4454.0,4447.7998046875,4450.60009765625,992.0
2026-08-17 12:15:00+00:00,4450.2001953125,4455.39990234375,4437.5,4442.2998046875,3406.0
2026-08-17 12:30:00+00:00,4442.7998046875,4446.7998046875,4434.7001953125,4434.7001953125,2573.0
2026-08-17 12:45:00+00:00,4434.5,4443.10009765625,4433.39990234375,4441.39990234375,2205.0
2026-08-17 13:00:00+00:00,4441.7001953125,4446.2001953125,4438.10009765625,4442.60009765625,1995.0
2026-08-17 13:15:00+00:00,4443.10009765625,4445.10009765625,4438.60009765625,4442.60009765625,1174.0
2026-08-17 13:30:00+00:00,4442.7998046875,4448.2998046875,4441.0,4441.89990234375,1809.0
2026-08-17 13:45:00+00:00,4442.10009765625,4473.0,4440.89990234375,4465.7001953125,5639.0
2026-08-17 14:00:00+00:00,4465.2001953125,4469.5,4460.39990234375,4469.2001953125,3140.0
2026-08-17 14:15:00+00:00,4469.2001953125,4484.89990234375,4468.39990234375,4475.5,8736.0
2026-08-17 14:30:00+00:00,4475.7998046875,4481.7998046875,4473.7998046875,4474.7998046875,2394.0
2026-08-17 14:45:00+00:00,4475.0,4478.39990234375,4471.39990234375,4474.5,1404.0
2026-08-17 15:00:00+00:00,4474.60009765625,4479.7998046875,4471.7998046875,4478.5,1275.0
2026-08-17 15:15:00+00:00,4478.5,4483.39990234375,4476.7001953125,4482.5,1601.0
2026-08-17 15:30:00+00:00,4482.60009765625,4483.7001953125,4475.7998046875,4476.10009765625,1585.0
2026-08-17 15:45:00+00:00,4476.2001953125,4485.2998046875,4474.7998046875,4484.7998046875,1860.0
2026-08-17 16:00:00+00:00,4485.10009765625,4486.5,4481.39990234375,4483.39990234375,1498.0
2026-08-17 16:15:00+00:00,4483.39990234375,4484.89990234375,4480.2998046875,4482.2998046875,1251.0
2026-08-17 16:30:00+00:00,4482.39990234375,4484.5,4479.7001953125,4482.0,1063.0
2026-08-17 16:45:00+00:00,4482.10009765625,4483.0,4480.0,4481.5,884.0
2026-08-17 17:00:00+00:00,4481.7998046875,4483.7001953125,4478.2998046875,4480.2998046875,1144.0
2026-08-17 17:15:00+00:00,4480.2998046875,4480.5,4470.7998046875,4474.0,2944.0
2026-08-17 17:30:00+00:00,4473.7998046875,4476.2998046875,4468.2001953125,4474.7001953125,2244.0
2026-08-17 17:45:00+00:00,4474.7001953125,4478.2001953125,4470.7998046875,4471.0,959.0
2026-08-17 18:00:00+00:00,4471.2998046875,4471.89990234375,4467.39990234375,4471.2001953125,1177.0
2026-08-17 18:15:00+00:00,4471.2998046875,4474.0,4461.5,4463.2001953125,3329.0
2026-08-17 18:30:00+00:00,4463.2998046875,4463.7001953125,4454.5,4458.0,2733.0
2026-08-17 18:45:00+00:00,4458.0,4463.7998046875,4456.7998046875,4463.10009765625,708.0
2026-08-17 19:00:00+00:00,4462.89990234375,4464.7998046875,4456.60009765625,4464.7001953125,1292.0
2026-08-17 19:15:00+00:00,4464.7998046875,4473.60009765625,4464.7998046875,4470.60009765625,1527.0
2026-08-17 19:30:00+00:00,4470.89990234375,4476.7998046875,4470.39990234375,4475.5,630.0
2026-08-17 19:45:00+00:00,4475.5,4477.0,4472.10009765625,4475.89990234375,1179.0
2026-08-17 20:00:00+00:00,4475.7001953125,4477.5,4472.5,4474.10009765625,453.0
2026-08-17 20:15:00+00:00,4474.10009765625,4474.5,4471.39990234375,4471.39990234375,160.0
2026-08-17 20:30:00+00:00,4471.60009765625,4472.5,4471.10009765625,4472.2001953125,202.0
2026-08-17 20:45:00+00:00,4471.7001953125,4474.0,4471.5,4473.10009765625,254.0
2026-08-17 22:00:00+00:00,4474.89990234375,4475.89990234375,4471.5,4472.89990234375,159.0
2026-08-17 22:15:00+00:00,4472.89990234375,4473.5,4468.2998046875,4468.89990234375,449.0
2026-08-17 22:30:00+00:00,4468.39990234375,4471.89990234375,4467.60009765625,4470.89990234375,523.0
2026-08-17 22:45:00+00:00,4470.7001953125,4472.39990234375,4466.5,4467.89990234375,382.0
2026-08-17 23:00:00+00:00,4468.0,4471.0,4466.0,4470.7001953125,531.0
2026-08-17 23:15:00+00:00,4471.10009765625,4478.10009765625,4471.0,4476.60009765625,696.0
2026-08-17 23:30:00+00:00,4476.2998046875,4479.2001953125,4476.2998046875,4479.10009765625,418.0
2026-08-17 23:45:00+00:00,4478.89990234375,4482.10009765625,4477.89990234375,4482.0,527.0
2026-08-18 00:00:00+00:00,4482.5,4486.5,4475.0,4478.39990234375,1193.0
2026-08-18 00:15:00+00:00,4477.7001953125,4488.2001953125,4477.2001953125,4487.7001953125,1589.0
2026-08-18 00:30:00+00:00,4487.7998046875,4490.2998046875,4484.5,4486.10009765625,1001.0
2026-08-18 00:45:00+00:00,4486.2001953125,4491.7001953125,4484.89990234375,4491.2001953125,599.0
2026-08-18 01:00:00+00:00,4491.2998046875,4493.10009765625,4485.0,4485.5,1505.0
2026-08-18 01:15:00+00:00,4485.89990234375,4487.39990234375,4476.60009765625,4481.5,1448.0
2026-08-18 01:30:00+00:00,4481.5,4482.60009765625,4468.2998046875,4469.2001953125,994.0
2026-08-18 01:45:00+00:00,4468.10009765625,4468.89990234375,4460.89990234375,4464.60009765625,1766.0
2026-08-18 02:00:00+00:00,4464.2998046875,4464.89990234375,4454.7998046875,4457.39990234375,1478.0
2026-08-18 02:15:00+00:00,4457.2998046875,4461.89990234375,4456.7998046875,4458.7001953125,717.0
2026-08-18 02:30:00+00:00,4458.7998046875,4458.89990234375,4450.2998046875,4451.39990234375,1369.0
2026-08-18 02:45:00+00:00,4451.2001953125,4456.89990234375,4450.0,4456.39990234375,1216.0
2026-08-18 03:00:00+00:00,4456.10009765625,4460.5,4455.39990234375,4457.89990234375,1059.0
2026-08-18 03:15:00+00:00,4458.10009765625,4458.7001953125,4450.0,4453.2998046875,816.0
2026-08-18 03:30:00+00:00,4452.7998046875,4453.2998046875,4450.39990234375,4450.60009765625,346.0
2026-08-18 03:45:00+00:00,4451.10009765625,4451.10009765625,4446.2998046875,4448.10009765625,793.0
2026-08-18 04:00:00+00:00,4447.39990234375,4448.60009765625,4445.39990234375,4447.89990234375,682.0
2026-08-18 04:15:00+00:00,4447.89990234375,4449.2001953125,4446.39990234375,4448.10009765625,472.0
2026-08-18 04:30:00+00:00,4448.5,4450.2998046875,4444.0,4448.7001953125,1045.0
2026-08-18 04:45:00+00:00,4448.7998046875,4450.89990234375,4447.7001953125,4448.89990234375,470.0
2026-08-18 05:00:00+00:00,4448.7001953125,4449.7998046875,4446.39990234375,4446.60009765625,429.0
2026-08-18 05:15:00+00:00,4446.7998046875,4451.60009765625,4446.5,4447.0,475.0
2026-08-18 05:30:00+00:00,4446.10009765625,4450.2001953125,4441.39990234375,4449.2998046875,1429.0
2026-08-18 05:45:00+00:00,4449.5,4453.2001953125,4448.7998046875,4450.2001953125,762.0
2026-08-18 06:00:00+00:00,4449.39990234375,4451.10009765625,4443.2001953125,4450.89990234375,1531.0
2026-08-18 06:15:00+00:00,4450.7998046875,4455.10009765625,4449.39990234375,4454.89990234375,906.0
2026-08-18 06:30:00+00:00,4454.7001953125,4455.60009765625,4450.5,4452.5,725.0
2026-08-18 06:45:00+00:00,4453.0,4454.7001953125,4452.60009765625,4454.10009765625,619.0
2026-08-18 07:00:00+00:00,4454.2998046875,4456.39990234375,4452.39990234375,4453.2001953125,995.0
2026-08-18 07:15:00+00:00,4453.2001953125,4459.39990234375,4453.2001953125,4459.0,895.0
2026-08-18 07:30:00+00:00,4459.10009765625,4459.5,4452.2998046875,4457.39990234375,1053.0
2026-08-18 07:45:00+00:00,4457.60009765625,4458.5,4451.2001953125,4451.2001953125,470.0
2026-08-18 08:00:00+00:00,4451.60009765625,4451.89990234375,4443.5,4448.2001953125,1688.0
2026-08-18 08:15:00+00:00,4448.5,4449.2001953125,4442.39990234375,4444.89990234375,848.0
2026-08-18 08:30:00+00:00,4444.89990234375,4454.2001953125,4444.89990234375,4452.5,855.0
2026-08-18 08:45:00+00:00,4452.2998046875,4452.2998046875,4447.10009765625,4448.89990234375,659.0
2026-08-18 09:00:00+00:00,4448.7998046875,4449.39990234375,4446.60009765625,4448.39990234375,453.0
2026-08-18 09:15:00+00:00,4448.10009765625,4448.10009765625,4444.2001953125,4444.7001953125,597.0
2026-08-18 09:30:00+00:00,4445.0,4451.10009765625,4443.2001953125,4444.5,1150.0
2026-08-18 09:45:00+00:00,4444.5,4451.2998046875,4443.0,4449.7001953125,718.0
2026-08-18 10:00:00+00:00,4449.7001953125,4452.0,4448.60009765625,4450.7001953125,416.0
2026-08-18 10:15:00+00:00,4450.89990234375,4452.5,4446.10009765625,4448.2998046875,554.0
2026-08-18 10:30:00+00:00,4448.7001953125,4455.2001953125,4448.10009765625,4455.0,652.0
2026-08-18 10:45:00+00:00,4455.2998046875,4456.2001953125,4452.89990234375,4454.39990234375,516.0
2026-08-18 11:00:00+00:00,4454.2001953125,4455.7998046875,4448.2998046875,4450.2001953125,605.0
2026-08-18 11:15:00+00:00,4449.7001953125,4451.10009765625,4445.7998046875,4446.2998046875,600.0
2026-08-18 11:30:00+00:00,4446.2998046875,4448.7998046875,4444.7998046875,4447.2001953125,703.0
2026-08-18 11:45:00+00:00,4447.0,4453.2998046875,4446.39990234375,4452.5,731.0
2026-08-18 12:00:00+00:00,4452.60009765625,4453.39990234375,4445.7998046875,4449.7001953125,1176.0
2026-08-18 12:15:00+00:00,4449.2001953125,4457.2998046875,4447.7998046875,4451.89990234375,2224.0
2026-08-18 12:30:00+00:00,4452.10009765625,4454.7998046875,4447.39990234375,4448.7998046875,1184.0
2026-08-18 12:45:00+00:00,4448.7001953125,4453.60009765625,4447.10009765625,4450.7001953125,1451.0
2026-08-18 13:00:00+00:00,4450.60009765625,4453.7001953125,4444.39990234375,4451.7001953125,2803.0
2026-08-18 13:15:00+00:00,4452.2001953125,4452.39990234375,4444.2001953125,4445.39990234375,2683.0
2026-08-18 13:30:00+00:00,4445.10009765625,4463.0,4430.89990234375,4457.0,7940.0
2026-08-18 13:45:00+00:00,4457.2001953125,4458.2998046875,4445.5,4451.0,3218.0
2026-08-18 14:00:00+00:00,4450.5,4462.7998046875,4447.39990234375,4449.60009765625,4619.0
2026-08-18 14:15:00+00:00,4449.60009765625,4461.39990234375,4448.7001953125,4450.60009765625,2342.0
2026-08-18 14:30:00+00:00,4449.7998046875,4452.5,4434.0,4436.0,5689.0
2026-08-18 14:45:00+00:00,4435.7001953125,4445.39990234375,4419.10009765625,4422.2998046875,6370.0
2026-08-18 15:00:00+00:00,4422.89990234375,4434.10009765625,4412.0,4415.60009765625,5777.0
2026-08-18 15:15:00+00:00,4415.39990234375,4420.7001953125,4406.7998046875,4410.60009765625,5432.0
2026-08-18 15:30:00+00:00,4410.39990234375,4418.0,4409.7998046875,4414.5,3321.0
2026-08-18 15:45:00+00:00,4413.7998046875,4421.89990234375,4413.7998046875,4420.2001953125,2117.0
2026-08-18 16:00:00+00:00,4420.89990234375,4427.0,4420.2998046875,4423.0,1644.0
2026-08-18 16:15:00+00:00,4423.2001953125,4425.10009765625,4418.7001953125,4419.39990234375,1055.0
2026-08-18 16:30:00+00:00,4419.7001953125,4423.7998046875,4418.2998046875,4422.7001953125,1039.0
2026-08-18 16:45:00+00:00,4422.7001953125,4424.10009765625,4417.7998046875,4419.0,1121.0
2026-08-18 17:00:00+00:00,4419.10009765625,4422.60009765625,4418.39990234375,4422.39990234375,1028.0
2026-08-18 17:15:00+00:00,4422.60009765625,4423.7998046875,4418.7001953125,4421.0,1438.0
2026-08-18 17:30:00+00:00,4420.60009765625,4421.7998046875,4414.39990234375,4414.39990234375,1185.0
2026-08-18 17:45:00+00:00,4414.2998046875,4416.10009765625,4412.39990234375,4413.2001953125,1077.0
2026-08-18 18:00:00+00:00,4413.60009765625,4413.60009765625,4408.0,4412.89990234375,1731.0
2026-08-18 18:15:00+00:00,4413.2998046875,4416.5,4410.7998046875,4415.39990234375,680.0
2026-08-18 18:30:00+00:00,4415.60009765625,4415.7998046875,4408.7998046875,4409.39990234375,1028.0
2026-08-18 18:45:00+00:00,4409.5,4411.2001953125,4407.89990234375,4409.39990234375,473.0
2026-08-18 19:00:00+00:00,4409.5,4413.5,4409.2001953125,4412.39990234375,604.0
2026-08-18 19:15:00+00:00,4412.5,4413.7001953125,4407.5,4409.5,1149.0
2026-08-18 19:30:00+00:00,4409.7998046875,4412.39990234375,4404.2001953125,4404.39990234375,1036.0
2026-08-18 19:45:00+00:00,4404.2998046875,4408.2001953125,4392.2998046875,4400.0,4295.0
2026-08-18 20:00:00+00:00,4400.0,4401.2001953125,4395.39990234375,4396.5,761.0
2026-08-18 20:15:00+00:00,4397.10009765625,4397.10009765625,4388.0,4392.7998046875,785.0
2026-08-18 20:30:00+00:00,4392.7998046875,4394.60009765625,4386.60009765625,4387.39990234375,589.0
2026-08-18 20:45:00+00:00,4387.0,4390.2998046875,4383.2998046875,4389.5,984.0
2026-08-18 22:00:00+00:00,4391.39990234375,4395.2998046875,4390.39990234375,4393.7998046875,389.0
2026-08-18 22:15:00+00:00,4393.2001953125,4394.2998046875,4386.5,4389.39990234375,1415.0
2026-08-18 22:30:00+00:00,4389.2998046875,4389.7998046875,4385.7998046875,4386.60009765625,676.0
2026-08-18 22:45:00+00:00,4386.60009765625,4388.7001953125,4386.2001953125,4386.7998046875,341.0
2026-08-18 23:00:00+00:00,4386.89990234375,4391.5,4385.39990234375,4387.10009765625,564.0
2026-08-18 23:15:00+00:00,4386.7998046875,4390.2998046875,4382.5,4383.10009765625,1074.0
2026-08-18 23:30:00+00:00,4382.89990234375,4385.39990234375,4379.60009765625,4382.5,1133.0
2026-08-18 23:45:00+00:00,4383.0,4387.0,4382.2998046875,4386.0,583.0
2026-08-19 00:00:00+00:00,4386.10009765625,4395.0,4384.60009765625,4393.7001953125,1189.0
2026-08-19 00:15:00+00:00,4397.7998046875,4399.39990234375,4392.5,4396.2998046875,1481.0
2026-08-19 00:30:00+00:00,4396.39990234375,4401.0,4392.89990234375,4397.2001953125,1185.0
2026-08-19 00:45:00+00:00,4398.0,4398.60009765625,4390.7001953125,4391.7998046875,919.0
2026-08-19 01:00:00+00:00,4391.10009765625,4397.60009765625,4378.0,4397.39990234375,3597.0
2026-08-19 01:15:00+00:00,4397.7998046875,4400.0,4386.39990234375,4391.0,1484.0
2026-08-19 01:30:00+00:00,4396.5,4411.10009765625,4396.5,4409.39990234375,2587.0
2026-08-19 01:45:00+00:00,4409.0,4410.2001953125,4404.10009765625,4410.2001953125,1218.0
2026-08-19 02:00:00+00:00,4410.0,4410.89990234375,4405.0,4407.0,1283.0
2026-08-19 02:15:00+00:00,4407.2001953125,4415.7998046875,4406.0,4413.39990234375,1652.0
2026-08-19 02:30:00+00:00,4413.60009765625,4413.89990234375,4407.7001953125,4408.60009765625,1312.0
2026-08-19 02:45:00+00:00,4408.7998046875,4410.39990234375,4405.0,4408.5,749.0
2026-08-19 03:00:00+00:00,4408.39990234375,4409.89990234375,4405.39990234375,4407.7001953125,627.0
2026-08-19 03:15:00+00:00,4408.10009765625,4411.7998046875,4405.2998046875,4410.7998046875,613.0
2026-08-19 03:30:00+00:00,4411.10009765625,4414.10009765625,4409.7998046875,4412.60009765625,483.0
2026-08-19 03:45:00+00:00,4412.60009765625,4413.0,4409.0,4409.0,219.0
2026-08-19 04:00:00+00:00,4408.89990234375,4409.60009765625,4406.89990234375,4407.89990234375,308.0
2026-08-19 04:15:00+00:00,4407.89990234375,4408.0,4403.2001953125,4404.2001953125,807.0
2026-08-19 04:30:00+00:00,4405.2001953125,4405.2998046875,4398.2001953125,4399.7998046875,889.0
2026-08-19 04:45:00+00:00,4399.39990234375,4401.7998046875,4396.5,4401.7998046875,718.0
2026-08-19 05:00:00+00:00,4401.7001953125,4404.2001953125,4391.89990234375,4392.2001953125,834.0
2026-08-19 05:15:00+00:00,4392.39990234375,4399.10009765625,4390.10009765625,4398.89990234375,1078.0
2026-08-19 05:30:00+00:00,4399.10009765625,4399.2998046875,4390.2998046875,4395.7998046875,1604.0
2026-08-19 05:45:00+00:00,4395.2998046875,4395.39990234375,4388.2001953125,4389.0,1418.0
2026-08-19 06:00:00+00:00,4389.2998046875,4395.2998046875,4388.7001953125,4390.7998046875,1224.0
2026-08-19 06:15:00+00:00,4390.60009765625,4401.89990234375,4390.2001953125,4396.2998046875,1806.0
2026-08-19 06:30:00+00:00,4396.60009765625,4399.2998046875,4390.7998046875,4395.39990234375,1416.0
2026-08-19 06:45:00+00:00,4395.5,4403.10009765625,4394.2998046875,4402.89990234375,1148.0
2026-08-19 07:00:00+00:00,4402.7998046875,4407.60009765625,4401.10009765625,4404.2998046875,1280.0
2026-08-19 07:15:00+00:00,4403.7998046875,4410.7998046875,4401.10009765625,4410.5,1562.0
2026-08-19 07:30:00+00:00,4410.39990234375,4417.2001953125,4406.5,4408.2001953125,1483.0
2026-08-19 07:45:00+00:00,4408.10009765625,4411.39990234375,4408.10009765625,4408.2998046875,610.0
2026-08-19 08:00:00+00:00,4408.39990234375,4416.39990234375,4404.7998046875,4415.2001953125,1917.0
2026-08-19 08:15:00+00:00,4415.2998046875,4416.10009765625,4411.10009765625,4414.39990234375,649.0
2026-08-19 08:30:00+00:00,4414.2001953125,4417.2001953125,4410.2998046875,4416.39990234375,688.0
2026-08-19 08:45:00+00:00,4416.2998046875,4417.2001953125,4408.7001953125,4409.7001953125,959.0
2026-08-19 09:00:00+00:00,4409.7001953125,4413.89990234375,4409.0,4410.2998046875,739.0
2026-08-19 09:15:00+00:00,4410.10009765625,4411.60009765625,4407.39990234375,4410.60009765625,809.0
2026-08-19 09:30:00+00:00,4410.7001953125,4415.39990234375,4409.5,4413.2998046875,774.0
2026-08-19 09:45:00+00:00,4413.2998046875,4416.39990234375,4412.5,4416.39990234375,707.0
2026-08-19 10:00:00+00:00,4416.5,4418.7998046875,4413.7998046875,4418.39990234375,909.0
2026-08-19 10:15:00+00:00,4418.10009765625,4423.7998046875,4418.10009765625,4423.2001953125,1208.0
2026-08-19 10:30:00+00:00,4423.5,4424.10009765625,4420.39990234375,4422.5,791.0
2026-08-19 10:45:00+00:00,4422.7998046875,4424.10009765625,4421.0,4422.2001953125,375.0
2026-08-19 11:00:00+00:00,4422.39990234375,4428.89990234375,4422.2001953125,4428.10009765625,1242.0
2026-08-19 11:15:00+00:00,4428.39990234375,4429.10009765625,4423.60009765625,4425.7998046875,773.0
2026-08-19 11:30:00+00:00,4425.7998046875,4426.5,4417.7001953125,4418.39990234375,1158.0
2026-08-19 11:45:00+00:00,4418.0,4422.2998046875,4418.0,4419.10009765625,882.0
2026-08-19 12:00:00+00:00,4419.7001953125,4425.5,4417.0,4423.10009765625,1286.0
2026-08-19 12:15:00+00:00,4423.2001953125,4428.39990234375,4420.7001953125,4423.89990234375,1979.0
2026-08-19 12:30:00+00:00,4424.2998046875,4476.89990234375,4423.39990234375,4473.7001953125,15887.0
2026-08-19 12:45:00+00:00,4474.60009765625,4499.7998046875,4468.0,4496.2998046875,16905.0
2026-08-19 13:00:00+00:00,4496.0,4518.7998046875,4480.7998046875,4513.39990234375,14438.0
2026-08-19 13:15:00+00:00,4513.7998046875,4521.7998046875,4512.39990234375,4516.0,9462.0
2026-08-19 13:30:00+00:00,4516.2001953125,4524.0,4500.7998046875,4519.10009765625,11693.0
2026-08-19 13:45:00+00:00,4518.7998046875,4521.60009765625,4502.39990234375,4518.0,6655.0
2026-08-19 14:00:00+00:00,4517.60009765625,4533.7998046875,4513.5,4532.0,7693.0
2026-08-19 14:15:00+00:00,4530.89990234375,4546.2998046875,4528.39990234375,4544.2001953125,9751.0
2026-08-19 14:30:00+00:00,4544.39990234375,4557.60009765625,4542.2998046875,4548.60009765625,12270.0
2026-08-19 14:45:00+00:00,4548.39990234375,4548.60009765625,4536.89990234375,4547.0,5984.0
2026-08-19 15:00:00+00:00,4546.7001953125,4547.0,4538.39990234375,4544.10009765625,5252.0
2026-08-19 15:15:00+00:00,4544.10009765625,4546.2001953125,4536.5,4541.89990234375,3545.0
2026-08-19 15:30:00+00:00,4541.89990234375,4551.5,4538.5,4548.7001953125,2618.0
2026-08-19 15:45:00+00:00,4548.39990234375,4552.7998046875,4546.89990234375,4552.2001953125,3482.0
2026-08-19 16:00:00+00:00,4552.2001953125,4557.2001953125,4549.5,4555.89990234375,3749.0
2026-08-19 16:15:00+00:00,4556.0,4557.5,4548.5,4548.7001953125,2562.0
2026-08-19 16:30:00+00:00,4549.10009765625,4554.2998046875,4548.39990234375,4553.2998046875,1702.0
2026-08-19 16:45:00+00:00,4552.7001953125,4555.7001953125,4550.89990234375,4551.0,1379.0
2026-08-19 17:00:00+00:00,4551.39990234375,4557.0,4546.39990234375,4550.10009765625,3691.0
2026-08-19 17:15:00+00:00,4550.2998046875,4550.2998046875,4544.0,4545.60009765625,3589.0
2026-08-19 17:30:00+00:00,4546.0,4549.2001953125,4541.89990234375,4546.60009765625,1364.0
2026-08-19 17:45:00+00:00,4546.2001953125,4547.39990234375,4542.0,4544.7001953125,1054.0
2026-08-19 18:00:00+00:00,4545.2001953125,4554.60009765625,4543.39990234375,4546.2998046875,2945.0
2026-08-19 18:15:00+00:00,4546.10009765625,4546.2001953125,4531.10009765625,4533.7998046875,4949.0
2026-08-19 18:30:00+00:00,4533.89990234375,4550.0,4530.39990234375,4548.7001953125,6779.0
2026-08-19 18:45:00+00:00,4548.60009765625,4556.0,4547.5,4552.7998046875,1770.0
2026-08-19 19:00:00+00:00,4553.2998046875,4564.10009765625,4552.2998046875,4561.60009765625,3292.0
2026-08-19 19:15:00+00:00,4561.5,4566.0,4560.7998046875,4565.0,2156.0
2026-08-19 19:30:00+00:00,4565.0,4568.89990234375,4559.10009765625,4564.5,3071.0
2026-08-19 19:45:00+00:00,4564.5,4569.60009765625,4562.60009765625,4568.2998046875,2029.0
2026-08-19 20:00:00+00:00,4568.5,4569.5,4562.7998046875,4564.5,1225.0
2026-08-19 20:15:00+00:00,4564.7001953125,4580.2998046875,4564.2001953125,4576.7001953125,3149.0
2026-08-19 20:30:00+00:00,4576.7001953125,4582.2001953125,4576.2001953125,4577.2998046875,1004.0
2026-08-19 20:45:00+00:00,4578.2998046875,4582.7998046875,4577.89990234375,4580.7001953125,916.0
2026-08-19 22:00:00+00:00,4581.2998046875,4583.7998046875,4576.39990234375,4577.60009765625,361.0
2026-08-19 22:15:00+00:00,4577.5,4578.7001953125,4576.2001953125,4578.0,467.0
2026-08-19 22:30:00+00:00,4577.7001953125,4579.0,4574.7998046875,4575.7001953125,679.0
2026-08-19 22:45:00+00:00,4575.60009765625,4579.2001953125,4573.5,4575.89990234375,579.0
2026-08-19 23:00:00+00:00,4576.2998046875,4581.2001953125,4574.7998046875,4577.0,750.0
2026-08-19 23:15:00+00:00,4576.5,4577.60009765625,4573.10009765625,4574.7998046875,556.0
2026-08-19 23:30:00+00:00,4575.10009765625,4575.5,4570.7001953125,4571.60009765625,604.0
2026-08-19 23:45:00+00:00,4571.89990234375,4574.89990234375,4568.39990234375,4569.2001953125,644.0
2026-08-20 00:00:00+00:00,4568.7998046875,4576.2998046875,4567.7001953125,4573.7998046875,806.0
2026-08-20 00:15:00+00:00,4574.0,4578.60009765625,4565.7998046875,4567.7998046875,1101.0
2026-08-20 00:30:00+00:00,4566.89990234375,4570.39990234375,4560.2001953125,4563.60009765625,1201.0
2026-08-20 00:45:00+00:00,4563.39990234375,4567.89990234375,4561.39990234375,4561.89990234375,1154.0
2026-08-20 01:00:00+00:00,4562.0,4567.89990234375,4549.39990234375,4551.0,3716.0
2026-08-20 01:15:00+00:00,4551.2998046875,4561.10009765625,4550.89990234375,4558.39990234375,1515.0
2026-08-20 01:30:00+00:00,4557.2001953125,4559.0,4551.0,4551.2998046875,1116.0
2026-08-20 01:45:00+00:00,4551.5,4553.0,4542.10009765625,4547.39990234375,2391.0
2026-08-20 02:00:00+00:00,4547.2001953125,4557.60009765625,4546.10009765625,4555.5,1790.0
2026-08-20 02:15:00+00:00,4555.2998046875,4555.60009765625,4547.10009765625,4550.60009765625,975.0
2026-08-20 02:30:00+00:00,4550.2998046875,4552.10009765625,4547.60009765625,4548.2001953125,836.0
2026-08-20 02:45:00+00:00,4547.89990234375,4552.0,4546.5,4548.10009765625,795.0
2026-08-20 03:00:00+00:00,4548.2001953125,4554.5,4545.7001953125,4550.10009765625,799.0
2026-08-20 03:15:00+00:00,4549.89990234375,4554.2001953125,4547.89990234375,4551.10009765625,788.0
2026-08-20 03:30:00+00:00,4550.7998046875,4556.7001953125,4550.0,4555.7001953125,831.0
2026-08-20 03:45:00+00:00,4555.60009765625,4558.7998046875,4554.7998046875,4555.7001953125,614.0
2026-08-20 04:00:00+00:00,4556.39990234375,4556.60009765625,4552.39990234375,4553.60009765625,966.0
2026-08-20 04:15:00+00:00,4553.60009765625,4554.2998046875,4547.10009765625,4547.2998046875,701.0
2026-08-20 04:30:00+00:00,4547.2001953125,4548.2998046875,4543.39990234375,4544.39990234375,809.0
2026-08-20 04:45:00+00:00,4544.2998046875,4549.10009765625,4544.10009765625,4546.10009765625,479.0
2026-08-20 05:00:00+00:00,4546.0,4551.39990234375,4541.5,4542.89990234375,759.0
2026-08-20 05:15:00+00:00,4542.89990234375,4544.5,4540.0,4540.5,959.0
2026-08-20 05:30:00+00:00,4540.0,4543.10009765625,4535.2001953125,4537.7998046875,1289.0
2026-08-20 05:45:00+00:00,4537.89990234375,4540.5,4534.7998046875,4538.5,799.0
2026-08-20 06:00:00+00:00,4538.60009765625,4550.7001953125,4537.2001953125,4550.10009765625,1981.0
2026-08-20 06:15:00+00:00,4550.39990234375,4553.5,4549.10009765625,4551.2998046875,1749.0
2026-08-20 06:30:00+00:00,4551.10009765625,4553.0,4549.5,4550.10009765625,994.0
2026-08-20 06:45:00+00:00,4550.39990234375,4553.0,4548.5,4550.7998046875,1300.0
2026-08-20 07:00:00+00:00,4550.89990234375,4551.0,4543.89990234375,4544.5,1258.0
2026-08-20 07:15:00+00:00,4544.39990234375,4547.10009765625,4540.10009765625,4540.5,1078.0
2026-08-20 07:30:00+00:00,4540.7998046875,4550.2001953125,4540.10009765625,4547.89990234375,1520.0
2026-08-20 07:45:00+00:00,4547.5,4552.7001953125,4545.2998046875,4547.60009765625,1017.0
2026-08-20 08:00:00+00:00,4547.89990234375,4552.2998046875,4547.60009765625,4551.39990234375,1451.0
2026-08-20 08:15:00+00:00,4551.10009765625,4555.89990234375,4547.0,4548.5,1781.0
2026-08-20 08:30:00+00:00,4548.2998046875,4552.39990234375,4543.89990234375,4547.39990234375,1656.0
2026-08-20 08:45:00+00:00,4547.2998046875,4549.0,4544.39990234375,4546.10009765625,642.0
2026-08-20 09:00:00+00:00,4546.2001953125,4551.0,4545.2001953125,4549.10009765625,857.0
2026-08-20 09:15:00+00:00,4549.0,4550.5,4544.7001953125,4546.7998046875,959.0
2026-08-20 09:30:00+00:00,4546.5,4547.2001953125,4541.0,4545.7001953125,1517.0
2026-08-20 09:45:00+00:00,4545.60009765625,4545.60009765625,4538.2001953125,4538.89990234375,1216.0
2026-08-20 10:00:00+00:00,4538.60009765625,4547.7998046875,4537.0,4547.10009765625,1317.0
2026-08-20 10:15:00+00:00,4547.39990234375,4550.5,4542.60009765625,4550.39990234375,1322.0
2026-08-20 10:30:00+00:00,4550.2998046875,4552.5,4546.5,4547.5,1062.0
2026-08-20 10:45:00+00:00,4547.7001953125,4547.7001953125,4543.7998046875,4546.39990234375,481.0
2026-08-20 11:00:00+00:00,4546.7001953125,4547.89990234375,4539.39990234375,4541.7998046875,2431.0
2026-08-20 11:15:00+00:00,4541.7001953125,4546.2998046875,4537.60009765625,4540.7998046875,1190.0
2026-08-20 11:30:00+00:00,4541.10009765625,4543.2001953125,4530.10009765625,4530.89990234375,2783.0
2026-08-20 11:45:00+00:00,4530.7998046875,4531.89990234375,4521.2001953125,4523.10009765625,4265.0
2026-08-20 12:00:00+00:00,4523.2998046875,4523.39990234375,4506.2001953125,4518.0,6730.0
2026-08-20 12:15:00+00:00,4517.7998046875,4523.39990234375,4512.2001953125,4514.2998046875,3412.0
2026-08-20 12:30:00+00:00,4514.89990234375,4522.2998046875,4506.0,4522.2998046875,4151.0
2026-08-20 12:45:00+00:00,4521.89990234375,4532.2998046875,4519.0,4529.7998046875,3229.0
2026-08-20 13:00:00+00:00,4530.39990234375,4539.60009765625,4526.7001953125,4527.89990234375,3783.0
2026-08-20 13:15:00+00:00,4528.2001953125,4531.89990234375,4525.0,4526.7001953125,1933.0
2026-08-20 13:30:00+00:00,4527.7001953125,4543.0,4524.10009765625,4541.89990234375,6310.0
2026-08-20 13:45:00+00:00,4541.60009765625,4544.39990234375,4534.2998046875,4536.89990234375,3925.0
2026-08-20 14:00:00+00:00,4537.39990234375,4545.89990234375,4535.7998046875,4541.0,5076.0
2026-08-20 14:15:00+00:00,4541.0,4549.89990234375,4537.39990234375,4547.39990234375,4242.0
2026-08-20 14:30:00+00:00,4547.60009765625,4556.89990234375,4547.5,4555.10009765625,3868.0
2026-08-20 14:45:00+00:00,4554.89990234375,4572.0,4554.5,4571.7001953125,5774.0
2026-08-20 15:00:00+00:00,4571.7998046875,4593.7001953125,4570.7001953125,4591.10009765625,15749.0
2026-08-20 15:15:00+00:00,4591.2001953125,4597.10009765625,4579.2001953125,4588.60009765625,7647.0
2026-08-20 15:30:00+00:00,4588.39990234375,4590.0,4563.5,4567.60009765625,6361.0
2026-08-20 15:45:00+00:00,4567.5,4579.7998046875,4566.7998046875,4577.2998046875,3045.0
2026-08-20 16:00:00+00:00,4578.10009765625,4580.7001953125,4566.2001953125,4567.10009765625,2287.0
2026-08-20 16:15:00+00:00,4567.0,4569.2001953125,4561.39990234375,4565.60009765625,1907.0
2026-08-20 16:30:00+00:00,4565.89990234375,4569.2998046875,4559.2001953125,4565.7001953125,2215.0
2026-08-20 16:45:00+00:00,4565.60009765625,4570.60009765625,4563.89990234375,4566.7001953125,2065.0
2026-08-20 17:00:00+00:00,4566.7998046875,4570.89990234375,4564.10009765625,4565.7998046875,1622.0
2026-08-20 17:15:00+00:00,4565.60009765625,4573.39990234375,4564.2998046875,4569.60009765625,3055.0
2026-08-20 17:30:00+00:00,4569.7001953125,4575.2001953125,4567.2998046875,4574.89990234375,1314.0
2026-08-20 17:45:00+00:00,4574.7001953125,4576.89990234375,4573.60009765625,4576.0,705.0
2026-08-20 18:00:00+00:00,4576.0,4578.7998046875,4565.2998046875,4567.2998046875,2054.0
2026-08-20 18:15:00+00:00,4567.39990234375,4576.60009765625,4564.7001953125,4575.89990234375,1220.0
2026-08-20 18:30:00+00:00,4575.2998046875,4579.7001953125,4575.0,4576.5,761.0
2026-08-20 18:45:00+00:00,4576.60009765625,4581.7001953125,4574.10009765625,4578.7001953125,1503.0
2026-08-20 19:00:00+00:00,4578.5,4584.60009765625,4574.7001953125,4584.2001953125,840.0
2026-08-20 19:15:00+00:00,4584.2001953125,4585.89990234375,4579.10009765625,4579.2001953125,995.0
2026-08-20 19:30:00+00:00,4579.0,4585.7001953125,4578.2001953125,4582.39990234375,834.0
2026-08-20 19:45:00+00:00,4582.39990234375,4588.0,4581.0,4585.10009765625,1521.0
2026-08-20 20:00:00+00:00,4584.7998046875,4585.2001953125,4578.7998046875,4578.89990234375,675.0
2026-08-20 20:15:00+00:00,4578.7001953125,4579.0,4576.7001953125,4577.10009765625,415.0
2026-08-20 20:30:00+00:00,4577.10009765625,4577.2001953125,4573.0,4574.39990234375,434.0
2026-08-20 20:45:00+00:00,4574.60009765625,4577.2998046875,4574.0,4575.10009765625,505.0
2026-08-20 22:00:00+00:00,4574.60009765625,4577.7001953125,4571.0,4574.60009765625,216.0
2026-08-20 22:15:00+00:00,4574.89990234375,4576.7998046875,4574.0,4575.39990234375,390.0
2026-08-20 22:30:00+00:00,4575.60009765625,4579.7998046875,4574.39990234375,4578.7001953125,610.0
2026-08-20 22:45:00+00:00,4578.89990234375,4580.2001953125,4575.5,4580.2001953125,686.0
2026-08-20 23:00:00+00:00,4579.89990234375,4589.0,4579.39990234375,4587.60009765625,1363.0
2026-08-20 23:15:00+00:00,4587.5,4588.39990234375,4578.5,4583.10009765625,974.0
2026-08-20 23:30:00+00:00,4582.89990234375,4584.5,4577.10009765625,4580.7998046875,785.0
2026-08-20 23:45:00+00:00,4580.89990234375,4584.2998046875,4579.2001953125,4582.2001953125,310.0
2026-08-21 00:00:00+00:00,4582.2998046875,4583.7001953125,4573.7998046875,4575.10009765625,808.0
2026-08-21 00:15:00+00:00,4574.89990234375,4577.39990234375,4570.39990234375,4571.2998046875,857.0
2026-08-21 00:30:00+00:00,4571.7001953125,4573.89990234375,4567.39990234375,4570.39990234375,929.0
2026-08-21 00:45:00+00:00,4570.7001953125,4570.89990234375,4566.2998046875,4567.2001953125,540.0
2026-08-21 01:00:00+00:00,4567.39990234375,4577.7001953125,4565.5,4577.39990234375,1669.0
2026-08-21 01:15:00+00:00,4577.5,4587.2998046875,4577.0,4586.39990234375,1337.0
2026-08-21 01:30:00+00:00,4585.89990234375,4600.2998046875,4579.7998046875,4582.39990234375,3205.0
2026-08-21 01:45:00+00:00,4582.60009765625,4589.60009765625,4581.7998046875,4587.0,930.0
2026-08-21 02:00:00+00:00,4586.7001953125,4587.5,4574.0,4576.2998046875,2296.0
2026-08-21 02:15:00+00:00,4577.2001953125,4585.2998046875,4576.10009765625,4583.2998046875,704.0
2026-08-21 02:30:00+00:00,4584.0,4594.0,4581.2998046875,4593.7001953125,1128.0
2026-08-21 02:45:00+00:00,4594.10009765625,4599.2001953125,4588.7001953125,4590.0,1432.0
2026-08-21 03:00:00+00:00,4590.0,4594.7001953125,4588.2001953125,4588.89990234375,624.0
2026-08-21 03:15:00+00:00,4588.89990234375,4591.2001953125,4585.7001953125,4585.89990234375,584.0
2026-08-21 03:30:00+00:00,4585.89990234375,4591.7998046875,4582.60009765625,4585.0,770.0
2026-08-21 03:45:00+00:00,4585.2001953125,4590.89990234375,4584.2001953125,4590.89990234375,487.0
2026-08-21 04:00:00+00:00,4591.5,4598.5,4591.2001953125,4596.60009765625,983.0
2026-08-21 04:15:00+00:00,4596.39990234375,4603.89990234375,4594.0,4603.2001953125,1684.0
2026-08-21 04:30:00+00:00,4603.60009765625,4604.39990234375,4597.0,4598.10009765625,1121.0
2026-08-21 04:45:00+00:00,4598.0,4598.7001953125,4596.2998046875,4596.7998046875,244.0
2026-08-21 05:00:00+00:00,4596.39990234375,4596.89990234375,4590.89990234375,4593.60009765625,1069.0
2026-08-21 05:15:00+00:00,4594.10009765625,4595.0,4586.7001953125,4586.7001953125,1090.0
2026-08-21 05:30:00+00:00,4586.5,4599.7001953125,4585.39990234375,4599.39990234375,1168.0
2026-08-21 05:45:00+00:00,4599.60009765625,4612.39990234375,4597.7998046875,4609.7001953125,2579.0
2026-08-21 06:00:00+00:00,4609.7998046875,4611.5,4601.7998046875,4605.2001953125,1421.0
2026-08-21 06:15:00+00:00,4606.39990234375,4615.10009765625,4605.39990234375,4612.2001953125,2696.0
2026-08-21 06:30:00+00:00,4611.7998046875,4622.7998046875,4611.2998046875,4619.5,3167.0
2026-08-21 06:45:00+00:00,4620.5,4624.7001953125,4617.7998046875,4617.89990234375,1850.0
2026-08-21 07:00:00+00:00,4618.0,4623.0,4615.39990234375,4618.39990234375,2020.0
2026-08-21 07:15:00+00:00,4618.60009765625,4624.7998046875,4616.7001953125,4618.60009765625,1504.0
2026-08-21 07:30:00+00:00,4618.5,4623.5,4617.0,4621.10009765625,1184.0
2026-08-21 07:45:00+00:00,4621.2998046875,4625.0,4617.89990234375,4621.10009765625,1181.0
2026-08-21 08:00:00+00:00,4621.39990234375,4625.0,4615.7998046875,4622.2998046875,2092.0
2026-08-21 08:15:00+00:00,4622.7998046875,4638.89990234375,4620.7998046875,4636.39990234375,4197.0
2026-08-21 08:30:00+00:00,4637.0,4641.2001953125,4633.5,4639.5,2821.0
2026-08-21 08:45:00+00:00,4639.5,4642.0,4637.0,4641.0,1230.0
2026-08-21 09:00:00+00:00,4641.10009765625,4659.0,4638.89990234375,4656.7998046875,5545.0
2026-08-21 09:15:00+00:00,4656.60009765625,4659.39990234375,4638.2998046875,4639.60009765625,4033.0
2026-08-21 09:30:00+00:00,4639.2998046875,4644.2998046875,4638.10009765625,4640.39990234375,2329.0
2026-08-21 09:45:00+00:00,4640.2998046875,4642.7998046875,4637.60009765625,4639.7001953125,1929.0
2026-08-21 10:00:00+00:00,4639.39990234375,4646.0,4634.5,4635.7001953125,2848.0
2026-08-21 10:15:00+00:00,4636.0,4646.39990234375,4635.2998046875,4645.60009765625,1747.0
2026-08-21 10:30:00+00:00,4645.7998046875,4651.60009765625,4642.7001953125,4650.39990234375,1288.0
2026-08-21 10:45:00+00:00,4650.39990234375,4650.7001953125,4645.0,4645.7998046875,1398.0
2026-08-21 11:00:00+00:00,4645.5,4652.7998046875,4644.2998046875,4647.5,1410.0
2026-08-21 11:15:00+00:00,4648.2001953125,4659.2998046875,4648.2001953125,4655.7001953125,2469.0
2026-08-21 11:30:00+00:00,4655.89990234375,4661.7001953125,4650.2998046875,4654.2998046875,2368.0
2026-08-21 11:45:00+00:00,4654.2998046875,4657.7001953125,4653.0,4654.10009765625,1700.0
2026-08-21 12:00:00+00:00,4654.39990234375,4659.10009765625,4646.5,4650.0,3768.0
2026-08-21 12:15:00+00:00,4650.10009765625,4653.2001953125,4638.0,4642.2001953125,4315.0
2026-08-21 12:30:00+00:00,4642.0,4642.0,4620.5,4630.5,6862.0
2026-08-21 12:45:00+00:00,4630.2998046875,4637.89990234375,4630.2001953125,4634.7001953125,3248.0
2026-08-21 13:00:00+00:00,4634.7998046875,4643.89990234375,4632.5,4642.0,3078.0
2026-08-21 13:15:00+00:00,4642.5,4644.7001953125,4635.89990234375,4640.89990234375,1705.0
2026-08-21 13:30:00+00:00,4641.5,4647.89990234375,4630.0,4644.89990234375,5054.0
2026-08-21 13:45:00+00:00,4644.60009765625,4650.2001953125,4633.7998046875,4638.2998046875,5223.0
2026-08-21 14:00:00+00:00,4638.0,4647.7998046875,4637.0,4646.2998046875,3544.0
2026-08-21 14:15:00+00:00,4646.39990234375,4659.7998046875,4642.89990234375,4659.5,4530.0
2026-08-21 14:30:00+00:00,4659.7998046875,4660.2001953125,4636.5,4639.0,6392.0
2026-08-21 14:45:00+00:00,4639.10009765625,4652.0,4637.0,4648.10009765625,3410.0
2026-08-21 15:00:00+00:00,4648.5,4655.10009765625,4644.10009765625,4652.2001953125,2968.0
2026-08-21 15:15:00+00:00,4652.2998046875,4665.5,4652.0,4660.5,4286.0
2026-08-21 15:30:00+00:00,4660.2001953125,4668.2001953125,4657.0,4666.89990234375,3172.0
2026-08-21 15:45:00+00:00,4667.2001953125,4673.0,4664.2001953125,4672.0,2954.0
2026-08-21 16:00:00+00:00,4672.10009765625,4675.0,4666.2998046875,4672.10009765625,2676.0
2026-08-21 16:15:00+00:00,4672.10009765625,4678.39990234375,4667.7998046875,4671.60009765625,2561.0
2026-08-21 16:30:00+00:00,4671.7998046875,4679.60009765625,4669.7998046875,4678.89990234375,2532.0
2026-08-21 16:45:00+00:00,4679.0,4687.2001953125,4678.39990234375,4686.60009765625,3016.0
2026-08-21 17:00:00+00:00,4686.7001953125,4690.39990234375,4679.7001953125,4681.39990234375,4827.0
2026-08-21 17:15:00+00:00,4681.2998046875,4684.2001953125,4673.39990234375,4680.10009765625,5746.0
2026-08-21 17:30:00+00:00,4680.39990234375,4683.10009765625,4676.89990234375,4677.7001953125,2164.0
2026-08-21 17:45:00+00:00,4678.0,4680.7001953125,4675.10009765625,4678.7998046875,1959.0
2026-08-21 18:00:00+00:00,4679.0,4685.89990234375,4678.60009765625,4682.5,1269.0
2026-08-21 18:15:00+00:00,4682.5,4686.10009765625,4682.5,4683.5,615.0
2026-08-21 18:30:00+00:00,4683.2001953125,4683.2998046875,4677.5,4678.5,1730.0
2026-08-21 18:45:00+00:00,4678.7998046875,4684.0,4678.7998046875,4681.7998046875,1338.0
2026-08-21 19:00:00+00:00,4682.2001953125,4683.10009765625,4675.89990234375,4680.0,1163.0
2026-08-21 19:15:00+00:00,4680.2001953125,4680.39990234375,4675.2998046875,4675.60009765625,951.0
2026-08-21 19:30:00+00:00,4675.2998046875,4676.89990234375,4673.0,4675.39990234375,990.0
2026-08-21 19:45:00+00:00,4675.39990234375,4680.60009765625,4673.0,4674.7001953125,1568.0
2026-08-21 20:00:00+00:00,4674.60009765625,4675.39990234375,4672.60009765625,4674.60009765625,599.0
2026-08-21 20:15:00+00:00,4674.39990234375,4675.0,4667.60009765625,4668.0,586.0
2026-08-21 20:30:00+00:00,4668.0,4669.60009765625,4665.39990234375,4665.7998046875,410.0
2026-08-21 20:45:00+00:00,4666.39990234375,4680.60009765625,4661.0,4680.60009765625,653.0
2026-08-21 20:59:58+00:00,4680.60009765625,4680.60009765625,4680.60009765625,4680.60009765625,0.0
