datetime,open,high,low,close,volume
2026-06-01 23:00:00+00:00,159.66099548339844,159.66099548339844,159.6300048828125,159.64999389648438,0.0
2026-06-01 23:15:00+00:00,159.64300537109375,159.656005859375,159.63099670410156,159.64599609375,0.0
2026-06-01 23:30:00+00:00,159.64100646972656,159.65699768066406,159.61099243164062,159.6300048828125,0.0
2026-06-01 23:45:00+00:00,159.62600708007812,159.656005859375,159.6179962158203,159.63499450683594,0.0
2026-06-02 00:00:00+00:00,159.63499450683594,159.6739959716797,159.62899780273438,159.66299438476562,0.0
2026-06-02 00:15:00+00:00,159.66400146484375,159.68600463867188,159.65899658203125,159.6820068359375,0.0
2026-06-02 00:30:00+00:00,159.67599487304688,159.71200561523438,159.66000366210938,159.697998046875,0.0
2026-06-02 00:45:00+00:00,159.69000244140625,159.7270050048828,159.656005859375,159.66000366210938,0.0
2026-06-02 01:00:00+00:00,159.65699768066406,159.68600463867188,159.6300048828125,159.64199829101562,0.0
2026-06-02 01:15:00+00:00,159.63999938964844,159.68899536132812,159.63499450683594,159.67599487304688,0.0
2026-06-02 01:30:00+00:00,159.66700744628906,159.68899536132812,159.64999389648438,159.6699981689453,0.0
2026-06-02 01:45:00+00:00,159.6699981689453,159.7239990234375,159.66900634765625,159.70700073242188,0.0
2026-06-02 02:00:00+00:00,159.70799255371094,159.7100067138672,159.68499755859375,159.6909942626953,0.0
2026-06-02 02:15:00+00:00,159.69000244140625,159.70799255371094,159.67599487304688,159.69000244140625,0.0
2026-06-02 02:30:00+00:00,159.68800354003906,159.72300720214844,159.67100524902344,159.71400451660156,0.0
2026-06-02 02:45:00+00:00,159.71299743652344,159.7209930419922,159.697998046875,159.70700073242188,0.0
2026-06-02 03:00:00+00:00,159.71499633789062,159.718994140625,159.68299865722656,159.68600463867188,0.0
2026-06-02 03:15:00+00:00,159.69400024414062,159.7209930419922,159.6909942626953,159.7100067138672,0.0
2026-06-02 03:30:00+00:00,159.7030029296875,159.71099853515625,159.67999267578125,159.7100067138672,0.0
2026-06-02 03:45:00+00:00,159.70399475097656,159.7239990234375,159.6999969482422,159.72000122070312,0.0
2026-06-02 04:00:00+00:00,159.71299743652344,159.72300720214844,159.70399475097656,159.718994140625,0.0
2026-06-02 04:15:00+00:00,159.718994140625,159.72799682617188,159.7050018310547,159.71499633789062,0.0
2026-06-02 04:30:00+00:00,159.71400451660156,159.72799682617188,159.70599365234375,159.71099853515625,0.0
2026-06-02 04:45:00+00:00,159.718994140625,159.72999572753906,159.70399475097656,159.7209930419922,0.0
2026-06-02 05:00:00+00:00,159.7209930419922,159.72999572753906,159.70599365234375,159.70599365234375,0.0
2026-06-02 05:15:00+00:00,159.7100067138672,159.72999572753906,159.70599365234375,159.72900390625,0.0
2026-06-02 05:30:00+00:00,159.7220001220703,159.73899841308594,159.71800231933594,159.7220001220703,0.0
2026-06-02 05:45:00+00:00,159.7220001220703,159.7429962158203,159.71800231933594,159.74099731445312,0.0
2026-06-02 06:00:00+00:00,159.73399353027344,159.7429962158203,159.6999969482422,159.70899963378906,0.0
2026-06-02 06:15:00+00:00,159.70899963378906,159.72000122070312,159.67999267578125,159.70199584960938,0.0
2026-06-02 06:30:00+00:00,159.697998046875,159.73599243164062,159.6820068359375,159.73199462890625,0.0
2026-06-02 06:45:00+00:00,159.72999572753906,159.7480010986328,159.68499755859375,159.69700622558594,0.0
2026-06-02 07:00:00+00:00,159.69700622558594,159.72500610351562,159.69000244140625,159.70599365234375,0.0
2026-06-02 07:15:00+00:00,159.70599365234375,159.7220001220703,159.69400024414062,159.71800231933594,0.0
2026-06-02 07:30:00+00:00,159.7169952392578,159.72799682617188,159.69500732421875,159.71400451660156,0.0
2026-06-02 07:45:00+00:00,159.71200561523438,159.7220001220703,159.68499755859375,159.68899536132812,0.0
2026-06-02 08:00:00+00:00,159.6929931640625,159.69900512695312,159.64700317382812,159.68499755859375,0.0
2026-06-02 08:15:00+00:00,159.68499755859375,159.7270050048828,159.6719970703125,159.7220001220703,0.0
2026-06-02 08:30:00+00:00,159.7220001220703,159.73800659179688,159.6999969482422,159.72300720214844,0.0
2026-06-02 08:45:00+00:00,159.7239990234375,159.74600219726562,159.71099853515625,159.7429962158203,0.0
2026-06-02 09:00:00+00:00,159.74400329589844,159.75,159.72799682617188,159.74400329589844,0.0
2026-06-02 09:15:00+00:00,159.73800659179688,159.74400329589844,159.6959991455078,159.697998046875,0.0
2026-06-02 09:30:00+00:00,159.697998046875,159.7209930419922,159.68800354003906,159.70700073242188,0.0
2026-06-02 09:45:00+00:00,159.70700073242188,159.75100708007812,159.70399475097656,159.73500061035156,0.0
2026-06-02 10:00:00+00:00,159.73199462890625,159.75399780273438,159.71099853515625,159.7239990234375,0.0
2026-06-02 10:15:00+00:00,159.7220001220703,159.74200439453125,159.71299743652344,159.72500610351562,0.0
2026-06-02 10:30:00+00:00,159.7239990234375,159.73199462890625,159.71099853515625,159.718994140625,0.0
2026-06-02 10:45:00+00:00,159.71800231933594,159.73399353027344,159.7010040283203,159.72799682617188,0.0
2026-06-02 11:00:00+00:00,159.72799682617188,159.73500061035156,159.7100067138672,159.718994140625,0.0
2026-06-02 11:15:00+00:00,159.71200561523438,159.73699951171875,159.70700073242188,159.72799682617188,0.0
2026-06-02 11:30:00+00:00,159.7270050048828,159.74099731445312,159.72000122070312,159.72500610351562,0.0
2026-06-02 11:45:00+00:00,159.7270050048828,159.7519989013672,159.7209930419922,159.7469940185547,0.0
2026-06-02 12:00:00+00:00,159.73800659179688,159.7530059814453,159.72900390625,159.74600219726562,0.0
2026-06-02 12:15:00+00:00,159.7469940185547,159.7729949951172,159.73599243164062,159.75599670410156,0.0
2026-06-02 12:30:00+00:00,159.74899291992188,159.78199768066406,159.74600219726562,159.7760009765625,0.0
2026-06-02 12:45:00+00:00,159.76699829101562,159.78599548339844,159.75,159.7779998779297,0.0
2026-06-02 13:00:00+00:00,159.7760009765625,159.79600524902344,159.75900268554688,159.77000427246094,0.0
2026-06-02 13:15:00+00:00,159.77099609375,159.7989959716797,159.76600646972656,159.79800415039062,0.0
2026-06-02 13:30:00+00:00,159.7899932861328,159.80099487304688,159.7779998779297,159.80099487304688,0.0
2026-06-02 13:45:00+00:00,159.79299926757812,159.8350067138672,159.7740020751953,159.7740020751953,0.0
2026-06-02 14:00:00+00:00,159.7969970703125,159.86500549316406,159.76699829101562,159.83700561523438,0.0
2026-06-02 14:15:00+00:00,159.83700561523438,159.8769989013672,159.822998046875,159.86399841308594,0.0
2026-06-02 14:30:00+00:00,159.8699951171875,159.8699951171875,159.80599975585938,159.8249969482422,0.0
2026-06-02 14:45:00+00:00,159.82699584960938,159.875,159.82200622558594,159.85899353027344,0.0
2026-06-02 15:00:00+00:00,159.86000061035156,159.88999938964844,159.8520050048828,159.87899780273438,0.0
2026-06-02 15:15:00+00:00,159.87399291992188,159.89599609375,159.86000061035156,159.88600158691406,0.0
2026-06-02 15:30:00+00:00,159.89100646972656,159.90199279785156,159.86099243164062,159.88600158691406,0.0
2026-06-02 15:45:00+00:00,159.89100646972656,159.89599609375,159.86700439453125,159.87399291992188,0.0
2026-06-02 16:00:00+00:00,159.8719940185547,159.8990020751953,159.8560028076172,159.88800048828125,0.0
2026-06-02 16:15:00+00:00,159.88400268554688,159.927001953125,159.87600708007812,159.9199981689453,0.0
2026-06-02 16:30:00+00:00,159.92100524902344,159.94700622558594,159.91000366210938,159.93699645996094,0.0
2026-06-02 16:45:00+00:00,159.93600463867188,159.94900512695312,159.89700317382812,159.90199279785156,0.0
2026-06-02 17:00:00+00:00,159.9029998779297,159.93299865722656,159.88499450683594,159.9250030517578,0.0
2026-06-02 17:15:00+00:00,159.91799926757812,159.94900512695312,159.91600036621094,159.9320068359375,0.0
2026-06-02 17:30:00+00:00,159.9320068359375,159.95700073242188,159.9239959716797,159.9499969482422,0.0
2026-06-02 17:45:00+00:00,159.9499969482422,159.968994140625,159.94000244140625,159.95899963378906,0.0
2026-06-02 18:00:00+00:00,159.9550018310547,159.97900390625,159.94900512695312,159.97000122070312,0.0
2026-06-02 18:15:00+00:00,159.96800231933594,159.99000549316406,159.9409942626953,159.96200561523438,0.0
2026-06-02 18:30:00+00:00,159.96299743652344,159.9669952392578,159.91900634765625,159.9290008544922,0.0
2026-06-02 18:45:00+00:00,159.9290008544922,159.93600463867188,159.89599609375,159.89999389648438,0.0
2026-06-02 19:00:00+00:00,159.8990020751953,159.92999267578125,159.88400268554688,159.88499450683594,0.0
2026-06-02 19:15:00+00:00,159.88499450683594,159.9199981689453,159.88400268554688,159.91299438476562,0.0
2026-06-02 19:30:00+00:00,159.91799926757812,159.9199981689453,159.8990020751953,159.90899658203125,0.0
2026-06-02 19:45:00+00:00,159.90199279785156,159.95399475097656,159.8990020751953,159.9219970703125,0.0
2026-06-02 20:00:00+00:00,159.927001953125,159.9409942626953,159.91400146484375,159.91900634765625,0.0
2026-06-02 20:15:00+00:00,159.91700744628906,159.94000244140625,159.91600036621094,159.93099975585938,0.0
2026-06-02 20:30:00+00:00,159.92799377441406,159.9499969482422,159.90899658203125,159.93499755859375,0.0
2026-06-02 20:45:00+00:00,159.9199981689453,159.93800354003906,159.86300659179688,159.86399841308594,0.0
2026-06-02 21:00:00+00:00,159.86599731445312,159.89300537109375,159.8159942626953,159.8350067138672,0.0
2026-06-02 21:15:00+00:00,159.85800170898438,159.89999389648438,159.8249969482422,159.8780059814453,0.0
2026-06-02 21:30:00+00:00,159.87899780273438,159.89700317382812,159.84800720214844,159.8699951171875,0.0
2026-06-02 21:45:00+00:00,159.8769989013672,159.9149932861328,159.84800720214844,159.89700317382812,0.0
2026-06-02 22:00:00+00:00,159.86700439453125,159.97799682617188,159.84500122070312,159.93299865722656,0.0
2026-06-02 22:15:00+00:00,159.91200256347656,159.94700622558594,159.9010009765625,159.91600036621094,0.0
2026-06-02 22:30:00+00:00,159.91700744628906,159.94500732421875,159.9040069580078,159.92799377441406,0.0
2026-06-02 22:45:00+00:00,159.9219970703125,159.95799255371094,159.91900634765625,159.94400024414062,0.0
2026-06-02 23:00:00+00:00,159.95199584960938,159.99200439453125,159.93699645996094,159.96499633789062,0.0
2026-06-02 23:15:00+00:00,159.96499633789062,159.99200439453125,159.96099853515625,159.96800231933594,0.0
2026-06-02 23:30:00+00:00,159.96800231933594,159.9969940185547,159.96400451660156,159.9759979248047,0.0
2026-06-02 23:45:00+00:00,159.9759979248047,159.9980010986328,159.96499633789062,159.97999572753906,0.0
2026-06-03 00:00:00+00:00,159.97900390625,159.98699951171875,159.94900512695312,159.95199584960938,0.0
2026-06-03 00:15:00+00:00,159.9600067138672,159.96600341796875,159.9040069580078,159.91200256347656,0.0
2026-06-03 00:30:00+00:00,159.91200256347656,159.91900634765625,159.88699340820312,159.90699768066406,0.0
2026-06-03 00:45:00+00:00,159.906005859375,159.96400451660156,159.906005859375,159.93499755859375,0.0
2026-06-03 01:00:00+00:00,159.9340057373047,159.94500732421875,159.89700317382812,159.90199279785156,0.0
2026-06-03 01:15:00+00:00,159.90199279785156,159.927001953125,159.86700439453125,159.8820037841797,0.0
2026-06-03 01:30:00+00:00,159.8730010986328,159.91200256347656,159.83299255371094,159.84300231933594,0.0
2026-06-03 01:45:00+00:00,159.8350067138672,159.8769989013672,159.8070068359375,159.85400390625,0.0
2026-06-03 02:00:00+00:00,159.85400390625,159.86700439453125,159.82400512695312,159.83799743652344,0.0
2026-06-03 02:15:00+00:00,159.8459930419922,159.86399841308594,159.83399963378906,159.85400390625,0.0
2026-06-03 02:30:00+00:00,159.85299682617188,159.86500549316406,159.83799743652344,159.85800170898438,0.0
2026-06-03 02:45:00+00:00,159.85699462890625,159.8800048828125,159.8509979248047,159.86599731445312,0.0
2026-06-03 03:00:00+00:00,159.86500549316406,159.88400268554688,159.86199951171875,159.87399291992188,0.0
2026-06-03 03:15:00+00:00,159.88099670410156,159.9029998779297,159.86700439453125,159.89700317382812,0.0
2026-06-03 03:30:00+00:00,159.88999938964844,159.9029998779297,159.8820037841797,159.89199829101562,0.0
2026-06-03 03:45:00+00:00,159.89199829101562,159.89599609375,159.87600708007812,159.87899780273438,0.0
2026-06-03 04:00:00+00:00,159.8800048828125,159.89700317382812,159.8699951171875,159.88299560546875,0.0
2026-06-03 04:15:00+00:00,159.88699340820312,159.89500427246094,159.86099243164062,159.89100646972656,0.0
2026-06-03 04:30:00+00:00,159.8820037841797,159.8979949951172,159.86199951171875,159.8730010986328,0.0
2026-06-03 04:45:00+00:00,159.8699951171875,159.89700317382812,159.86500549316406,159.8820037841797,0.0
2026-06-03 05:00:00+00:00,159.8820037841797,159.89500427246094,159.86300659179688,159.8730010986328,0.0
2026-06-03 05:15:00+00:00,159.875,159.9080047607422,159.86099243164062,159.9040069580078,0.0
2026-06-03 05:30:00+00:00,159.90199279785156,159.91600036621094,159.8820037841797,159.91000366210938,0.0
2026-06-03 05:45:00+00:00,159.906005859375,159.93299865722656,159.89999389648438,159.92100524902344,0.0
2026-06-03 06:00:00+00:00,159.927001953125,159.96099853515625,159.89999389648438,159.9320068359375,0.0
2026-06-03 06:15:00+00:00,159.9320068359375,159.9530029296875,159.91700744628906,159.9340057373047,0.0
2026-06-03 06:30:00+00:00,159.9320068359375,159.94900512695312,159.92100524902344,159.93800354003906,0.0
2026-06-03 06:45:00+00:00,159.92999267578125,159.98699951171875,159.9250030517578,159.9720001220703,0.0
2026-06-03 07:00:00+00:00,159.9720001220703,159.9969940185547,159.8979949951172,159.9149932861328,0.0
2026-06-03 07:15:00+00:00,159.91299438476562,159.96600341796875,159.91000366210938,159.94900512695312,0.0
2026-06-03 07:30:00+00:00,159.94900512695312,159.968994140625,159.53799438476562,159.66600036621094,0.0
2026-06-03 07:45:00+00:00,159.66200256347656,159.7239990234375,159.5709991455078,159.7010040283203,0.0
2026-06-03 08:00:00+00:00,159.697998046875,159.7169952392578,159.6300048828125,159.71099853515625,0.0
2026-06-03 08:15:00+00:00,159.70399475097656,159.7519989013672,159.66700744628906,159.68099975585938,0.0
2026-06-03 08:30:00+00:00,159.68699645996094,159.81700134277344,159.3509979248047,159.8040008544922,0.0
2026-06-03 08:45:00+00:00,159.81199645996094,159.81399536132812,159.70599365234375,159.7480010986328,0.0
2026-06-03 09:00:00+00:00,159.7480010986328,159.84800720214844,159.74600219726562,159.81100463867188,0.0
2026-06-03 09:15:00+00:00,159.81100463867188,159.8679962158203,159.7689971923828,159.86199951171875,0.0
2026-06-03 09:30:00+00:00,159.86000061035156,159.88400268554688,159.8179931640625,159.83999633789062,0.0
2026-06-03 09:45:00+00:00,159.84500122070312,159.85499572753906,159.7790069580078,159.78900146484375,0.0
2026-06-03 10:00:00+00:00,159.77999877929688,159.80299377441406,159.65699768066406,159.781005859375,0.0
2026-06-03 10:15:00+00:00,159.78199768066406,159.83599853515625,159.7729949951172,159.8249969482422,0.0
2026-06-03 10:30:00+00:00,159.8249969482422,159.85499572753906,159.7989959716797,159.83799743652344,0.0
2026-06-03 10:45:00+00:00,159.83700561523438,159.85499572753906,159.7830047607422,159.78599548339844,0.0
2026-06-03 11:00:00+00:00,159.79100036621094,159.80799865722656,159.7779998779297,159.7969970703125,0.0
2026-06-03 11:15:00+00:00,159.79299926757812,159.8090057373047,159.77499389648438,159.79299926757812,0.0
2026-06-03 11:30:00+00:00,159.79299926757812,159.82899475097656,159.78399658203125,159.81900024414062,0.0
2026-06-03 11:45:00+00:00,159.8159942626953,159.83999633789062,159.79200744628906,159.83799743652344,0.0
2026-06-03 12:00:00+00:00,159.83399963378906,159.86199951171875,159.78799438476562,159.7899932861328,0.0
2026-06-03 12:15:00+00:00,159.80599975585938,159.86900329589844,159.7729949951172,159.85499572753906,0.0
2026-06-03 12:30:00+00:00,159.86300659179688,159.92300415039062,159.8520050048828,159.86900329589844,0.0
2026-06-03 12:45:00+00:00,159.87899780273438,159.93099975585938,159.86500549316406,159.91099548339844,0.0
2026-06-03 13:00:00+00:00,159.91099548339844,159.9290008544922,159.88699340820312,159.91400146484375,0.0
2026-06-03 13:15:00+00:00,159.91000366210938,159.95799255371094,159.9040069580078,159.93600463867188,0.0
2026-06-03 13:30:00+00:00,159.93600463867188,159.95599365234375,159.91700744628906,159.93800354003906,0.0
2026-06-03 13:45:00+00:00,159.9409942626953,159.98500061035156,159.89100646972656,159.95199584960938,0.0
2026-06-03 14:00:00+00:00,159.9739990234375,159.9929962158203,159.89100646972656,159.92999267578125,0.0
2026-06-03 14:15:00+00:00,159.9320068359375,160.0019989013672,159.9199981689453,159.9739990234375,0.0
2026-06-03 14:30:00+00:00,159.968994140625,159.99400329589844,159.94900512695312,159.98800659179688,0.0
2026-06-03 14:45:00+00:00,159.98199462890625,159.9929962158203,159.91200256347656,159.94000244140625,0.0
2026-06-03 15:00:00+00:00,159.94000244140625,159.99600219726562,159.9320068359375,159.96299743652344,0.0
2026-06-03 15:15:00+00:00,159.9669952392578,159.99000549316406,159.93899536132812,159.96600341796875,0.0
2026-06-03 15:30:00+00:00,159.968994140625,159.99600219726562,159.9499969482422,159.98199462890625,0.0
2026-06-03 15:45:00+00:00,159.9770050048828,160.0050048828125,159.96400451660156,159.9709930419922,0.0
2026-06-03 16:00:00+00:00,159.96299743652344,160.04400634765625,159.9429931640625,160.03199768066406,0.0
2026-06-03 16:15:00+00:00,160.02699279785156,160.0489959716797,159.9980010986328,160.01199340820312,0.0
2026-06-03 16:30:00+00:00,160.01300048828125,160.03500366210938,159.99200439453125,160.0019989013672,0.0
2026-06-03 16:45:00+00:00,160.00999450683594,160.01800537109375,159.97500610351562,159.98300170898438,0.0
2026-06-03 17:00:00+00:00,159.97799682617188,160.0240020751953,159.9459991455078,160.00599670410156,0.0
2026-06-03 17:15:00+00:00,160.0070037841797,160.03399658203125,159.99899291992188,160.0189971923828,0.0
2026-06-03 17:30:00+00:00,160.01199340820312,160.04200744628906,160.01100158691406,160.0290069580078,0.0
2026-06-03 17:45:00+00:00,160.03700256347656,160.05099487304688,160.01499938964844,160.03799438476562,0.0
2026-06-03 18:00:00+00:00,160.0489959716797,160.052001953125,160.02499389648438,160.0449981689453,0.0
2026-06-03 18:15:00+00:00,160.03900146484375,160.0540008544922,160.02000427246094,160.03500366210938,0.0
2026-06-03 18:30:00+00:00,160.0279998779297,160.05999755859375,160.02099609375,160.0290069580078,0.0
2026-06-03 18:45:00+00:00,160.02499389648438,160.03500366210938,160.01100158691406,160.0330047607422,0.0
2026-06-03 19:00:00+00:00,160.03199768066406,160.03599548339844,160.0050048828125,160.02000427246094,0.0
2026-06-03 19:15:00+00:00,160.01499938964844,160.03799438476562,159.99400329589844,160.02699279785156,0.0
2026-06-03 19:30:00+00:00,160.0279998779297,160.0500030517578,160.01800537109375,160.04800415039062,0.0
2026-06-03 19:45:00+00:00,160.03900146484375,160.0800018310547,160.03900146484375,160.0709991455078,0.0
2026-06-03 20:00:00+00:00,160.0760040283203,160.0850067138672,160.04800415039062,160.0760040283203,0.0
2026-06-03 20:15:00+00:00,160.06900024414062,160.08599853515625,160.0570068359375,160.0749969482422,0.0
2026-06-03 20:30:00+00:00,160.0659942626953,160.08799743652344,160.0540008544922,160.08099365234375,0.0
2026-06-03 20:45:00+00:00,160.07899475097656,160.093994140625,160.0240020751953,160.0240020751953,0.0
2026-06-03 21:00:00+00:00,160.03599548339844,160.05299377441406,159.93499755859375,160.0070037841797,0.0
2026-06-03 21:15:00+00:00,160.03700256347656,160.05299377441406,159.9969940185547,160.01300048828125,0.0
2026-06-03 21:30:00+00:00,160.01199340820312,160.05499267578125,159.99200439453125,160.00999450683594,0.0
2026-06-03 21:45:00+00:00,160.00999450683594,160.04200744628906,159.947998046875,159.98899841308594,0.0
2026-06-03 22:00:00+00:00,159.98899841308594,160.08299255371094,159.97900390625,160.0489959716797,0.0
2026-06-03 22:15:00+00:00,160.03199768066406,160.06300354003906,160.01600646972656,160.0189971923828,0.0
2026-06-03 22:30:00+00:00,160.0189971923828,160.03599548339844,159.98399353027344,160.00799560546875,0.0
2026-06-03 22:45:00+00:00,159.99600219726562,160.01300048828125,159.81700134277344,159.94500732421875,0.0
2026-06-03 23:00:00+00:00,159.91200256347656,159.9759979248047,159.8820037841797,159.94400024414062,0.0
2026-06-03 23:15:00+00:00,159.94500732421875,159.9810028076172,159.9219970703125,159.94400024414062,0.0
2026-06-03 23:30:00+00:00,159.9409942626953,159.97999572753906,159.9149932861328,159.92999267578125,0.0
2026-06-03 23:45:00+00:00,159.93099975585938,159.95199584960938,159.91000366210938,159.9429931640625,0.0
2026-06-04 00:00:00+00:00,159.94200134277344,159.96800231933594,159.90699768066406,159.927001953125,0.0
2026-06-04 00:15:00+00:00,159.9239959716797,159.9510040283203,159.9010009765625,159.93499755859375,0.0
2026-06-04 00:30:00+00:00,159.93699645996094,159.94500732421875,159.8780059814453,159.8820037841797,0.0
2026-06-04 00:45:00+00:00,159.88999938964844,159.92999267578125,159.8780059814453,159.9029998779297,0.0
2026-06-04 01:00:00+00:00,159.90199279785156,159.9320068359375,159.89199829101562,159.9040069580078,0.0
2026-06-04 01:15:00+00:00,159.9040069580078,159.9219970703125,159.86599731445312,159.89199829101562,0.0
2026-06-04 01:30:00+00:00,159.89300537109375,159.906005859375,159.8699951171875,159.89300537109375,0.0
2026-06-04 01:45:00+00:00,159.88600158691406,159.89599609375,159.86500549316406,159.8769989013672,0.0
2026-06-04 02:00:00+00:00,159.88400268554688,159.8979949951172,159.86500549316406,159.88299560546875,0.0
2026-06-04 02:15:00+00:00,159.8769989013672,159.91299438476562,159.875,159.88900756835938,0.0
2026-06-04 02:30:00+00:00,159.88999938964844,159.91200256347656,159.88499450683594,159.89500427246094,0.0
2026-06-04 02:45:00+00:00,159.89100646972656,159.9029998779297,159.87600708007812,159.8979949951172,0.0
2026-06-04 03:00:00+00:00,159.89100646972656,159.94700622558594,159.88999938964844,159.9340057373047,0.0
2026-06-04 03:15:00+00:00,159.9340057373047,159.96800231933594,159.92799377441406,159.95700073242188,0.0
2026-06-04 03:30:00+00:00,159.96200561523438,159.98899841308594,159.95599365234375,159.97799682617188,0.0
2026-06-04 03:45:00+00:00,159.97900390625,159.98899841308594,159.9499969482422,159.9669952392578,0.0
2026-06-04 04:00:00+00:00,159.97000122070312,159.98300170898438,159.9550018310547,159.9709930419922,0.0
2026-06-04 04:15:00+00:00,159.96299743652344,159.99200439453125,159.96099853515625,159.9720001220703,0.0
2026-06-04 04:30:00+00:00,159.9739990234375,159.97999572753906,159.57400512695312,159.81700134277344,0.0
2026-06-04 04:45:00+00:00,159.81399536132812,159.8730010986328,159.7949981689453,159.86500549316406,0.0
2026-06-04 05:00:00+00:00,159.86500549316406,159.91299438476562,159.8470001220703,159.89999389648438,0.0
2026-06-04 05:15:00+00:00,159.91000366210938,159.93299865722656,159.89199829101562,159.91799926757812,0.0
2026-06-04 05:30:00+00:00,159.91000366210938,159.9320068359375,159.8719940185547,159.88499450683594,0.0
2026-06-04 05:45:00+00:00,159.88999938964844,159.89999389648438,159.8489990234375,159.88299560546875,0.0
2026-06-04 06:00:00+00:00,159.8769989013672,159.89300537109375,159.8280029296875,159.8769989013672,0.0
2026-06-04 06:15:00+00:00,159.875,159.92100524902344,159.8459930419922,159.86199951171875,0.0
2026-06-04 06:30:00+00:00,159.86199951171875,159.88600158691406,159.8179931640625,159.85400390625,0.0
2026-06-04 06:45:00+00:00,159.8520050048828,159.90899658203125,159.843994140625,159.9010009765625,0.0
2026-06-04 07:00:00+00:00,159.8979949951172,159.90899658203125,159.86599731445312,159.8820037841797,0.0
2026-06-04 07:15:00+00:00,159.88900756835938,159.91000366210938,159.86900329589844,159.88600158691406,0.0
2026-06-04 07:30:00+00:00,159.88800048828125,159.9290008544922,159.85800170898438,159.88400268554688,0.0
2026-06-04 07:45:00+00:00,159.88400268554688,159.91799926757812,159.8699951171875,159.9029998779297,0.0
2026-06-04 08:00:00+00:00,159.90199279785156,159.9199981689453,159.87399291992188,159.88800048828125,0.0
2026-06-04 08:15:00+00:00,159.88800048828125,159.89999389648438,159.86099243164062,159.87399291992188,0.0
2026-06-04 08:30:00+00:00,159.86500549316406,159.9029998779297,159.83799743652344,159.88999938964844,0.0
2026-06-04 08:45:00+00:00,159.89199829101562,159.89999389648438,159.86300659179688,159.8699951171875,0.0
2026-06-04 09:00:00+00:00,159.86900329589844,159.88800048828125,159.83700561523438,159.8509979248047,0.0
2026-06-04 09:15:00+00:00,159.85699462890625,159.89700317382812,159.843994140625,159.87899780273438,0.0
2026-06-04 09:30:00+00:00,159.87899780273438,159.89599609375,159.8350067138672,159.843994140625,0.0
2026-06-04 09:45:00+00:00,159.83700561523438,159.86900329589844,159.8350067138672,159.85800170898438,0.0
2026-06-04 10:00:00+00:00,159.8489990234375,159.89199829101562,159.8489990234375,159.86500549316406,0.0
2026-06-04 10:15:00+00:00,159.86000061035156,159.89199829101562,159.85299682617188,159.8730010986328,0.0
2026-06-04 10:30:00+00:00,159.8730010986328,159.88600158691406,159.8560028076172,159.86700439453125,0.0
2026-06-04 10:45:00+00:00,159.8679962158203,159.8979949951172,159.86099243164062,159.8699951171875,0.0
2026-06-04 11:00:00+00:00,159.8730010986328,159.8780059814453,159.8260040283203,159.83700561523438,0.0
2026-06-04 11:15:00+00:00,159.83700561523438,159.8470001220703,159.79200744628906,159.81300354003906,0.0
2026-06-04 11:30:00+00:00,159.82000732421875,159.85899353027344,159.79400634765625,159.80599975585938,0.0
2026-06-04 11:45:00+00:00,159.81100463867188,159.8159942626953,159.74200439453125,159.75999450683594,0.0
2026-06-04 12:00:00+00:00,159.75900268554688,159.8780059814453,159.74600219726562,159.83299255371094,0.0
2026-06-04 12:15:00+00:00,159.82899475097656,159.85499572753906,159.7949981689453,159.8209991455078,0.0
2026-06-04 12:30:00+00:00,159.82400512695312,159.85400390625,159.7530059814453,159.83599853515625,0.0
2026-06-04 12:45:00+00:00,159.83900451660156,159.86700439453125,159.81100463867188,159.85699462890625,0.0
2026-06-04 13:00:00+00:00,159.85699462890625,159.8939971923828,159.8520050048828,159.89199829101562,0.0
2026-06-04 13:15:00+00:00,159.88699340820312,159.89199829101562,159.83599853515625,159.86500549316406,0.0
2026-06-04 13:30:00+00:00,159.8679962158203,159.88999938964844,159.84100341796875,159.8699951171875,0.0
2026-06-04 13:45:00+00:00,159.86099243164062,159.9219970703125,159.86099243164062,159.91200256347656,0.0
2026-06-04 14:00:00+00:00,159.91200256347656,159.9290008544922,159.87100219726562,159.91299438476562,0.0
2026-06-04 14:15:00+00:00,159.91299438476562,159.9530029296875,159.91000366210938,159.9429931640625,0.0
2026-06-04 14:30:00+00:00,159.93899536132812,159.98300170898438,159.93899536132812,159.96200561523438,0.0
2026-06-04 14:45:00+00:00,159.96299743652344,160.00399780273438,159.95199584960938,159.98699951171875,0.0
2026-06-04 15:00:00+00:00,159.97999572753906,160.031005859375,159.97999572753906,160.00900268554688,0.0
2026-06-04 15:15:00+00:00,160.0050048828125,160.00900268554688,159.9720001220703,159.98899841308594,0.0
2026-06-04 15:30:00+00:00,159.99099731445312,160.0019989013672,159.96200561523438,159.99099731445312,0.0
2026-06-04 15:45:00+00:00,159.9929962158203,160.00100708007812,159.9499969482422,159.9669952392578,0.0
2026-06-04 16:00:00+00:00,159.96600341796875,159.98500061035156,159.9340057373047,159.9510040283203,0.0
2026-06-04 16:15:00+00:00,159.9499969482422,159.9720001220703,159.9340057373047,159.9499969482422,0.0
2026-06-04 16:30:00+00:00,159.94900512695312,159.99200439453125,159.9409942626953,159.98300170898438,0.0
2026-06-04 16:45:00+00:00,159.97799682617188,159.99400329589844,159.9510040283203,159.968994140625,0.0
2026-06-04 17:00:00+00:00,159.9669952392578,159.99600219726562,159.96299743652344,159.9770050048828,0.0
2026-06-04 17:15:00+00:00,159.98500061035156,160.00100708007812,159.97500610351562,159.9949951171875,0.0
2026-06-04 17:30:00+00:00,159.99000549316406,159.99600219726562,159.96400451660156,159.97999572753906,0.0
2026-06-04 17:45:00+00:00,159.98599243164062,159.9949951171875,159.97300720214844,159.98800659179688,0.0
2026-06-04 18:00:00+00:00,159.98800659179688,159.9980010986328,159.96099853515625,159.9770050048828,0.0
2026-06-04 18:15:00+00:00,159.97300720214844,160.0,159.9709930419922,159.98899841308594,0.0
2026-06-04 18:30:00+00:00,159.98899841308594,160.03199768066406,159.98899841308594,160.00599670410156,0.0
2026-06-04 18:45:00+00:00,160.0070037841797,160.03500366210938,160.0019989013672,160.0229949951172,0.0
2026-06-04 19:00:00+00:00,160.0240020751953,160.03399658203125,160.01300048828125,160.0229949951172,0.0
2026-06-04 19:15:00+00:00,160.02699279785156,160.031005859375,160.01199340820312,160.0229949951172,0.0
2026-06-04 19:30:00+00:00,160.0229949951172,160.031005859375,160.00100708007812,160.02000427246094,0.0
2026-06-04 19:45:00+00:00,160.01499938964844,160.0240020751953,160.0,160.00799560546875,0.0
2026-06-04 20:00:00+00:00,160.01499938964844,160.02699279785156,160.0,160.01600646972656,0.0
2026-06-04 20:15:00+00:00,160.01400756835938,160.04600524902344,160.01199340820312,160.03599548339844,0.0
2026-06-04 20:30:00+00:00,160.03399658203125,160.04600524902344,160.0189971923828,160.0240020751953,0.0
2026-06-04 20:45:00+00:00,160.0240020751953,160.0399932861328,159.98800659179688,160.01300048828125,0.0
2026-06-04 21:00:00+00:00,159.9980010986328,160.04200744628906,159.91700744628906,159.9499969482422,0.0
2026-06-04 21:15:00+00:00,159.99200439453125,160.0189971923828,159.94500732421875,159.97300720214844,0.0
2026-06-04 21:30:00+00:00,159.97500610351562,160.00999450683594,159.95599365234375,159.97900390625,0.0
2026-06-04 21:45:00+00:00,159.97900390625,160.02000427246094,159.91600036621094,159.9669952392578,0.0
2026-06-04 22:00:00+00:00,159.94000244140625,160.00100708007812,159.93099975585938,159.9929962158203,0.0
2026-06-04 22:15:00+00:00,159.98899841308594,160.01600646972656,159.96499633789062,159.9810028076172,0.0
2026-06-04 22:30:00+00:00,159.9770050048828,160.01300048828125,159.96600341796875,160.00599670410156,0.0
2026-06-04 22:45:00+00:00,159.99899291992188,160.0240020751953,159.98599243164062,159.9980010986328,0.0
2026-06-04 23:00:00+00:00,159.99000549316406,160.01300048828125,159.98500061035156,160.0,0.0
2026-06-04 23:15:00+00:00,159.99099731445312,159.99899291992188,159.96400451660156,159.97300720214844,0.0
2026-06-04 23:30:00+00:00,159.9739990234375,160.0070037841797,159.9709930419922,159.97999572753906,0.0
2026-06-04 23:45:00+00:00,159.9810028076172,160.0,159.9720001220703,159.99000549316406,0.0
2026-06-05 00:00:00+00:00,159.98800659179688,160.0070037841797,159.96299743652344,159.97799682617188,0.0
2026-06-05 00:15:00+00:00,159.98699951171875,159.99899291992188,159.96499633789062,159.9720001220703,0.0
2026-06-05 00:30:00+00:00,159.96800231933594,159.98399353027344,159.94900512695312,159.97000122070312,0.0
2026-06-05 00:45:00+00:00,159.96800231933594,159.97799682617188,159.93699645996094,159.96099853515625,0.0
2026-06-05 01:00:00+00:00,159.9530029296875,159.9720001220703,159.89300537109375,159.9290008544922,0.0
2026-06-05 01:15:00+00:00,159.92999267578125,159.96499633789062,159.91200256347656,159.947998046875,0.0
2026-06-05 01:30:00+00:00,159.9510040283203,159.95899963378906,159.92599487304688,159.94700622558594,0.0
2026-06-05 01:45:00+00:00,159.9429931640625,159.9669952392578,159.9340057373047,159.95599365234375,0.0
2026-06-05 02:00:00+00:00,159.9530029296875,159.968994140625,159.92999267578125,159.9409942626953,0.0
2026-06-05 02:15:00+00:00,159.9409942626953,159.97300720214844,159.93800354003906,159.96099853515625,0.0
2026-06-05 02:30:00+00:00,159.96200561523438,159.9770050048828,159.94900512695312,159.96499633789062,0.0
2026-06-05 02:45:00+00:00,159.96600341796875,159.9759979248047,159.9459991455078,159.97500610351562,0.0
2026-06-05 03:00:00+00:00,159.9709930419922,159.99400329589844,159.96099853515625,159.9739990234375,0.0
2026-06-05 03:15:00+00:00,159.97300720214844,159.98899841308594,159.96099853515625,159.97000122070312,0.0
2026-06-05 03:30:00+00:00,159.96499633789062,159.97500610351562,159.94400024414062,159.9530029296875,0.0
2026-06-05 03:45:00+00:00,159.94900512695312,159.9669952392578,159.93299865722656,159.9499969482422,0.0
2026-06-05 04:00:00+00:00,159.9499969482422,159.96200561523438,159.93499755859375,159.9510040283203,0.0
2026-06-05 04:15:00+00:00,159.9510040283203,159.96299743652344,159.93899536132812,159.95700073242188,0.0
2026-06-05 04:30:00+00:00,159.9550018310547,159.9709930419922,159.9499969482422,159.95599365234375,0.0
2026-06-05 04:45:00+00:00,159.95700073242188,159.96400451660156,159.94900512695312,159.95199584960938,0.0
2026-06-05 05:00:00+00:00,159.95399475097656,159.9709930419922,159.9499969482422,159.95199584960938,0.0
2026-06-05 05:15:00+00:00,159.9510040283203,159.96099853515625,159.91099548339844,159.93299865722656,0.0
2026-06-05 05:30:00+00:00,159.92799377441406,159.94900512695312,159.90899658203125,159.94000244140625,0.0
2026-06-05 05:45:00+00:00,159.94400024414062,159.96499633789062,159.9290008544922,159.96299743652344,0.0
2026-06-05 06:00:00+00:00,159.95599365234375,159.9739990234375,159.93899536132812,159.95599365234375,0.0
2026-06-05 06:15:00+00:00,159.95399475097656,159.9669952392578,159.94000244140625,159.94400024414062,0.0
2026-06-05 06:30:00+00:00,159.94400024414062,159.96600341796875,159.93699645996094,159.94400024414062,0.0
2026-06-05 06:45:00+00:00,159.94400024414062,159.9530029296875,159.9199981689453,159.9340057373047,0.0
2026-06-05 07:00:00+00:00,159.93299865722656,159.94700622558594,159.91799926757812,159.92799377441406,0.0
2026-06-05 07:15:00+00:00,159.92799377441406,159.9409942626953,159.90499877929688,159.90699768066406,0.0
2026-06-05 07:30:00+00:00,159.90699768066406,159.92999267578125,159.9029998779297,159.9219970703125,0.0
2026-06-05 07:45:00+00:00,159.9239959716797,159.9530029296875,159.9029998779297,159.95199584960938,0.0
2026-06-05 08:00:00+00:00,159.94500732421875,159.9530029296875,159.91700744628906,159.92599487304688,0.0
2026-06-05 08:15:00+00:00,159.92599487304688,159.94200134277344,159.91700744628906,159.93299865722656,0.0
2026-06-05 08:30:00+00:00,159.92599487304688,159.94000244140625,159.91600036621094,159.927001953125,0.0
2026-06-05 08:45:00+00:00,159.93099975585938,159.95399475097656,159.9149932861328,159.9429931640625,0.0
2026-06-05 09:00:00+00:00,159.94200134277344,159.9600067138672,159.89599609375,159.91400146484375,0.0
2026-06-05 09:15:00+00:00,159.9199981689453,159.9320068359375,159.88900756835938,159.9199981689453,0.0
2026-06-05 09:30:00+00:00,159.91900634765625,159.9340057373047,159.89700317382812,159.92599487304688,0.0
2026-06-05 09:45:00+00:00,159.92300415039062,159.95199584960938,159.9219970703125,159.93499755859375,0.0
2026-06-05 10:00:00+00:00,159.93499755859375,159.9510040283203,159.927001953125,159.92799377441406,0.0
2026-06-05 10:15:00+00:00,159.9290008544922,159.93800354003906,159.9029998779297,159.90499877929688,0.0
2026-06-05 10:30:00+00:00,159.90499877929688,159.93299865722656,159.8990020751953,159.91400146484375,0.0
2026-06-05 10:45:00+00:00,159.91600036621094,159.93699645996094,159.8979949951172,159.9040069580078,0.0
2026-06-05 11:00:00+00:00,159.9029998779297,159.91900634765625,159.88699340820312,159.90199279785156,0.0
2026-06-05 11:15:00+00:00,159.90199279785156,159.93299865722656,159.88400268554688,159.89100646972656,0.0
2026-06-05 11:30:00+00:00,159.9010009765625,159.91700744628906,159.8730010986328,159.87600708007812,0.0
2026-06-05 11:45:00+00:00,159.88699340820312,159.88800048828125,159.82000732421875,159.83799743652344,0.0
2026-06-05 12:00:00+00:00,159.84100341796875,159.8730010986328,159.822998046875,159.86300659179688,0.0
2026-06-05 12:15:00+00:00,159.85499572753906,159.9010009765625,159.85000610351562,159.8800048828125,0.0
2026-06-05 12:30:00+00:00,159.85899353027344,160.0489959716797,159.8509979248047,160.0279998779297,0.0
2026-06-05 12:45:00+00:00,160.02200317382812,160.22300720214844,160.00799560546875,160.20799255371094,0.0
2026-06-05 13:00:00+00:00,160.2169952392578,160.26499938964844,159.70599365234375,160.06199645996094,0.0
2026-06-05 13:15:00+00:00,160.06399536132812,160.1739959716797,160.01300048828125,160.16400146484375,0.0
2026-06-05 13:30:00+00:00,160.1580047607422,160.1820068359375,160.08999633789062,160.0989990234375,0.0
2026-06-05 13:45:00+00:00,160.10000610351562,160.1479949951172,159.93600463867188,160.13800048828125,0.0
2026-06-05 14:00:00+00:00,160.13900756835938,160.1790008544922,160.0540008544922,160.1580047607422,0.0
2026-06-05 14:15:00+00:00,160.15499877929688,160.23800659179688,160.15499877929688,160.18699645996094,0.0
2026-06-05 14:30:00+00:00,160.1820068359375,160.28199768066406,160.16000366210938,160.25399780273438,0.0
2026-06-05 14:45:00+00:00,160.25999450683594,160.2740020751953,160.17599487304688,160.26600646972656,0.0
2026-06-05 15:00:00+00:00,160.26499938964844,160.29100036621094,160.2469940185547,160.28799438476562,0.0
2026-06-05 15:15:00+00:00,160.28799438476562,160.2899932861328,160.2169952392578,160.25799560546875,0.0
2026-06-05 15:30:00+00:00,160.25,160.3000030517578,160.24099731445312,160.28399658203125,0.0
2026-06-05 15:45:00+00:00,160.28900146484375,160.30099487304688,160.20799255371094,160.25900268554688,0.0
2026-06-05 16:00:00+00:00,160.25900268554688,160.28700256347656,160.23500061035156,160.26800537109375,0.0
2026-06-05 16:15:00+00:00,160.2760009765625,160.32699584960938,160.25900268554688,160.28599548339844,0.0
2026-06-05 16:30:00+00:00,160.29400634765625,160.34300231933594,160.28500366210938,160.31300354003906,0.0
2026-06-05 16:45:00+00:00,160.30999755859375,160.3209991455078,160.23899841308594,160.2740020751953,0.0
2026-06-05 17:00:00+00:00,160.27499389648438,160.3179931640625,160.26400756835938,160.29100036621094,0.0
2026-06-05 17:15:00+00:00,160.29100036621094,160.31700134277344,160.28399658203125,160.30499267578125,0.0
2026-06-05 17:30:00+00:00,160.30499267578125,160.3419952392578,160.3000030517578,160.32699584960938,0.0
2026-06-05 17:45:00+00:00,160.32699584960938,160.33900451660156,160.30799865722656,160.31399536132812,0.0
2026-06-05 18:00:00+00:00,160.31500244140625,160.34100341796875,160.29100036621094,160.30099487304688,0.0
2026-06-05 18:15:00+00:00,160.29600524902344,160.30799865722656,160.1959991455078,160.23599243164062,0.0
2026-06-05 18:30:00+00:00,160.2310028076172,160.24600219726562,160.08299255371094,160.16700744628906,0.0
2026-06-05 18:45:00+00:00,160.16900634765625,160.17799377441406,160.10499572753906,160.1580047607422,0.0
2026-06-05 19:00:00+00:00,160.15899658203125,160.1909942626953,160.11099243164062,160.16900634765625,0.0
2026-06-05 19:15:00+00:00,160.16900634765625,160.19400024414062,160.13999938964844,160.18600463867188,0.0
2026-06-05 19:30:00+00:00,160.1840057373047,160.1959991455078,160.1649932861328,160.16600036621094,0.0
2026-06-05 19:45:00+00:00,160.16600036621094,160.20700073242188,160.1649932861328,160.17100524902344,0.0
2026-06-05 20:00:00+00:00,160.1840057373047,160.2449951171875,160.16900634765625,160.22900390625,0.0
2026-06-05 20:15:00+00:00,160.22799682617188,160.24099731445312,160.18499755859375,160.2030029296875,0.0
2026-06-05 20:30:00+00:00,160.2030029296875,160.23300170898438,160.18099975585938,160.22900390625,0.0
2026-06-05 20:45:00+00:00,160.2220001220703,160.33399963378906,160.1739959716797,160.29299926757812,0.0
2026-06-07 23:00:00+00:00,160.3280029296875,160.33999633789062,160.29299926757812,160.302001953125,0.0
2026-06-07 23:15:00+00:00,160.302001953125,160.31100463867188,160.23199462890625,160.26800537109375,0.0
2026-06-07 23:30:00+00:00,160.26600646972656,160.32699584960938,160.25399780273438,160.3159942626953,0.0
2026-06-07 23:45:00+00:00,160.31500244140625,160.34500122070312,160.29200744628906,160.3280029296875,0.0
2026-06-08 00:00:00+00:00,160.3280029296875,160.3419952392578,160.2480010986328,160.31300354003906,0.0
2026-06-08 00:15:00+00:00,160.31300354003906,160.32400512695312,160.2740020751953,160.29600524902344,0.0
2026-06-08 00:30:00+00:00,160.2989959716797,160.322998046875,160.27000427246094,160.28399658203125,0.0
2026-06-08 00:45:00+00:00,160.28900146484375,160.3470001220703,160.2310028076172,160.322998046875,0.0
2026-06-08 01:00:00+00:00,160.32000732421875,160.34100341796875,160.27000427246094,160.30299377441406,0.0
2026-06-08 01:15:00+00:00,160.30599975585938,160.33399963378906,160.25799560546875,160.3159942626953,0.0
2026-06-08 01:30:00+00:00,160.32200622558594,160.3520050048828,160.2949981689453,160.3179931640625,0.0
2026-06-08 01:45:00+00:00,160.31700134277344,160.33999633789062,160.29299926757812,160.32699584960938,0.0
2026-06-08 02:00:00+00:00,160.3260040283203,160.36300659179688,160.32000732421875,160.35299682617188,0.0
2026-06-08 02:15:00+00:00,160.34800720214844,160.36000061035156,160.33200073242188,160.3470001220703,0.0
2026-06-08 02:30:00+00:00,160.34500122070312,160.36900329589844,160.33599853515625,160.36199951171875,0.0
2026-06-08 02:45:00+00:00,160.36000061035156,160.37899780273438,160.3520050048828,160.3699951171875,0.0
2026-06-08 03:00:00+00:00,160.36900329589844,160.3939971923828,160.3679962158203,160.38299560546875,0.0
2026-06-08 03:15:00+00:00,160.3820037841797,160.39199829101562,160.36099243164062,160.36700439453125,0.0
2026-06-08 03:30:00+00:00,160.36399841308594,160.38699340820312,160.34300231933594,160.343994140625,0.0
2026-06-08 03:45:00+00:00,160.35299682617188,160.35299682617188,160.33200073242188,160.33900451660156,0.0
2026-06-08 04:00:00+00:00,160.33999633789062,160.34800720214844,160.28199768066406,160.29100036621094,0.0
2026-06-08 04:15:00+00:00,160.28599548339844,160.32400512695312,160.281005859375,160.3159942626953,0.0
2026-06-08 04:30:00+00:00,160.3209991455078,160.33900451660156,160.3070068359375,160.32400512695312,0.0
2026-06-08 04:45:00+00:00,160.32400512695312,160.35499572753906,160.31500244140625,160.34300231933594,0.0
2026-06-08 05:00:00+00:00,160.33799743652344,160.3459930419922,160.31100463867188,160.33799743652344,0.0
2026-06-08 05:15:00+00:00,160.33900451660156,160.3470001220703,160.28599548339844,160.30499267578125,0.0
2026-06-08 05:30:00+00:00,160.29800415039062,160.33200073242188,160.2899932861328,160.30999755859375,0.0
2026-06-08 05:45:00+00:00,160.3090057373047,160.3179931640625,160.19900512695312,160.25900268554688,0.0
2026-06-08 06:00:00+00:00,160.25399780273438,160.30299377441406,160.2429962158203,160.2570037841797,0.0
2026-06-08 06:15:00+00:00,160.2570037841797,160.3419952392578,160.2220001220703,160.3159942626953,0.0
2026-06-08 06:30:00+00:00,160.31500244140625,160.32400512695312,160.2550048828125,160.2570037841797,0.0
2026-06-08 06:45:00+00:00,160.25799560546875,160.28500366210938,160.2469940185547,160.25799560546875,0.0
2026-06-08 07:00:00+00:00,160.26400756835938,160.26600646972656,160.1439971923828,160.18699645996094,0.0
2026-06-08 07:15:00+00:00,160.17999267578125,160.23300170898438,160.17999267578125,160.20599365234375,0.0
2026-06-08 07:30:00+00:00,160.19900512695312,160.2220001220703,160.17100524902344,160.197998046875,0.0
2026-06-08 07:45:00+00:00,160.20199584960938,160.22999572753906,160.16900634765625,160.22999572753906,0.0
2026-06-08 08:00:00+00:00,160.2220001220703,160.2310028076172,160.16799926757812,160.18099975585938,0.0
2026-06-08 08:15:00+00:00,160.18699645996094,160.2429962158203,160.1280059814453,160.13999938964844,0.0
2026-06-08 08:30:00+00:00,160.14500427246094,160.21200561523438,160.1060028076172,160.1840057373047,0.0
2026-06-08 08:45:00+00:00,160.18800354003906,160.2169952392578,159.83999633789062,160.0260009765625,0.0
2026-06-08 09:00:00+00:00,160.01100158691406,160.0760040283203,160.0070037841797,160.03399658203125,0.0
2026-06-08 09:15:00+00:00,160.0330047607422,160.0679931640625,159.9770050048828,160.0030059814453,0.0
2026-06-08 09:30:00+00:00,160.0030059814453,160.04200744628906,159.9759979248047,160.0,0.0
2026-06-08 09:45:00+00:00,159.99899291992188,160.02499389648438,159.9759979248047,160.0019989013672,0.0
2026-06-08 10:00:00+00:00,160.00999450683594,160.02999877929688,159.97900390625,159.99899291992188,0.0
2026-06-08 10:15:00+00:00,159.9949951171875,160.08200073242188,159.99000549316406,160.04100036621094,0.0
2026-06-08 10:30:00+00:00,160.03399658203125,160.0540008544922,159.91799926757812,159.98800659179688,0.0
2026-06-08 10:45:00+00:00,159.98800659179688,160.01600646972656,159.9499969482422,159.99600219726562,0.0
2026-06-08 11:00:00+00:00,159.9969940185547,160.01300048828125,159.94000244140625,159.94700622558594,0.0
2026-06-08 11:15:00+00:00,159.94900512695312,159.97799682617188,159.875,159.9499969482422,0.0
2026-06-08 11:30:00+00:00,159.95899963378906,159.98599243164062,159.91200256347656,159.96600341796875,0.0
2026-06-08 11:45:00+00:00,159.96499633789062,159.98500061035156,159.9499969482422,159.96299743652344,0.0
2026-06-08 12:00:00+00:00,159.96299743652344,159.9810028076172,159.93499755859375,159.96099853515625,0.0
2026-06-08 12:15:00+00:00,159.96099853515625,159.98399353027344,159.93600463867188,159.9530029296875,0.0
2026-06-08 12:30:00+00:00,159.9510040283203,159.9739990234375,159.9080047607422,159.93699645996094,0.0
2026-06-08 12:45:00+00:00,159.9250030517578,159.97000122070312,159.92300415039062,159.9530029296875,0.0
2026-06-08 13:00:00+00:00,159.9600067138672,159.99400329589844,159.92999267578125,159.98300170898438,0.0
2026-06-08 13:15:00+00:00,159.9759979248047,159.99400329589844,159.93699645996094,159.95599365234375,0.0
2026-06-08 13:30:00+00:00,159.9550018310547,159.9949951171875,159.93699645996094,159.98599243164062,0.0
2026-06-08 13:45:00+00:00,159.98800659179688,160.03900146484375,159.98599243164062,160.02699279785156,0.0
2026-06-08 14:00:00+00:00,160.02699279785156,160.11300659179688,160.0240020751953,160.10499572753906,0.0
2026-06-08 14:15:00+00:00,160.10699462890625,160.20399475097656,160.10400390625,160.1320037841797,0.0
2026-06-08 14:30:00+00:00,160.13499450683594,160.177001953125,160.10000610351562,160.1219940185547,0.0
2026-06-08 14:45:00+00:00,160.11500549316406,160.16099548339844,160.06199645996094,160.0749969482422,0.0
2026-06-08 15:00:00+00:00,160.07000732421875,160.12100219726562,160.0500030517578,160.07899475097656,0.0
2026-06-08 15:15:00+00:00,160.07899475097656,160.10800170898438,160.03199768066406,160.10299682617188,0.0
2026-06-08 15:30:00+00:00,160.10299682617188,160.13999938964844,160.09100341796875,160.1199951171875,0.0
2026-06-08 15:45:00+00:00,160.11900329589844,160.13400268554688,160.08799743652344,160.11900329589844,0.0
2026-06-08 16:00:00+00:00,160.11399841308594,160.1230010986328,160.07400512695312,160.09100341796875,0.0
2026-06-08 16:15:00+00:00,160.0989990234375,160.1230010986328,160.08700561523438,160.11199951171875,0.0
2026-06-08 16:30:00+00:00,160.11300659179688,160.14700317382812,160.09300231933594,160.13400268554688,0.0
2026-06-08 16:45:00+00:00,160.13400268554688,160.17100524902344,160.1320037841797,160.15699768066406,0.0
2026-06-08 17:00:00+00:00,160.15899658203125,160.177001953125,160.1300048828125,160.13900756835938,0.0
2026-06-08 17:15:00+00:00,160.13900756835938,160.19400024414062,160.11199951171875,160.17300415039062,0.0
2026-06-08 17:30:00+00:00,160.1699981689453,160.2050018310547,160.13900756835938,160.15199279785156,0.0
2026-06-08 17:45:00+00:00,160.15199279785156,160.17300415039062,160.1280059814453,160.16200256347656,0.0
2026-06-08 18:00:00+00:00,160.16000366210938,160.17300415039062,160.13400268554688,160.16299438476562,0.0
2026-06-08 18:15:00+00:00,160.16200256347656,160.17100524902344,160.13999938964844,160.1479949951172,0.0
2026-06-08 18:30:00+00:00,160.1479949951172,160.18499755859375,160.13800048828125,160.1790008544922,0.0
2026-06-08 18:45:00+00:00,160.18499755859375,160.27099609375,160.1790008544922,160.25100708007812,0.0
2026-06-08 19:00:00+00:00,160.25100708007812,160.27000427246094,160.21200561523438,160.23899841308594,0.0
2026-06-08 19:15:00+00:00,160.24000549316406,160.24899291992188,160.2239990234375,160.22799682617188,0.0
2026-06-08 19:30:00+00:00,160.22900390625,160.24000549316406,160.2030029296875,160.23699951171875,0.0
2026-06-08 19:45:00+00:00,160.22999572753906,160.24899291992188,160.197998046875,160.20700073242188,0.0
2026-06-08 20:00:00+00:00,160.21299743652344,160.2259979248047,160.1790008544922,160.20700073242188,0.0
2026-06-08 20:15:00+00:00,160.20599365234375,160.21400451660156,160.1529998779297,160.16600036621094,0.0
2026-06-08 20:30:00+00:00,160.16700744628906,160.18800354003906,160.15899658203125,160.177001953125,0.0
2026-06-08 20:45:00+00:00,160.17999267578125,160.19200134277344,160.1179962158203,160.13900756835938,0.0
2026-06-08 21:00:00+00:00,160.1179962158203,160.1479949951172,160.08900451660156,160.12399291992188,0.0
2026-06-08 21:15:00+00:00,160.12399291992188,160.14100646972656,160.10499572753906,160.1230010986328,0.0
2026-06-08 21:30:00+00:00,160.10699462890625,160.14199829101562,160.09800720214844,160.13099670410156,0.0
2026-06-08 21:45:00+00:00,160.10400390625,160.1820068359375,160.0780029296875,160.10800170898438,0.0
2026-06-08 22:00:00+00:00,160.10800170898438,160.17100524902344,160.0850067138672,160.16099548339844,0.0
2026-06-08 22:15:00+00:00,160.15199279785156,160.18699645996094,160.1320037841797,160.16099548339844,0.0
2026-06-08 22:30:00+00:00,160.14100646972656,160.18699645996094,160.13800048828125,160.17300415039062,0.0
2026-06-08 22:45:00+00:00,160.16299438476562,160.18899536132812,160.1510009765625,160.16299438476562,0.0
2026-06-08 23:00:00+00:00,160.16099548339844,160.19200134277344,160.14599609375,160.18299865722656,0.0
2026-06-08 23:15:00+00:00,160.18099975585938,160.2030029296875,160.16700744628906,160.1909942626953,0.0
2026-06-08 23:30:00+00:00,160.19200134277344,160.22900390625,160.1909942626953,160.21299743652344,0.0
2026-06-08 23:45:00+00:00,160.21200561523438,160.21600341796875,160.16700744628906,160.1739959716797,0.0
2026-06-09 00:00:00+00:00,160.1739959716797,160.20199584960938,160.13800048828125,160.1490020751953,0.0
2026-06-09 00:15:00+00:00,160.14500427246094,160.1649932861328,160.12600708007812,160.1580047607422,0.0
2026-06-09 00:30:00+00:00,160.1540069580078,160.18299865722656,160.14700317382812,160.177001953125,0.0
2026-06-09 00:45:00+00:00,160.17799377441406,160.28500366210938,160.16600036621094,160.23199462890625,0.0
2026-06-09 01:00:00+00:00,160.2310028076172,160.24600219726562,160.19500732421875,160.21299743652344,0.0
2026-06-09 01:15:00+00:00,160.20700073242188,160.2519989013672,160.19900512695312,160.2220001220703,0.0
2026-06-09 01:30:00+00:00,160.21800231933594,160.22799682617188,160.177001953125,160.1929931640625,0.0
2026-06-09 01:45:00+00:00,160.19200134277344,160.20199584960938,160.16799926757812,160.1929931640625,0.0
2026-06-09 02:00:00+00:00,160.1840057373047,160.2030029296875,160.17999267578125,160.1959991455078,0.0
2026-06-09 02:15:00+00:00,160.1959991455078,160.2209930419922,160.18099975585938,160.18899536132812,0.0
2026-06-09 02:30:00+00:00,160.18699645996094,160.21499633789062,160.18299865722656,160.2050018310547,0.0
2026-06-09 02:45:00+00:00,160.20199584960938,160.22500610351562,160.1790008544922,160.22300720214844,0.0
2026-06-09 03:00:00+00:00,160.218994140625,160.23500061035156,160.197998046875,160.20799255371094,0.0
2026-06-09 03:15:00+00:00,160.20799255371094,160.23599243164062,160.20199584960938,160.2209930419922,0.0
2026-06-09 03:30:00+00:00,160.2209930419922,160.24200439453125,160.2050018310547,160.21600341796875,0.0
2026-06-09 03:45:00+00:00,160.21600341796875,160.25799560546875,160.20599365234375,160.24899291992188,0.0
2026-06-09 04:00:00+00:00,160.2530059814453,160.25799560546875,160.22799682617188,160.23699951171875,0.0
2026-06-09 04:15:00+00:00,160.23599243164062,160.24899291992188,160.21499633789062,160.2220001220703,0.0
2026-06-09 04:30:00+00:00,160.2220001220703,160.23399353027344,160.17999267578125,160.19400024414062,0.0
2026-06-09 04:45:00+00:00,160.1929931640625,160.20199584960938,160.17999267578125,160.18499755859375,0.0
2026-06-09 05:00:00+00:00,160.18899536132812,160.20799255371094,160.1820068359375,160.19900512695312,0.0
2026-06-09 05:15:00+00:00,160.197998046875,160.2050018310547,160.156005859375,160.1649932861328,0.0
2026-06-09 05:30:00+00:00,160.15899658203125,160.1790008544922,160.1179962158203,160.1529998779297,0.0
2026-06-09 05:45:00+00:00,160.14700317382812,160.15499877929688,160.10499572753906,160.14500427246094,0.0
2026-06-09 06:00:00+00:00,160.1479949951172,160.1540069580078,160.0800018310547,160.093994140625,0.0
2026-06-09 06:15:00+00:00,160.093994140625,160.1490020751953,160.0449981689453,160.10899353027344,0.0
2026-06-09 06:30:00+00:00,160.1179962158203,160.16200256347656,160.10499572753906,160.1529998779297,0.0
2026-06-09 06:45:00+00:00,160.14599609375,160.18099975585938,160.11900329589844,160.16799926757812,0.0
2026-06-09 07:00:00+00:00,160.16000366210938,160.19900512695312,160.1479949951172,160.19200134277344,0.0
2026-06-09 07:15:00+00:00,160.19500732421875,160.218994140625,160.16400146484375,160.17300415039062,0.0
2026-06-09 07:30:00+00:00,160.1739959716797,160.20199584960938,160.15499877929688,160.16200256347656,0.0
2026-06-09 07:45:00+00:00,160.1580047607422,160.2050018310547,160.1479949951172,160.19200134277344,0.0
2026-06-09 08:00:00+00:00,160.19400024414062,160.22300720214844,160.16799926757812,160.1929931640625,0.0
2026-06-09 08:15:00+00:00,160.1929931640625,160.20399475097656,160.17799377441406,160.19400024414062,0.0
2026-06-09 08:30:00+00:00,160.18699645996094,160.21099853515625,160.17799377441406,160.20799255371094,0.0
2026-06-09 08:45:00+00:00,160.19700622558594,160.2239990234375,160.16299438476562,160.17300415039062,0.0
2026-06-09 09:00:00+00:00,160.17100524902344,160.19000244140625,160.1540069580078,160.17799377441406,0.0
2026-06-09 09:15:00+00:00,160.1739959716797,160.18600463867188,160.13900756835938,160.15199279785156,0.0
2026-06-09 09:30:00+00:00,160.1529998779297,160.16600036621094,160.14500427246094,160.1540069580078,0.0
2026-06-09 09:45:00+00:00,160.16099548339844,160.20199584960938,160.13800048828125,160.1840057373047,0.0
2026-06-09 10:00:00+00:00,160.18499755859375,160.21499633789062,160.17599487304688,160.19200134277344,0.0
2026-06-09 10:15:00+00:00,160.19200134277344,160.19700622558594,160.15499877929688,160.1649932861328,0.0
2026-06-09 10:30:00+00:00,160.16200256347656,160.1790008544922,160.1510009765625,160.1510009765625,0.0
2026-06-09 10:45:00+00:00,160.1540069580078,160.1750030517578,160.13999938964844,160.16200256347656,0.0
2026-06-09 11:00:00+00:00,160.16200256347656,160.17300415039062,160.13900756835938,160.15699768066406,0.0
2026-06-09 11:15:00+00:00,160.15899658203125,160.17100524902344,160.14100646972656,160.14500427246094,0.0
2026-06-09 11:30:00+00:00,160.14500427246094,160.18099975585938,160.13900756835938,160.1719970703125,0.0
2026-06-09 11:45:00+00:00,160.17300415039062,160.1750030517578,160.14700317382812,160.1529998779297,0.0
2026-06-09 12:00:00+00:00,160.1529998779297,160.17300415039062,160.14100646972656,160.15699768066406,0.0
2026-06-09 12:15:00+00:00,160.15699768066406,160.18899536132812,160.1529998779297,160.18099975585938,0.0
2026-06-09 12:30:00+00:00,160.18299865722656,160.18800354003906,160.15699768066406,160.177001953125,0.0
2026-06-09 12:45:00+00:00,160.17599487304688,160.19900512695312,160.16600036621094,160.18899536132812,0.0
2026-06-09 13:00:00+00:00,160.18299865722656,160.20399475097656,160.16600036621094,160.18600463867188,0.0
2026-06-09 13:15:00+00:00,160.18699645996094,160.19900512695312,160.177001953125,160.19000244140625,0.0
2026-06-09 13:30:00+00:00,160.18899536132812,160.2270050048828,160.1790008544922,160.2209930419922,0.0
2026-06-09 13:45:00+00:00,160.21400451660156,160.2239990234375,160.14300537109375,160.19700622558594,0.0
2026-06-09 14:00:00+00:00,160.19500732421875,160.21400451660156,160.1439971923828,160.1959991455078,0.0
2026-06-09 14:15:00+00:00,160.1909942626953,160.218994140625,160.177001953125,160.1790008544922,0.0
2026-06-09 14:30:00+00:00,160.18600463867188,160.20199584960938,160.1739959716797,160.19400024414062,0.0
2026-06-09 14:45:00+00:00,160.19400024414062,160.26199340820312,160.18299865722656,160.2469940185547,0.0
2026-06-09 15:00:00+00:00,160.2480010986328,160.26300048828125,160.23199462890625,160.2480010986328,0.0
2026-06-09 15:15:00+00:00,160.2449951171875,160.2689971923828,160.22900390625,160.26699829101562,0.0
2026-06-09 15:30:00+00:00,160.25999450683594,160.30499267578125,160.2469940185547,160.28700256347656,0.0
2026-06-09 15:45:00+00:00,160.28399658203125,160.29600524902344,160.21099853515625,160.22300720214844,0.0
2026-06-09 16:00:00+00:00,160.22500610351562,160.302001953125,160.20700073242188,160.29800415039062,0.0
2026-06-09 16:15:00+00:00,160.2969970703125,160.35699462890625,160.2899932861328,160.33999633789062,0.0
2026-06-09 16:30:00+00:00,160.34100341796875,160.44500732421875,160.33599853515625,160.41700744628906,0.0
2026-06-09 16:45:00+00:00,160.41299438476562,160.44900512695312,160.38499450683594,160.39700317382812,0.0
2026-06-09 17:00:00+00:00,160.40199279785156,160.406005859375,160.32899475097656,160.37600708007812,0.0
2026-06-09 17:15:00+00:00,160.38499450683594,160.38499450683594,160.2779998779297,160.30299377441406,0.0
2026-06-09 17:30:00+00:00,160.2989959716797,160.32000732421875,160.29400634765625,160.29800415039062,0.0
2026-06-09 17:45:00+00:00,160.29800415039062,160.36000061035156,160.28399658203125,160.3520050048828,0.0
2026-06-09 18:00:00+00:00,160.34800720214844,160.375,160.3350067138672,160.3489990234375,0.0
2026-06-09 18:15:00+00:00,160.3489990234375,160.3719940185547,160.32000732421875,160.35299682617188,0.0
2026-06-09 18:30:00+00:00,160.34800720214844,160.37600708007812,160.33399963378906,160.3719940185547,0.0
2026-06-09 18:45:00+00:00,160.36500549316406,160.37600708007812,160.33799743652344,160.3520050048828,0.0
2026-06-09 19:00:00+00:00,160.3520050048828,160.38699340820312,160.35000610351562,160.3780059814453,0.0
2026-06-09 19:15:00+00:00,160.3800048828125,160.41200256347656,160.37600708007812,160.4029998779297,0.0
2026-06-09 19:30:00+00:00,160.4029998779297,160.41600036621094,160.37399291992188,160.3979949951172,0.0
2026-06-09 19:45:00+00:00,160.3979949951172,160.4219970703125,160.38099670410156,160.40899658203125,0.0
2026-06-09 20:00:00+00:00,160.40699768066406,160.4239959716797,160.37100219726562,160.37899780273438,0.0
2026-06-09 20:15:00+00:00,160.3719940185547,160.39300537109375,160.34300231933594,160.35800170898438,0.0
2026-06-09 20:30:00+00:00,160.34800720214844,160.38900756835938,160.3470001220703,160.3769989013672,0.0
2026-06-09 20:45:00+00:00,160.3780059814453,160.38800048828125,160.33299255371094,160.34800720214844,0.0
2026-06-09 21:00:00+00:00,160.3280029296875,160.33099365234375,160.2949981689453,160.3159942626953,0.0
2026-06-09 21:15:00+00:00,160.32200622558594,160.36599731445312,160.30799865722656,160.36300659179688,0.0
2026-06-09 21:30:00+00:00,160.35699462890625,160.38400268554688,160.32000732421875,160.36099243164062,0.0
2026-06-09 21:45:00+00:00,160.34500122070312,160.3719940185547,160.2969970703125,160.32200622558594,0.0
2026-06-09 22:00:00+00:00,160.32400512695312,160.4010009765625,160.302001953125,160.3780059814453,0.0
2026-06-09 22:15:00+00:00,160.37899780273438,160.39100646972656,160.35000610351562,160.3679962158203,0.0
2026-06-09 22:30:00+00:00,160.35899353027344,160.39100646972656,160.3520050048828,160.3800048828125,0.0
2026-06-09 22:45:00+00:00,160.38600158691406,160.40699768066406,160.37600708007812,160.3990020751953,0.0
2026-06-09 23:00:00+00:00,160.39999389648438,160.41200256347656,160.38999938964844,160.40699768066406,0.0
2026-06-09 23:15:00+00:00,160.39700317382812,160.42100524902344,160.39199829101562,160.41000366210938,0.0
2026-06-09 23:30:00+00:00,160.41600036621094,160.41700744628906,160.3820037841797,160.39199829101562,0.0
2026-06-09 23:45:00+00:00,160.38600158691406,160.39700317382812,160.36900329589844,160.3820037841797,0.0
2026-06-10 00:00:00+00:00,160.3820037841797,160.39500427246094,160.34500122070312,160.36199951171875,0.0
2026-06-10 00:15:00+00:00,160.35899353027344,160.38800048828125,160.35899353027344,160.37899780273438,0.0
2026-06-10 00:30:00+00:00,160.3699951171875,160.406005859375,160.3679962158203,160.38400268554688,0.0
2026-06-10 00:45:00+00:00,160.38600158691406,160.43800354003906,160.36000061035156,160.37899780273438,0.0
2026-06-10 01:00:00+00:00,160.37899780273438,160.39500427246094,160.22500610351562,160.34500122070312,0.0
2026-06-10 01:15:00+00:00,160.34300231933594,160.36900329589844,160.3209991455078,160.35400390625,0.0
2026-06-10 01:30:00+00:00,160.3509979248047,160.38999938964844,160.35000610351562,160.36900329589844,0.0
2026-06-10 01:45:00+00:00,160.36099243164062,160.39599609375,160.35699462890625,160.37399291992188,0.0
2026-06-10 02:00:00+00:00,160.3719940185547,160.38400268554688,160.33099365234375,160.3350067138672,0.0
2026-06-10 02:15:00+00:00,160.33399963378906,160.3679962158203,160.33200073242188,160.34100341796875,0.0
2026-06-10 02:30:00+00:00,160.3419952392578,160.35899353027344,160.33099365234375,160.33799743652344,0.0
2026-06-10 02:45:00+00:00,160.34500122070312,160.3730010986328,160.33399963378906,160.35899353027344,0.0
2026-06-10 03:00:00+00:00,160.36000061035156,160.3730010986328,160.33200073242188,160.3459930419922,0.0
2026-06-10 03:15:00+00:00,160.3459930419922,160.36000061035156,160.33999633789062,160.35499572753906,0.0
2026-06-10 03:30:00+00:00,160.35000610351562,160.3730010986328,160.34300231933594,160.35699462890625,0.0
2026-06-10 03:45:00+00:00,160.35800170898438,160.36099243164062,160.34500122070312,160.3509979248047,0.0
2026-06-10 04:00:00+00:00,160.35000610351562,160.3679962158203,160.343994140625,160.36199951171875,0.0
2026-06-10 04:15:00+00:00,160.35299682617188,160.36700439453125,160.343994140625,160.35800170898438,0.0
2026-06-10 04:30:00+00:00,160.3489990234375,160.36399841308594,160.34100341796875,160.35400390625,0.0
2026-06-10 04:45:00+00:00,160.3509979248047,160.3719940185547,160.33900451660156,160.37100219726562,0.0
2026-06-10 05:00:00+00:00,160.3719940185547,160.3780059814453,160.3470001220703,160.36199951171875,0.0
2026-06-10 05:15:00+00:00,160.36099243164062,160.37399291992188,160.34100341796875,160.35499572753906,0.0
2026-06-10 05:30:00+00:00,160.34500122070312,160.36099243164062,160.33299255371094,160.343994140625,0.0
2026-06-10 05:45:00+00:00,160.343994140625,160.3489990234375,160.3209991455078,160.33799743652344,0.0
2026-06-10 06:00:00+00:00,160.33799743652344,160.3699951171875,160.31900024414062,160.343994140625,0.0
2026-06-10 06:15:00+00:00,160.33700561523438,160.38699340820312,160.3209991455078,160.36300659179688,0.0
2026-06-10 06:30:00+00:00,160.36199951171875,160.38099670410156,160.34500122070312,160.35800170898438,0.0
2026-06-10 06:45:00+00:00,160.36199951171875,160.38999938964844,160.3509979248047,160.3780059814453,0.0
2026-06-10 07:00:00+00:00,160.3780059814453,160.39500427246094,160.3560028076172,160.3699951171875,0.0
2026-06-10 07:15:00+00:00,160.36199951171875,160.37899780273438,160.33900451660156,160.37100219726562,0.0
2026-06-10 07:30:00+00:00,160.3719940185547,160.38699340820312,160.35699462890625,160.3719940185547,0.0
2026-06-10 07:45:00+00:00,160.36500549316406,160.3990020751953,160.35800170898438,160.38699340820312,0.0
2026-06-10 08:00:00+00:00,160.38600158691406,160.41299438476562,160.38299560546875,160.41000366210938,0.0
2026-06-10 08:15:00+00:00,160.40499877929688,160.41299438476562,160.3769989013672,160.39500427246094,0.0
2026-06-10 08:30:00+00:00,160.39300537109375,160.41099548339844,160.37899780273438,160.3990020751953,0.0
2026-06-10 08:45:00+00:00,160.3990020751953,160.43299865722656,160.38600158691406,160.41900634765625,0.0
2026-06-10 09:00:00+00:00,160.4239959716797,160.44000244140625,160.406005859375,160.4219970703125,0.0
2026-06-10 09:15:00+00:00,160.41400146484375,160.43299865722656,160.39700317382812,160.42999267578125,0.0
2026-06-10 09:30:00+00:00,160.42300415039062,160.4810028076172,160.41000366210938,160.44700622558594,0.0
2026-06-10 09:45:00+00:00,160.44700622558594,160.45700073242188,160.42799377441406,160.44400024414062,0.0
2026-06-10 10:00:00+00:00,160.43699645996094,160.46099853515625,160.43499755859375,160.4510040283203,0.0
2026-06-10 10:15:00+00:00,160.4459991455078,160.4709930419922,160.44400024414062,160.46299743652344,0.0
2026-06-10 10:30:00+00:00,160.45799255371094,160.47799682617188,160.45599365234375,160.46299743652344,0.0
2026-06-10 10:45:00+00:00,160.46299743652344,160.4770050048828,160.44900512695312,160.46099853515625,0.0
2026-06-10 11:00:00+00:00,160.4600067138672,160.52999877929688,160.45199584960938,160.4810028076172,0.0
2026-06-10 11:15:00+00:00,160.4739990234375,160.5050048828125,160.4600067138672,160.47900390625,0.0
2026-06-10 11:30:00+00:00,160.47900390625,160.52999877929688,160.47500610351562,160.5240020751953,0.0
2026-06-10 11:45:00+00:00,160.51699829101562,160.52999877929688,160.46200561523438,160.49899291992188,0.0
2026-06-10 12:00:00+00:00,160.48899841308594,160.51600646972656,160.4499969482422,160.4739990234375,0.0
2026-06-10 12:15:00+00:00,160.4739990234375,160.48300170898438,160.39100646972656,160.39100646972656,0.0
2026-06-10 12:30:00+00:00,160.41200256347656,160.4720001220703,160.3040008544922,160.38600158691406,0.0
2026-06-10 12:45:00+00:00,160.38600158691406,160.44000244140625,160.31700134277344,160.43099975585938,0.0
2026-06-10 13:00:00+00:00,160.4340057373047,160.45799255371094,160.40899658203125,160.40899658203125,0.0
2026-06-10 13:15:00+00:00,160.41200256347656,160.4290008544922,160.38999938964844,160.41299438476562,0.0
2026-06-10 13:30:00+00:00,160.4149932861328,160.4250030517578,160.3489990234375,160.35000610351562,0.0
2026-06-10 13:45:00+00:00,160.3509979248047,160.40699768066406,160.33599853515625,160.38600158691406,0.0
2026-06-10 14:00:00+00:00,160.37899780273438,160.4219970703125,160.36500549316406,160.37899780273438,0.0
2026-06-10 14:15:00+00:00,160.37899780273438,160.42300415039062,160.3730010986328,160.41099548339844,0.0
2026-06-10 14:30:00+00:00,160.41099548339844,160.43899536132812,160.3990020751953,160.4239959716797,0.0
2026-06-10 14:45:00+00:00,160.4250030517578,160.4949951171875,160.3979949951172,160.48800659179688,0.0
2026-06-10 15:00:00+00:00,160.47799682617188,160.49600219726562,160.44900512695312,160.4669952392578,0.0
2026-06-10 15:15:00+00:00,160.4600067138672,160.48500061035156,160.44400024414062,160.447998046875,0.0
2026-06-10 15:30:00+00:00,160.44900512695312,160.48500061035156,160.43600463867188,160.4709930419922,0.0
2026-06-10 15:45:00+00:00,160.468994140625,160.531005859375,160.46400451660156,160.47000122070312,0.0
2026-06-10 16:00:00+00:00,160.46600341796875,160.47999572753906,160.4340057373047,160.46099853515625,0.0
2026-06-10 16:15:00+00:00,160.45700073242188,160.47300720214844,160.4409942626953,160.468994140625,0.0
2026-06-10 16:30:00+00:00,160.46600341796875,160.4980010986328,160.46200561523438,160.48800659179688,0.0
2026-06-10 16:45:00+00:00,160.48699951171875,160.51100158691406,160.47300720214844,160.4810028076172,0.0
2026-06-10 17:00:00+00:00,160.4810028076172,160.49899291992188,160.4499969482422,160.48800659179688,0.0
2026-06-10 17:15:00+00:00,160.49200439453125,160.50999450683594,160.46600341796875,160.4759979248047,0.0
2026-06-10 17:30:00+00:00,160.4669952392578,160.52999877929688,160.4669952392578,160.52499389648438,0.0
2026-06-10 17:45:00+00:00,160.52499389648438,160.54400634765625,160.48699951171875,160.49899291992188,0.0
2026-06-10 18:00:00+00:00,160.5,160.50599670410156,160.46499633789062,160.48300170898438,0.0
2026-06-10 18:15:00+00:00,160.4759979248047,160.4949951171875,160.46200561523438,160.47000122070312,0.0
2026-06-10 18:30:00+00:00,160.46600341796875,160.49099731445312,160.4600067138672,160.46200561523438,0.0
2026-06-10 18:45:00+00:00,160.468994140625,160.5,160.44700622558594,160.49099731445312,0.0
2026-06-10 19:00:00+00:00,160.49099731445312,160.5189971923828,160.48800659179688,160.51600646972656,0.0
2026-06-10 19:15:00+00:00,160.50799560546875,160.5279998779297,160.5030059814453,160.51699829101562,0.0
2026-06-10 19:30:00+00:00,160.52699279785156,160.5279998779297,160.5,160.51400756835938,0.0
2026-06-10 19:45:00+00:00,160.51300048828125,160.54100036621094,160.5,160.53199768066406,0.0
2026-06-10 20:00:00+00:00,160.53900146484375,160.5570068359375,160.52699279785156,160.5489959716797,0.0
2026-06-10 20:15:00+00:00,160.54299926757812,160.5540008544922,160.51699829101562,160.53199768066406,0.0
2026-06-10 20:30:00+00:00,160.52699279785156,160.56399536132812,160.50900268554688,160.55299377441406,0.0
2026-06-10 20:45:00+00:00,160.5540008544922,160.57699584960938,160.51600646972656,160.5279998779297,0.0
2026-06-10 21:00:00+00:00,160.50900268554688,160.50900268554688,160.4499969482422,160.49899291992188,0.0
2026-06-10 21:15:00+00:00,160.47300720214844,160.49400329589844,160.44500732421875,160.4739990234375,0.0
2026-06-10 21:30:00+00:00,160.48399353027344,160.5189971923828,160.4510040283203,160.5019989013672,0.0
2026-06-10 21:45:00+00:00,160.4770050048828,160.52099609375,160.46099853515625,160.4720001220703,0.0
2026-06-10 22:00:00+00:00,160.47799682617188,160.56500244140625,160.41900634765625,160.5019989013672,0.0
2026-06-10 22:15:00+00:00,160.5189971923828,160.55099487304688,160.5019989013672,160.52999877929688,0.0
2026-06-10 22:30:00+00:00,160.5469970703125,160.55099487304688,160.51100158691406,160.5290069580078,0.0
2026-06-10 22:45:00+00:00,160.52000427246094,160.55099487304688,160.50599670410156,160.53900146484375,0.0
2026-06-10 23:00:00+00:00,160.5489959716797,160.56300354003906,160.53599548339844,160.5449981689453,0.0
2026-06-10 23:15:00+00:00,160.5399932861328,160.5570068359375,160.50599670410156,160.5290069580078,0.0
2026-06-10 23:30:00+00:00,160.5279998779297,160.54600524902344,160.50999450683594,160.52099609375,0.0
2026-06-10 23:45:00+00:00,160.52099609375,160.54100036621094,160.50799560546875,160.52699279785156,0.0
2026-06-11 00:00:00+00:00,160.52699279785156,160.5330047607422,160.48800659179688,160.50799560546875,0.0
2026-06-11 00:15:00+00:00,160.50399780273438,160.5469970703125,160.49400329589844,160.53399658203125,0.0
2026-06-11 00:30:00+00:00,160.53500366210938,160.5489959716797,160.51400756835938,160.5240020751953,0.0
2026-06-11 00:45:00+00:00,160.52200317382812,160.5500030517578,160.50399780273438,160.5189971923828,0.0
2026-06-11 01:00:00+00:00,160.50799560546875,160.5469970703125,160.46600341796875,160.4669952392578,0.0
2026-06-11 01:15:00+00:00,160.4669952392578,160.48300170898438,160.4199981689453,160.43600463867188,0.0
2026-06-11 01:30:00+00:00,160.43800354003906,160.45899963378906,160.42799377441406,160.44700622558594,0.0
2026-06-11 01:45:00+00:00,160.44200134277344,160.49600219726562,160.43899536132812,160.48300170898438,0.0
2026-06-11 02:00:00+00:00,160.48899841308594,160.51100158691406,160.46600341796875,160.48800659179688,0.0
2026-06-11 02:15:00+00:00,160.4949951171875,160.51400756835938,160.48399353027344,160.50399780273438,0.0
2026-06-11 02:30:00+00:00,160.50599670410156,160.5260009765625,160.4929962158203,160.51400756835938,0.0
2026-06-11 02:45:00+00:00,160.51499938964844,160.53700256347656,160.50100708007812,160.50799560546875,0.0
2026-06-11 03:00:00+00:00,160.5070037841797,160.53700256347656,160.5070037841797,160.5240020751953,0.0
2026-06-11 03:15:00+00:00,160.5330047607422,160.53500366210938,160.5070037841797,160.51499938964844,0.0
2026-06-11 03:30:00+00:00,160.51400756835938,160.5290069580078,160.50100708007812,160.51300048828125,0.0
2026-06-11 03:45:00+00:00,160.52000427246094,160.52999877929688,160.50399780273438,160.5050048828125,0.0
2026-06-11 04:00:00+00:00,160.5070037841797,160.5330047607422,160.5019989013672,160.51800537109375,0.0
2026-06-11 04:15:00+00:00,160.5189971923828,160.5260009765625,160.5030059814453,160.5050048828125,0.0
2026-06-11 04:30:00+00:00,160.50599670410156,160.5189971923828,160.4929962158203,160.50599670410156,0.0
2026-06-11 04:45:00+00:00,160.50799560546875,160.51300048828125,160.48699951171875,160.50599670410156,0.0
2026-06-11 05:00:00+00:00,160.50100708007812,160.51800537109375,160.49600219726562,160.4980010986328,0.0
2026-06-11 05:15:00+00:00,160.50100708007812,160.51400756835938,160.48699951171875,160.51300048828125,0.0
2026-06-11 05:30:00+00:00,160.50799560546875,160.52499389648438,160.5,160.51499938964844,0.0
2026-06-11 05:45:00+00:00,160.50799560546875,160.5500030517578,160.5,160.54600524902344,0.0
2026-06-11 06:00:00+00:00,160.53799438476562,160.56199645996094,160.531005859375,160.53599548339844,0.0
2026-06-11 06:15:00+00:00,160.53500366210938,160.58200073242188,160.5290069580078,160.5800018310547,0.0
2026-06-11 06:30:00+00:00,160.572998046875,160.58999633789062,160.55299377441406,160.57400512695312,0.0
2026-06-11 06:45:00+00:00,160.57200622558594,160.5780029296875,160.54100036621094,160.552001953125,0.0
2026-06-11 07:00:00+00:00,160.55299377441406,160.55799865722656,160.48699951171875,160.5030059814453,0.0
2026-06-11 07:15:00+00:00,160.50900268554688,160.51800537109375,160.48800659179688,160.5019989013672,0.0
2026-06-11 07:30:00+00:00,160.50999450683594,160.54100036621094,160.48800659179688,160.50599670410156,0.0
2026-06-11 07:45:00+00:00,160.50399780273438,160.5260009765625,160.49000549316406,160.5070037841797,0.0
2026-06-11 08:00:00+00:00,160.4980010986328,160.5189971923828,160.49099731445312,160.50999450683594,0.0
2026-06-11 08:15:00+00:00,160.50799560546875,160.52099609375,160.49099731445312,160.50799560546875,0.0
2026-06-11 08:30:00+00:00,160.50799560546875,160.53700256347656,160.5050048828125,160.53500366210938,0.0
2026-06-11 08:45:00+00:00,160.5279998779297,160.54299926757812,160.52000427246094,160.53399658203125,0.0
2026-06-11 09:00:00+00:00,160.5240020751953,160.5500030517578,160.5229949951172,160.53900146484375,0.0
2026-06-11 09:15:00+00:00,160.5399932861328,160.5489959716797,160.5240020751953,160.5290069580078,0.0
2026-06-11 09:30:00+00:00,160.53399658203125,160.5469970703125,160.52499389648438,160.5279998779297,0.0
2026-06-11 09:45:00+00:00,160.5260009765625,160.5399932861328,160.5070037841797,160.53199768066406,0.0
2026-06-11 10:00:00+00:00,160.5240020751953,160.5489959716797,160.52000427246094,160.53700256347656,0.0
2026-06-11 10:15:00+00:00,160.53700256347656,160.55499267578125,160.5330047607422,160.53900146484375,0.0
2026-06-11 10:30:00+00:00,160.5399932861328,160.552001953125,160.5189971923828,160.5279998779297,0.0
2026-06-11 10:45:00+00:00,160.5290069580078,160.53799438476562,160.51300048828125,160.5229949951172,0.0
2026-06-11 11:00:00+00:00,160.5189971923828,160.53799438476562,160.49899291992188,160.51600646972656,0.0
2026-06-11 11:15:00+00:00,160.5229949951172,160.5330047607422,160.51100158691406,160.51600646972656,0.0
2026-06-11 11:30:00+00:00,160.52499389648438,160.52999877929688,160.5,160.5240020751953,0.0
2026-06-11 11:45:00+00:00,160.51400756835938,160.53700256347656,160.5050048828125,160.5290069580078,0.0
2026-06-11 12:00:00+00:00,160.53700256347656,160.54100036621094,160.51800537109375,160.5290069580078,0.0
2026-06-11 12:15:00+00:00,160.53399658203125,160.593994140625,160.51699829101562,160.54200744628906,0.0
2026-06-11 12:30:00+00:00,160.56500244140625,160.6020050048828,160.4810028076172,160.56500244140625,0.0
2026-06-11 12:45:00+00:00,160.55299377441406,160.5800018310547,160.51400756835938,160.52499389648438,0.0
2026-06-11 13:00:00+00:00,160.5229949951172,160.5590057373047,160.5229949951172,160.5330047607422,0.0
2026-06-11 13:15:00+00:00,160.5469970703125,160.5590057373047,160.51499938964844,160.53700256347656,0.0
2026-06-11 13:30:00+00:00,160.53199768066406,160.54299926757812,160.50100708007812,160.52699279785156,0.0
2026-06-11 13:45:00+00:00,160.52000427246094,160.53399658203125,160.4510040283203,160.48199462890625,0.0
2026-06-11 14:00:00+00:00,160.47999572753906,160.51600646972656,160.46499633789062,160.5019989013672,0.0
2026-06-11 14:15:00+00:00,160.5019989013672,160.55099487304688,160.5,160.54600524902344,0.0
2026-06-11 14:30:00+00:00,160.54299926757812,160.55299377441406,160.5030059814453,160.5030059814453,0.0
2026-06-11 14:45:00+00:00,160.50399780273438,160.53199768066406,160.48500061035156,160.5030059814453,0.0
2026-06-11 15:00:00+00:00,160.5030059814453,160.51400756835938,160.46600341796875,160.5019989013672,0.0
2026-06-11 15:15:00+00:00,160.4949951171875,160.5030059814453,160.46200561523438,160.48199462890625,0.0
2026-06-11 15:30:00+00:00,160.4759979248047,160.51499938964844,160.46600341796875,160.50399780273438,0.0
2026-06-11 15:45:00+00:00,160.51100158691406,160.52099609375,160.48599243164062,160.5050048828125,0.0
2026-06-11 16:00:00+00:00,160.50399780273438,160.53900146484375,160.49899291992188,160.52999877929688,0.0
2026-06-11 16:15:00+00:00,160.5260009765625,160.55799865722656,160.5240020751953,160.53500366210938,0.0
2026-06-11 16:30:00+00:00,160.52699279785156,160.54600524902344,160.51100158691406,160.51800537109375,0.0
2026-06-11 16:45:00+00:00,160.51600646972656,160.53799438476562,160.51199340820312,160.52200317382812,0.0
2026-06-11 17:00:00+00:00,160.52499389648438,160.54800415039062,160.51400756835938,160.5260009765625,0.0
2026-06-11 17:15:00+00:00,160.52200317382812,160.5399932861328,160.39100646972656,160.3979949951172,0.0
2026-06-11 17:30:00+00:00,160.3939971923828,160.4010009765625,160.02099609375,160.06900024414062,0.0
2026-06-11 17:45:00+00:00,160.05599975585938,160.18499755859375,160.0330047607422,160.1199951171875,0.0
2026-06-11 18:00:00+00:00,160.12399291992188,160.28599548339844,160.10400390625,160.13600158691406,0.0
2026-06-11 18:15:00+00:00,160.13600158691406,160.14700317382812,160.04200744628906,160.10299682617188,0.0
2026-06-11 18:30:00+00:00,160.10400390625,160.17100524902344,160.0540008544922,160.0659942626953,0.0
2026-06-11 18:45:00+00:00,160.06399536132812,160.08099365234375,159.9320068359375,160.07400512695312,0.0
2026-06-11 19:00:00+00:00,160.0800018310547,160.08200073242188,159.85499572753906,159.86399841308594,0.0
2026-06-11 19:15:00+00:00,159.86700439453125,159.9010009765625,159.81100463867188,159.83299255371094,0.0
2026-06-11 19:30:00+00:00,159.83299255371094,159.83799743652344,159.51600646972656,159.7469940185547,0.0
2026-06-11 19:45:00+00:00,159.7469940185547,159.80599975585938,159.74400329589844,159.78799438476562,0.0
2026-06-11 20:00:00+00:00,159.79400634765625,159.8470001220703,159.74000549316406,159.84300231933594,0.0
2026-06-11 20:15:00+00:00,159.8459930419922,159.8979949951172,159.83099365234375,159.87899780273438,0.0
2026-06-11 20:30:00+00:00,159.87399291992188,159.947998046875,159.85000610351562,159.9459991455078,0.0
2026-06-11 20:45:00+00:00,159.93899536132812,159.9759979248047,159.88099670410156,159.92300415039062,0.0
2026-06-11 21:00:00+00:00,159.88400268554688,159.93299865722656,159.86500549316406,159.90499877929688,0.0
2026-06-11 21:15:00+00:00,159.88699340820312,159.91600036621094,159.8780059814453,159.9010009765625,0.0
2026-06-11 21:30:00+00:00,159.9080047607422,159.9759979248047,159.89500427246094,159.94200134277344,0.0
2026-06-11 21:45:00+00:00,159.93099975585938,159.95899963378906,159.91200256347656,159.9429931640625,0.0
2026-06-11 22:00:00+00:00,159.9320068359375,160.01699829101562,159.89700317382812,160.01100158691406,0.0
2026-06-11 22:15:00+00:00,160.00799560546875,160.05799865722656,159.9739990234375,160.02499389648438,0.0
2026-06-11 22:30:00+00:00,160.02699279785156,160.08900451660156,160.02099609375,160.03900146484375,0.0
2026-06-11 22:45:00+00:00,160.03900146484375,160.0489959716797,159.97799682617188,160.00999450683594,0.0
2026-06-11 23:00:00+00:00,160.0070037841797,160.0229949951172,159.96299743652344,160.0070037841797,0.0
2026-06-11 23:15:00+00:00,160.0070037841797,160.05099487304688,159.98699951171875,160.0469970703125,0.0
2026-06-11 23:30:00+00:00,160.04299926757812,160.09100341796875,160.03700256347656,160.0780029296875,0.0
2026-06-11 23:45:00+00:00,160.07400512695312,160.1510009765625,160.0709991455078,160.13800048828125,0.0
2026-06-12 00:00:00+00:00,160.1300048828125,160.197998046875,160.1269989013672,160.16000366210938,0.0
2026-06-12 00:15:00+00:00,160.1529998779297,160.20199584960938,160.1439971923828,160.17100524902344,0.0
2026-06-12 00:30:00+00:00,160.17300415039062,160.2209930419922,160.16200256347656,160.2100067138672,0.0
2026-06-12 00:45:00+00:00,160.20899963378906,160.218994140625,160.11300659179688,160.16200256347656,0.0
2026-06-12 01:00:00+00:00,160.16200256347656,160.20700073242188,160.16200256347656,160.1840057373047,0.0
2026-06-12 01:15:00+00:00,160.18600463867188,160.197998046875,160.14599609375,160.16700744628906,0.0
2026-06-12 01:30:00+00:00,160.15899658203125,160.21400451660156,160.14999389648438,160.20700073242188,0.0
2026-06-12 01:45:00+00:00,160.2030029296875,160.2689971923828,160.1999969482422,160.25999450683594,0.0
2026-06-12 02:00:00+00:00,160.2550048828125,160.2689971923828,160.23899841308594,160.25,0.0
2026-06-12 02:15:00+00:00,160.2449951171875,160.2989959716797,160.24200439453125,160.2989959716797,0.0
2026-06-12 02:30:00+00:00,160.2899932861328,160.30499267578125,160.2740020751953,160.27999877929688,0.0
2026-06-12 02:45:00+00:00,160.27999877929688,160.3070068359375,160.25399780273438,160.29100036621094,0.0
2026-06-12 03:00:00+00:00,160.28399658203125,160.2969970703125,160.2689971923828,160.2779998779297,0.0
2026-06-12 03:15:00+00:00,160.27699279785156,160.29600524902344,160.24000549316406,160.2469940185547,0.0
2026-06-12 03:30:00+00:00,160.2480010986328,160.25900268554688,160.2030029296875,160.2220001220703,0.0
2026-06-12 03:45:00+00:00,160.21400451660156,160.25999450683594,160.21400451660156,160.2270050048828,0.0
2026-06-12 04:00:00+00:00,160.23399353027344,160.27099609375,160.2209930419922,160.23300170898438,0.0
2026-06-12 04:15:00+00:00,160.2270050048828,160.26199340820312,160.22000122070312,160.2480010986328,0.0
2026-06-12 04:30:00+00:00,160.24899291992188,160.26100158691406,160.2220001220703,160.23899841308594,0.0
2026-06-12 04:45:00+00:00,160.23800659179688,160.26300048828125,160.2209930419922,160.25,0.0
2026-06-12 05:00:00+00:00,160.25100708007812,160.2740020751953,160.23199462890625,160.26300048828125,0.0
2026-06-12 05:15:00+00:00,160.2689971923828,160.30599975585938,160.26199340820312,160.28599548339844,0.0
2026-06-12 05:30:00+00:00,160.27999877929688,160.3040008544922,160.27699279785156,160.29200744628906,0.0
2026-06-12 05:45:00+00:00,160.29299926757812,160.3509979248047,160.2899932861328,160.34100341796875,0.0
2026-06-12 06:00:00+00:00,160.33799743652344,160.36000061035156,160.2830047607422,160.2969970703125,0.0
2026-06-12 06:15:00+00:00,160.2969970703125,160.3090057373047,160.2519989013672,160.2550048828125,0.0
2026-06-12 06:30:00+00:00,160.2550048828125,160.33799743652344,160.25,160.3159942626953,0.0
2026-06-12 06:45:00+00:00,160.3249969482422,160.32899475097656,160.2790069580078,160.31500244140625,0.0
2026-06-12 07:00:00+00:00,160.31100463867188,160.36099243164062,160.30799865722656,160.3560028076172,0.0
2026-06-12 07:15:00+00:00,160.3489990234375,160.3719940185547,160.33299255371094,160.36500549316406,0.0
2026-06-12 07:30:00+00:00,160.3679962158203,160.375,160.33200073242188,160.3350067138672,0.0
2026-06-12 07:45:00+00:00,160.3350067138672,160.3769989013672,160.26400756835938,160.27999877929688,0.0
2026-06-12 08:00:00+00:00,160.2779998779297,160.2949981689453,160.21200561523438,160.22900390625,0.0
2026-06-12 08:15:00+00:00,160.23500061035156,160.25,159.9459991455078,160.16400146484375,0.0
2026-06-12 08:30:00+00:00,160.17300415039062,160.17300415039062,160.072998046875,160.0760040283203,0.0
2026-06-12 08:45:00+00:00,160.0749969482422,160.11599731445312,160.06100463867188,160.08700561523438,0.0
2026-06-12 09:00:00+00:00,160.0850067138672,160.11199951171875,160.052001953125,160.06399536132812,0.0
2026-06-12 09:15:00+00:00,160.06199645996094,160.07000732421875,159.94700622558594,160.01400756835938,0.0
2026-06-12 09:30:00+00:00,160.01400756835938,160.03599548339844,159.9709930419922,160.0240020751953,0.0
2026-06-12 09:45:00+00:00,160.03199768066406,160.08399963378906,160.01300048828125,160.05799865722656,0.0
2026-06-12 10:00:00+00:00,160.0570068359375,160.08399963378906,160.031005859375,160.052001953125,0.0
2026-06-12 10:15:00+00:00,160.052001953125,160.19400024414062,160.0399932861328,160.156005859375,0.0
2026-06-12 10:30:00+00:00,160.14700317382812,160.16600036621094,160.09300231933594,160.0989990234375,0.0
2026-06-12 10:45:00+00:00,160.0989990234375,160.125,160.07400512695312,160.08799743652344,0.0
2026-06-12 11:00:00+00:00,160.08900451660156,160.17799377441406,160.08399963378906,160.13999938964844,0.0
2026-06-12 11:15:00+00:00,160.14100646972656,160.16200256347656,160.11099243164062,160.14300537109375,0.0
2026-06-12 11:30:00+00:00,160.14300537109375,160.15699768066406,160.10000610351562,160.11199951171875,0.0
2026-06-12 11:45:00+00:00,160.11300659179688,160.18499755859375,160.10899353027344,160.16600036621094,0.0
2026-06-12 12:00:00+00:00,160.16600036621094,160.20700073242188,160.16600036621094,160.1840057373047,0.0
2026-06-12 12:15:00+00:00,160.1929931640625,160.25,160.16799926757812,160.2480010986328,0.0
2026-06-12 12:30:00+00:00,160.23899841308594,160.2830047607422,160.23699951171875,160.26300048828125,0.0
2026-06-12 12:45:00+00:00,160.26400756835938,160.30799865722656,160.23300170898438,160.24899291992188,0.0
2026-06-12 13:00:00+00:00,160.25,160.28500366210938,160.2270050048828,160.25799560546875,0.0
2026-06-12 13:15:00+00:00,160.2570037841797,160.26800537109375,160.1999969482422,160.21200561523438,0.0
2026-06-12 13:30:00+00:00,160.20399475097656,160.3459930419922,160.18600463867188,160.29200744628906,0.0
2026-06-12 13:45:00+00:00,160.29100036621094,160.31199645996094,160.2530059814453,160.2530059814453,0.0
2026-06-12 14:00:00+00:00,160.26699829101562,160.2899932861328,160.2030029296875,160.24000549316406,0.0
2026-06-12 14:15:00+00:00,160.23599243164062,160.29200744628906,160.2209930419922,160.26100158691406,0.0
2026-06-12 14:30:00+00:00,160.25900268554688,160.26600646972656,160.19700622558594,160.24899291992188,0.0
2026-06-12 14:45:00+00:00,160.24600219726562,160.28399658203125,160.1529998779297,160.23599243164062,0.0
2026-06-12 15:00:00+00:00,160.24200439453125,160.25,160.1840057373047,160.1929931640625,0.0
2026-06-12 15:15:00+00:00,160.1929931640625,160.21800231933594,160.1699981689453,160.1840057373047,0.0
2026-06-12 15:30:00+00:00,160.19200134277344,160.2259979248047,160.16000366210938,160.218994140625,0.0
2026-06-12 15:45:00+00:00,160.21800231933594,160.24899291992188,160.20799255371094,160.2469940185547,0.0
2026-06-12 16:00:00+00:00,160.24200439453125,160.281005859375,160.177001953125,160.2169952392578,0.0
2026-06-12 16:15:00+00:00,160.22000122070312,160.22799682617188,160.1750030517578,160.22300720214844,0.0
2026-06-12 16:30:00+00:00,160.218994140625,160.23699951171875,160.19900512695312,160.22999572753906,0.0
2026-06-12 16:45:00+00:00,160.22799682617188,160.24200439453125,160.20599365234375,160.2259979248047,0.0
2026-06-12 17:00:00+00:00,160.2270050048828,160.23800659179688,160.17999267578125,160.2030029296875,0.0
2026-06-12 17:15:00+00:00,160.2030029296875,160.22300720214844,160.18600463867188,160.18699645996094,0.0
2026-06-12 17:30:00+00:00,160.18699645996094,160.21099853515625,160.17799377441406,160.18699645996094,0.0
2026-06-12 17:45:00+00:00,160.1840057373047,160.2100067138672,160.17799377441406,160.19500732421875,0.0
2026-06-12 18:00:00+00:00,160.19400024414062,160.2259979248047,160.18600463867188,160.21499633789062,0.0
2026-06-12 18:15:00+00:00,160.2209930419922,160.22799682617188,160.1999969482422,160.20899963378906,0.0
2026-06-12 18:30:00+00:00,160.2050018310547,160.21600341796875,160.18699645996094,160.197998046875,0.0
2026-06-12 18:45:00+00:00,160.197998046875,160.24200439453125,160.1959991455078,160.23500061035156,0.0
2026-06-12 19:00:00+00:00,160.22900390625,160.2429962158203,160.1929931640625,160.21299743652344,0.0
2026-06-12 19:15:00+00:00,160.20799255371094,160.22900390625,160.1929931640625,160.2270050048828,0.0
2026-06-12 19:30:00+00:00,160.22799682617188,160.2429962158203,160.21099853515625,160.218994140625,0.0
2026-06-12 19:45:00+00:00,160.22000122070312,160.23199462890625,160.197998046875,160.19900512695312,0.0
2026-06-12 20:00:00+00:00,160.20599365234375,160.21800231933594,160.1959991455078,160.21600341796875,0.0
2026-06-12 20:15:00+00:00,160.2100067138672,160.21800231933594,160.20199584960938,160.20700073242188,0.0
2026-06-12 20:30:00+00:00,160.20700073242188,160.23199462890625,160.20700073242188,160.2169952392578,0.0
2026-06-12 20:45:00+00:00,160.2169952392578,160.23599243164062,160.1529998779297,160.20700073242188,0.0
2026-06-12 21:00:00+00:00,160.18499755859375,160.18499755859375,160.18499755859375,160.18499755859375,0.0
2026-06-14 23:00:00+00:00,159.93099975585938,159.95700073242188,159.89300537109375,159.94500732421875,0.0
2026-06-14 23:15:00+00:00,159.947998046875,159.95700073242188,159.91200256347656,159.94400024414062,0.0
2026-06-14 23:30:00+00:00,159.94500732421875,159.96800231933594,159.91400146484375,159.927001953125,0.0
2026-06-14 23:45:00+00:00,159.9239959716797,159.97999572753906,159.89199829101562,159.9530029296875,0.0
2026-06-15 00:00:00+00:00,159.9550018310547,159.96499633789062,159.88400268554688,159.89500427246094,0.0
2026-06-15 00:15:00+00:00,159.89500427246094,159.95599365234375,159.8769989013672,159.94500732421875,0.0
2026-06-15 00:30:00+00:00,159.93899536132812,159.97500610351562,159.93600463867188,159.94900512695312,0.0
2026-06-15 00:45:00+00:00,159.947998046875,160.12899780273438,159.93499755859375,160.10499572753906,0.0
2026-06-15 01:00:00+00:00,160.10499572753906,160.1490020751953,160.08799743652344,160.11399841308594,0.0
2026-06-15 01:15:00+00:00,160.1199951171875,160.21400451660156,160.11099243164062,160.1580047607422,0.0
2026-06-15 01:30:00+00:00,160.14999389648438,160.18600463867188,160.125,160.17599487304688,0.0
2026-06-15 01:45:00+00:00,160.177001953125,160.21800231933594,160.15899658203125,160.20799255371094,0.0
2026-06-15 02:00:00+00:00,160.20700073242188,160.2310028076172,160.18499755859375,160.218994140625,0.0
2026-06-15 02:15:00+00:00,160.21299743652344,160.22500610351562,160.16000366210938,160.16200256347656,0.0
2026-06-15 02:30:00+00:00,160.16400146484375,160.17100524902344,160.11599731445312,160.13999938964844,0.0
2026-06-15 02:45:00+00:00,160.13800048828125,160.15199279785156,160.11599731445312,160.13800048828125,0.0
2026-06-15 03:00:00+00:00,160.13800048828125,160.14599609375,160.0959930419922,160.1060028076172,0.0
2026-06-15 03:15:00+00:00,160.10499572753906,160.11000061035156,160.06399536132812,160.07200622558594,0.0
2026-06-15 03:30:00+00:00,160.0709991455078,160.0919952392578,160.05999755859375,160.06399536132812,0.0
2026-06-15 03:45:00+00:00,160.06300354003906,160.07400512695312,160.04299926757812,160.0590057373047,0.0
2026-06-15 04:00:00+00:00,160.052001953125,160.08700561523438,160.04800415039062,160.0800018310547,0.0
2026-06-15 04:15:00+00:00,160.07400512695312,160.0919952392578,160.06199645996094,160.0850067138672,0.0
2026-06-15 04:30:00+00:00,160.08399963378906,160.0959930419922,160.03599548339844,160.03900146484375,0.0
2026-06-15 04:45:00+00:00,160.03799438476562,160.0540008544922,160.00799560546875,160.0449981689453,0.0
2026-06-15 05:00:00+00:00,160.0449981689453,160.05799865722656,159.98699951171875,159.98899841308594,0.0
2026-06-15 05:15:00+00:00,159.99600219726562,160.04200744628906,159.98899841308594,160.02099609375,0.0
2026-06-15 05:30:00+00:00,160.02000427246094,160.03700256347656,159.9980010986328,160.01699829101562,0.0
2026-06-15 05:45:00+00:00,160.01699829101562,160.052001953125,159.99400329589844,160.0469970703125,0.0
2026-06-15 06:00:00+00:00,160.0469970703125,160.08799743652344,160.03799438476562,160.072998046875,0.0
2026-06-15 06:15:00+00:00,160.072998046875,160.1320037841797,160.06700134277344,160.11399841308594,0.0
2026-06-15 06:30:00+00:00,160.11399841308594,160.16299438476562,160.10000610351562,160.11399841308594,0.0
2026-06-15 06:45:00+00:00,160.11399841308594,160.14599609375,160.10499572753906,160.125,0.0
2026-06-15 07:00:00+00:00,160.12600708007812,160.13999938964844,160.0659942626953,160.08399963378906,0.0
2026-06-15 07:15:00+00:00,160.08799743652344,160.09500122070312,160.03599548339844,160.05599975585938,0.0
2026-06-15 07:30:00+00:00,160.05499267578125,160.10899353027344,160.05299377441406,160.0679931640625,0.0
2026-06-15 07:45:00+00:00,160.0749969482422,160.13999938964844,160.06500244140625,160.10499572753906,0.0
2026-06-15 08:00:00+00:00,160.10699462890625,160.14500427246094,160.07699584960938,160.13499450683594,0.0
2026-06-15 08:15:00+00:00,160.13299560546875,160.13999938964844,160.06900024414062,160.09500122070312,0.0
2026-06-15 08:30:00+00:00,160.10000610351562,160.1320037841797,160.0919952392578,160.11399841308594,0.0
2026-06-15 08:45:00+00:00,160.1199951171875,160.15199279785156,160.11399841308594,160.13699340820312,0.0
2026-06-15 09:00:00+00:00,160.1320037841797,160.14199829101562,160.08099365234375,160.11399841308594,0.0
2026-06-15 09:15:00+00:00,160.11300659179688,160.13800048828125,160.1020050048828,160.1199951171875,0.0
2026-06-15 09:30:00+00:00,160.1199951171875,160.13900756835938,160.10499572753906,160.13299560546875,0.0
2026-06-15 09:45:00+00:00,160.13299560546875,160.14700317382812,160.11599731445312,160.11700439453125,0.0
2026-06-15 10:00:00+00:00,160.11500549316406,160.1479949951172,160.11500549316406,160.13999938964844,0.0
2026-06-15 10:15:00+00:00,160.1320037841797,160.1439971923828,160.10499572753906,160.11000061035156,0.0
2026-06-15 10:30:00+00:00,160.11000061035156,160.1300048828125,160.08299255371094,160.0919952392578,0.0
2026-06-15 10:45:00+00:00,160.0919952392578,160.12899780273438,160.08799743652344,160.1219940185547,0.0
2026-06-15 11:00:00+00:00,160.12100219726562,160.13999938964844,160.10499572753906,160.13900756835938,0.0
2026-06-15 11:15:00+00:00,160.1320037841797,160.16600036621094,160.1300048828125,160.15699768066406,0.0
2026-06-15 11:30:00+00:00,160.15699768066406,160.20799255371094,160.14199829101562,160.19700622558594,0.0
2026-06-15 11:45:00+00:00,160.1959991455078,160.2010040283203,160.156005859375,160.18299865722656,0.0
2026-06-15 12:00:00+00:00,160.1790008544922,160.19400024414062,160.156005859375,160.16600036621094,0.0
2026-06-15 12:15:00+00:00,160.17100524902344,160.18499755859375,160.13900756835938,160.1529998779297,0.0
2026-06-15 12:30:00+00:00,160.15199279785156,160.16000366210938,160.1179962158203,160.13099670410156,0.0
2026-06-15 12:45:00+00:00,160.13099670410156,160.14500427246094,160.11199951171875,160.13299560546875,0.0
2026-06-15 13:00:00+00:00,160.13499450683594,160.15499877929688,160.11099243164062,160.12399291992188,0.0
2026-06-15 13:15:00+00:00,160.1280059814453,160.13400268554688,160.093994140625,160.0989990234375,0.0
2026-06-15 13:30:00+00:00,160.0989990234375,160.11900329589844,160.06100463867188,160.08599853515625,0.0
2026-06-15 13:45:00+00:00,160.08599853515625,160.10800170898438,160.0679931640625,160.0679931640625,0.0
2026-06-15 14:00:00+00:00,160.0679931640625,160.0850067138672,160.02200317382812,160.06700134277344,0.0
2026-06-15 14:15:00+00:00,160.05999755859375,160.07899475097656,160.0290069580078,160.03700256347656,0.0
2026-06-15 14:30:00+00:00,160.03700256347656,160.10000610351562,160.03500366210938,160.0800018310547,0.0
2026-06-15 14:45:00+00:00,160.0800018310547,160.13900756835938,160.0449981689453,160.1300048828125,0.0
2026-06-15 15:00:00+00:00,160.1320037841797,160.1580047607422,160.1219940185547,160.14700317382812,0.0
2026-06-15 15:15:00+00:00,160.14700317382812,160.16000366210938,160.1320037841797,160.1490020751953,0.0
2026-06-15 15:30:00+00:00,160.1439971923828,160.18699645996094,160.13499450683594,160.17799377441406,0.0
2026-06-15 15:45:00+00:00,160.1719970703125,160.2050018310547,160.16700744628906,160.1959991455078,0.0
2026-06-15 16:00:00+00:00,160.1959991455078,160.20799255371094,160.15699768066406,160.1580047607422,0.0
2026-06-15 16:15:00+00:00,160.1649932861328,160.20399475097656,160.13999938964844,160.1909942626953,0.0
2026-06-15 16:30:00+00:00,160.18600463867188,160.2429962158203,160.18600463867188,160.23699951171875,0.0
2026-06-15 16:45:00+00:00,160.23399353027344,160.2429962158203,160.2050018310547,160.21200561523438,0.0
2026-06-15 17:00:00+00:00,160.21099853515625,160.24899291992188,160.20799255371094,160.23399353027344,0.0
2026-06-15 17:15:00+00:00,160.23399353027344,160.27099609375,160.22799682617188,160.26400756835938,0.0
2026-06-15 17:30:00+00:00,160.26499938964844,160.27699279785156,160.24600219726562,160.26199340820312,0.0
2026-06-15 17:45:00+00:00,160.25999450683594,160.281005859375,160.2449951171875,160.26600646972656,0.0
2026-06-15 18:00:00+00:00,160.26699829101562,160.28199768066406,160.24899291992188,160.26199340820312,0.0
2026-06-15 18:15:00+00:00,160.26199340820312,160.2949981689453,160.25900268554688,160.28900146484375,0.0
2026-06-15 18:30:00+00:00,160.28900146484375,160.31199645996094,160.25900268554688,160.27499389648438,0.0
2026-06-15 18:45:00+00:00,160.2689971923828,160.3179931640625,160.25999450683594,160.30499267578125,0.0
2026-06-15 19:00:00+00:00,160.302001953125,160.33399963378906,160.28799438476562,160.30999755859375,0.0
2026-06-15 19:15:00+00:00,160.30999755859375,160.322998046875,160.28700256347656,160.31500244140625,0.0
2026-06-15 19:30:00+00:00,160.31300354003906,160.32000732421875,160.27499389648438,160.30499267578125,0.0
2026-06-15 19:45:00+00:00,160.30999755859375,160.39199829101562,160.28599548339844,160.38999938964844,0.0
2026-06-15 20:00:00+00:00,160.3800048828125,160.39700317382812,160.33700561523438,160.34800720214844,0.0
2026-06-15 20:15:00+00:00,160.34100341796875,160.3509979248047,160.32400512695312,160.33200073242188,0.0
2026-06-15 20:30:00+00:00,160.33099365234375,160.36500549316406,160.32699584960938,160.3470001220703,0.0
2026-06-15 20:45:00+00:00,160.33799743652344,160.36500549316406,160.3040008544922,160.33200073242188,0.0
2026-06-15 21:00:00+00:00,160.28599548339844,160.33900451660156,160.27000427246094,160.2969970703125,0.0
2026-06-15 21:15:00+00:00,160.29400634765625,160.3159942626953,160.27999877929688,160.3159942626953,0.0
2026-06-15 21:30:00+00:00,160.3040008544922,160.35499572753906,160.26600646972656,160.28199768066406,0.0
2026-06-15 21:45:00+00:00,160.27999877929688,160.35899353027344,160.26199340820312,160.2989959716797,0.0
2026-06-15 22:00:00+00:00,160.33299255371094,160.35299682617188,160.27099609375,160.32400512695312,0.0
2026-06-15 22:15:00+00:00,160.33099365234375,160.35699462890625,160.31100463867188,160.3249969482422,0.0
2026-06-15 22:30:00+00:00,160.3179931640625,160.33299255371094,160.2989959716797,160.32000732421875,0.0
2026-06-15 22:45:00+00:00,160.31500244140625,160.34800720214844,160.30599975585938,160.322998046875,0.0
2026-06-15 23:00:00+00:00,160.3159942626953,160.32699584960938,160.27499389648438,160.29200744628906,0.0
2026-06-15 23:15:00+00:00,160.28599548339844,160.30299377441406,160.26300048828125,160.2760009765625,0.0
2026-06-15 23:30:00+00:00,160.26499938964844,160.2779998779297,160.2570037841797,160.25999450683594,0.0
2026-06-15 23:45:00+00:00,160.25799560546875,160.26800537109375,160.21499633789062,160.24000549316406,0.0
2026-06-16 00:00:00+00:00,160.24000549316406,160.2760009765625,160.22500610351562,160.2519989013672,0.0
2026-06-16 00:15:00+00:00,160.2519989013672,160.27000427246094,160.23399353027344,160.23800659179688,0.0
2026-06-16 00:30:00+00:00,160.23599243164062,160.24400329589844,160.1510009765625,160.18099975585938,0.0
2026-06-16 00:45:00+00:00,160.1820068359375,160.26600646972656,160.1750030517578,160.1929931640625,0.0
2026-06-16 01:00:00+00:00,160.19400024414062,160.21600341796875,160.09300231933594,160.1479949951172,0.0
2026-06-16 01:15:00+00:00,160.14500427246094,160.16299438476562,160.10899353027344,160.13900756835938,0.0
2026-06-16 01:30:00+00:00,160.13800048828125,160.16600036621094,160.11099243164062,160.13699340820312,0.0
2026-06-16 01:45:00+00:00,160.13600158691406,160.17799377441406,160.12899780273438,160.15499877929688,0.0
2026-06-16 02:00:00+00:00,160.1529998779297,160.18899536132812,160.14999389648438,160.18299865722656,0.0
2026-06-16 02:15:00+00:00,160.1820068359375,160.197998046875,160.13900756835938,160.14199829101562,0.0
2026-06-16 02:30:00+00:00,160.14199829101562,160.15199279785156,160.10000610351562,160.1230010986328,0.0
2026-06-16 02:45:00+00:00,160.13699340820312,160.1580047607422,160.08999633789062,160.13900756835938,0.0
2026-06-16 03:00:00+00:00,160.1280059814453,160.1510009765625,160.03500366210938,160.09100341796875,0.0
2026-06-16 03:15:00+00:00,160.0919952392578,160.24200439453125,160.0570068359375,160.22799682617188,0.0
2026-06-16 03:30:00+00:00,160.22799682617188,160.25100708007812,160.20199584960938,160.23199462890625,0.0
2026-06-16 03:45:00+00:00,160.23199462890625,160.24600219726562,160.1959991455078,160.20399475097656,0.0
2026-06-16 04:00:00+00:00,160.20199584960938,160.29400634765625,160.18499755859375,160.2779998779297,0.0
2026-06-16 04:15:00+00:00,160.28599548339844,160.3520050048828,160.27099609375,160.32200622558594,0.0
2026-06-16 04:30:00+00:00,160.32400512695312,160.33999633789062,160.3000030517578,160.3040008544922,0.0
2026-06-16 04:45:00+00:00,160.31100463867188,160.3159942626953,160.2310028076172,160.24899291992188,0.0
2026-06-16 05:00:00+00:00,160.2469940185547,160.3040008544922,160.23500061035156,160.2830047607422,0.0
2026-06-16 05:15:00+00:00,160.28799438476562,160.29100036621094,160.2449951171875,160.25599670410156,0.0
2026-06-16 05:30:00+00:00,160.25100708007812,160.2790069580078,160.22799682617188,160.27099609375,0.0
2026-06-16 05:45:00+00:00,160.26499938964844,160.30299377441406,160.2550048828125,160.28900146484375,0.0
2026-06-16 06:00:00+00:00,160.29600524902344,160.29800415039062,160.2519989013672,160.2830047607422,0.0
2026-06-16 06:15:00+00:00,160.281005859375,160.2969970703125,160.2270050048828,160.23500061035156,0.0
2026-06-16 06:30:00+00:00,160.2310028076172,160.26300048828125,160.14199829101562,160.20199584960938,0.0
2026-06-16 06:45:00+00:00,160.20199584960938,160.2259979248047,160.1820068359375,160.20599365234375,0.0
2026-06-16 07:00:00+00:00,160.20199584960938,160.3470001220703,160.18899536132812,160.32699584960938,0.0
2026-06-16 07:15:00+00:00,160.33200073242188,160.34500122070312,160.2570037841797,160.27999877929688,0.0
2026-06-16 07:30:00+00:00,160.27200317382812,160.33099365234375,160.26800537109375,160.31900024414062,0.0
2026-06-16 07:45:00+00:00,160.31300354003906,160.32899475097656,160.2259979248047,160.23699951171875,0.0
2026-06-16 08:00:00+00:00,160.22999572753906,160.26400756835938,160.21800231933594,160.24200439453125,0.0
2026-06-16 08:15:00+00:00,160.24200439453125,160.29800415039062,160.23300170898438,160.26699829101562,0.0
2026-06-16 08:30:00+00:00,160.27699279785156,160.33099365234375,160.2570037841797,160.31300354003906,0.0
2026-06-16 08:45:00+00:00,160.31399536132812,160.33299255371094,160.3000030517578,160.32200622558594,0.0
2026-06-16 09:00:00+00:00,160.31399536132812,160.33999633789062,160.31100463867188,160.32200622558594,0.0
2026-06-16 09:15:00+00:00,160.32200622558594,160.33599853515625,160.2989959716797,160.31500244140625,0.0
2026-06-16 09:30:00+00:00,160.3209991455078,160.33599853515625,160.30499267578125,160.3280029296875,0.0
2026-06-16 09:45:00+00:00,160.3280029296875,160.36099243164062,160.3280029296875,160.33700561523438,0.0
2026-06-16 10:00:00+00:00,160.33700561523438,160.3470001220703,160.30599975585938,160.31100463867188,0.0
2026-06-16 10:15:00+00:00,160.31100463867188,160.32400512695312,160.2969970703125,160.30599975585938,0.0
2026-06-16 10:30:00+00:00,160.3070068359375,160.3179931640625,160.27200317382812,160.27999877929688,0.0
2026-06-16 10:45:00+00:00,160.2779998779297,160.3249969482422,160.2729949951172,160.28500366210938,0.0
2026-06-16 11:00:00+00:00,160.28599548339844,160.33700561523438,160.28500366210938,160.33299255371094,0.0
2026-06-16 11:15:00+00:00,160.3350067138672,160.343994140625,160.30999755859375,160.3159942626953,0.0
2026-06-16 11:30:00+00:00,160.31199645996094,160.3560028076172,160.31100463867188,160.3419952392578,0.0
2026-06-16 11:45:00+00:00,160.34300231933594,160.36199951171875,160.32699584960938,160.35499572753906,0.0
2026-06-16 12:00:00+00:00,160.3520050048828,160.37899780273438,160.3470001220703,160.35800170898438,0.0
2026-06-16 12:15:00+00:00,160.35699462890625,160.37600708007812,160.32899475097656,160.3419952392578,0.0
2026-06-16 12:30:00+00:00,160.33299255371094,160.3470001220703,160.3159942626953,160.33200073242188,0.0
2026-06-16 12:45:00+00:00,160.33299255371094,160.33700561523438,160.31199645996094,160.31900024414062,0.0
2026-06-16 13:00:00+00:00,160.322998046875,160.3489990234375,160.3159942626953,160.33799743652344,0.0
2026-06-16 13:15:00+00:00,160.33799743652344,160.41000366210938,160.33700561523438,160.38099670410156,0.0
2026-06-16 13:30:00+00:00,160.38800048828125,160.3939971923828,160.33700561523438,160.3679962158203,0.0
2026-06-16 13:45:00+00:00,160.3679962158203,160.4040069580078,160.36599731445312,160.39100646972656,0.0
2026-06-16 14:00:00+00:00,160.3979949951172,160.44000244140625,160.3769989013672,160.41799926757812,0.0
2026-06-16 14:15:00+00:00,160.41900634765625,160.43499755859375,160.4010009765625,160.42599487304688,0.0
2026-06-16 14:30:00+00:00,160.4250030517578,160.4669952392578,160.41700744628906,160.42799377441406,0.0
2026-06-16 14:45:00+00:00,160.427001953125,160.43499755859375,160.36700439453125,160.39700317382812,0.0
2026-06-16 15:00:00+00:00,160.39700317382812,160.45899963378906,160.38400268554688,160.4510040283203,0.0
2026-06-16 15:15:00+00:00,160.44900512695312,160.46200561523438,160.42799377441406,160.4459991455078,0.0
2026-06-16 15:30:00+00:00,160.44400024414062,160.45899963378906,160.4040069580078,160.42999267578125,0.0
2026-06-16 15:45:00+00:00,160.427001953125,160.4530029296875,160.3300018310547,160.38900756835938,0.0
2026-06-16 16:00:00+00:00,160.38099670410156,160.3990020751953,160.35800170898438,160.36700439453125,0.0
2026-06-16 16:15:00+00:00,160.37399291992188,160.37899780273438,160.32699584960938,160.36199951171875,0.0
2026-06-16 16:30:00+00:00,160.36099243164062,160.40499877929688,160.3520050048828,160.4010009765625,0.0
2026-06-16 16:45:00+00:00,160.39500427246094,160.40899658203125,160.37899780273438,160.3979949951172,0.0
2026-06-16 17:00:00+00:00,160.38900756835938,160.4239959716797,160.3800048828125,160.41000366210938,0.0
2026-06-16 17:15:00+00:00,160.40899658203125,160.4320068359375,160.406005859375,160.42999267578125,0.0
2026-06-16 17:30:00+00:00,160.4219970703125,160.4409942626953,160.4080047607422,160.4239959716797,0.0
2026-06-16 17:45:00+00:00,160.4219970703125,160.44500732421875,160.41900634765625,160.43499755859375,0.0
2026-06-16 18:00:00+00:00,160.4340057373047,160.44200134277344,160.41400146484375,160.42799377441406,0.0
2026-06-16 18:15:00+00:00,160.427001953125,160.4510040283203,160.42599487304688,160.43899536132812,0.0
2026-06-16 18:30:00+00:00,160.4429931640625,160.45700073242188,160.4290008544922,160.44400024414062,0.0
2026-06-16 18:45:00+00:00,160.44500732421875,160.46299743652344,160.42799377441406,160.4290008544922,0.0
2026-06-16 19:00:00+00:00,160.42999267578125,160.43800354003906,160.38999938964844,160.41099548339844,0.0
2026-06-16 19:15:00+00:00,160.40199279785156,160.42599487304688,160.38800048828125,160.4029998779297,0.0
2026-06-16 19:30:00+00:00,160.40699768066406,160.45399475097656,160.38800048828125,160.44400024414062,0.0
2026-06-16 19:45:00+00:00,160.4499969482422,160.47900390625,160.4409942626953,160.468994140625,0.0
2026-06-16 20:00:00+00:00,160.46299743652344,160.47000122070312,160.45399475097656,160.45899963378906,0.0
2026-06-16 20:15:00+00:00,160.4600067138672,160.468994140625,160.4530029296875,160.45799255371094,0.0
2026-06-16 20:30:00+00:00,160.45799255371094,160.48199462890625,160.4550018310547,160.4669952392578,0.0
2026-06-16 20:45:00+00:00,160.46600341796875,160.48199462890625,160.37899780273438,160.39300537109375,0.0
2026-06-16 21:00:00+00:00,160.36599731445312,160.3979949951172,160.33799743652344,160.38400268554688,0.0
2026-06-16 21:15:00+00:00,160.37100219726562,160.38900756835938,160.34300231933594,160.36500549316406,0.0
2026-06-16 21:30:00+00:00,160.37100219726562,160.43099975585938,160.33799743652344,160.41600036621094,0.0
2026-06-16 21:45:00+00:00,160.41799926757812,160.4429931640625,160.35000610351562,160.37600708007812,0.0
2026-06-16 22:00:00+00:00,160.37600708007812,160.4409942626953,160.35699462890625,160.42100524902344,0.0
2026-06-16 22:15:00+00:00,160.42999267578125,160.44200134277344,160.40199279785156,160.40899658203125,0.0
2026-06-16 22:30:00+00:00,160.40899658203125,160.4290008544922,160.4080047607422,160.4149932861328,0.0
2026-06-16 22:45:00+00:00,160.4199981689453,160.44000244140625,160.4029998779297,160.4080047607422,0.0
2026-06-16 23:00:00+00:00,160.39999389648438,160.4290008544922,160.38499450683594,160.40199279785156,0.0
2026-06-16 23:15:00+00:00,160.3990020751953,160.40899658203125,160.39199829101562,160.39700317382812,0.0
2026-06-16 23:30:00+00:00,160.40199279785156,160.41700744628906,160.38999938964844,160.3990020751953,0.0
2026-06-16 23:45:00+00:00,160.3979949951172,160.44400024414062,160.3979949951172,160.41900634765625,0.0
2026-06-17 00:00:00+00:00,160.427001953125,160.42799377441406,160.39599609375,160.40499877929688,0.0
2026-06-17 00:15:00+00:00,160.40499877929688,160.4149932861328,160.35800170898438,160.38900756835938,0.0
2026-06-17 00:30:00+00:00,160.3800048828125,160.39100646972656,160.33999633789062,160.36099243164062,0.0
2026-06-17 00:45:00+00:00,160.36700439453125,160.41600036621094,160.3419952392578,160.34800720214844,0.0
2026-06-17 01:00:00+00:00,160.3470001220703,160.3730010986328,160.3070068359375,160.33099365234375,0.0
2026-06-17 01:15:00+00:00,160.32699584960938,160.35499572753906,160.30799865722656,160.32200622558594,0.0
2026-06-17 01:30:00+00:00,160.32699584960938,160.34500122070312,160.31500244140625,160.32699584960938,0.0
2026-06-17 01:45:00+00:00,160.32899475097656,160.35400390625,160.31199645996094,160.343994140625,0.0
2026-06-17 02:00:00+00:00,160.343994140625,160.35400390625,160.3260040283203,160.32899475097656,0.0
2026-06-17 02:15:00+00:00,160.3300018310547,160.33999633789062,160.302001953125,160.32899475097656,0.0
2026-06-17 02:30:00+00:00,160.322998046875,160.34300231933594,160.31700134277344,160.32699584960938,0.0
2026-06-17 02:45:00+00:00,160.32400512695312,160.33599853515625,160.3070068359375,160.3260040283203,0.0
2026-06-17 03:00:00+00:00,160.32899475097656,160.35499572753906,160.30599975585938,160.3260040283203,0.0
2026-06-17 03:15:00+00:00,160.3280029296875,160.3520050048828,160.31199645996094,160.32400512695312,0.0
2026-06-17 03:30:00+00:00,160.322998046875,160.33700561523438,160.3090057373047,160.31300354003906,0.0
2026-06-17 03:45:00+00:00,160.31300354003906,160.32699584960938,160.30999755859375,160.31199645996094,0.0
2026-06-17 04:00:00+00:00,160.31199645996094,160.3260040283203,160.26499938964844,160.2729949951172,0.0
2026-06-17 04:15:00+00:00,160.2729949951172,160.2969970703125,160.2689971923828,160.28700256347656,0.0
2026-06-17 04:30:00+00:00,160.28700256347656,160.29400634765625,160.25999450683594,160.26400756835938,0.0
2026-06-17 04:45:00+00:00,160.27000427246094,160.2740020751953,160.24600219726562,160.25900268554688,0.0
2026-06-17 05:00:00+00:00,160.25900268554688,160.28399658203125,160.2570037841797,160.281005859375,0.0
2026-06-17 05:15:00+00:00,160.27499389648438,160.28900146484375,160.25799560546875,160.27099609375,0.0
2026-06-17 05:30:00+00:00,160.27099609375,160.29299926757812,160.27000427246094,160.29100036621094,0.0
2026-06-17 05:45:00+00:00,160.2830047607422,160.3300018310547,160.281005859375,160.3209991455078,0.0
2026-06-17 06:00:00+00:00,160.3209991455078,160.33700561523438,160.27699279785156,160.2779998779297,0.0
2026-06-17 06:15:00+00:00,160.28599548339844,160.3070068359375,160.25999450683594,160.29400634765625,0.0
2026-06-17 06:30:00+00:00,160.2899932861328,160.29800415039062,160.26199340820312,160.26800537109375,0.0
2026-06-17 06:45:00+00:00,160.26800537109375,160.281005859375,160.24400329589844,160.2480010986328,0.0
2026-06-17 07:00:00+00:00,160.2480010986328,160.27999877929688,160.24200439453125,160.25799560546875,0.0
2026-06-17 07:15:00+00:00,160.25799560546875,160.28700256347656,160.2530059814453,160.2689971923828,0.0
2026-06-17 07:30:00+00:00,160.27499389648438,160.30599975585938,160.22300720214844,160.22300720214844,0.0
2026-06-17 07:45:00+00:00,160.22300720214844,160.24600219726562,160.177001953125,160.1840057373047,0.0
2026-06-17 08:00:00+00:00,160.18499755859375,160.19200134277344,160.11199951171875,160.1750030517578,0.0
2026-06-17 08:15:00+00:00,160.16700744628906,160.2550048828125,160.16400146484375,160.21200561523438,0.0
2026-06-17 08:30:00+00:00,160.2169952392578,160.23300170898438,160.1320037841797,160.13999938964844,0.0
2026-06-17 08:45:00+00:00,160.13900756835938,160.21400451660156,160.13499450683594,160.2010040283203,0.0
2026-06-17 09:00:00+00:00,160.2030029296875,160.22300720214844,160.16400146484375,160.1999969482422,0.0
2026-06-17 09:15:00+00:00,160.1959991455078,160.20399475097656,160.15499877929688,160.1840057373047,0.0
2026-06-17 09:30:00+00:00,160.1840057373047,160.2259979248047,160.17100524902344,160.21499633789062,0.0
2026-06-17 09:45:00+00:00,160.21400451660156,160.2259979248047,160.17300415039062,160.17799377441406,0.0
2026-06-17 10:00:00+00:00,160.18499755859375,160.2050018310547,160.1750030517578,160.1909942626953,0.0
2026-06-17 10:15:00+00:00,160.1909942626953,160.22500610351562,160.1820068359375,160.21600341796875,0.0
2026-06-17 10:30:00+00:00,160.2169952392578,160.22900390625,160.1999969482422,160.2220001220703,0.0
2026-06-17 10:45:00+00:00,160.21299743652344,160.2449951171875,160.20199584960938,160.22799682617188,0.0
2026-06-17 11:00:00+00:00,160.22900390625,160.28900146484375,160.2209930419922,160.27699279785156,0.0
2026-06-17 11:15:00+00:00,160.27699279785156,160.28500366210938,160.25900268554688,160.27000427246094,0.0
2026-06-17 11:30:00+00:00,160.27000427246094,160.3350067138672,160.27000427246094,160.31500244140625,0.0
2026-06-17 11:45:00+00:00,160.31399536132812,160.3350067138672,160.28700256347656,160.31199645996094,0.0
2026-06-17 12:00:00+00:00,160.302001953125,160.3249969482422,160.2949981689453,160.31399536132812,0.0
2026-06-17 12:15:00+00:00,160.31100463867188,160.32000732421875,160.26100158691406,160.2729949951172,0.0
2026-06-17 12:30:00+00:00,160.29800415039062,160.31900024414062,160.25,160.26800537109375,0.0
2026-06-17 12:45:00+00:00,160.26800537109375,160.2760009765625,160.2270050048828,160.24200439453125,0.0
2026-06-17 13:00:00+00:00,160.2429962158203,160.2779998779297,160.23800659179688,160.26300048828125,0.0
2026-06-17 13:15:00+00:00,160.25900268554688,160.3000030517578,160.25,160.2899932861328,0.0
2026-06-17 13:30:00+00:00,160.2969970703125,160.30099487304688,160.2519989013672,160.2790069580078,0.0
2026-06-17 13:45:00+00:00,160.2790069580078,160.28900146484375,160.17999267578125,160.19000244140625,0.0
2026-06-17 14:00:00+00:00,160.19000244140625,160.24899291992188,160.18800354003906,160.23699951171875,0.0
2026-06-17 14:15:00+00:00,160.23699951171875,160.2779998779297,160.2270050048828,160.2469940185547,0.0
2026-06-17 14:30:00+00:00,160.24899291992188,160.2570037841797,160.22500610351562,160.24400329589844,0.0
2026-06-17 14:45:00+00:00,160.24400329589844,160.3520050048828,160.24400329589844,160.31700134277344,0.0
2026-06-17 15:00:00+00:00,160.31500244140625,160.33700561523438,160.2740020751953,160.2779998779297,0.0
2026-06-17 15:15:00+00:00,160.2779998779297,160.29100036621094,160.21099853515625,160.22500610351562,0.0
2026-06-17 15:30:00+00:00,160.2239990234375,160.26300048828125,160.18600463867188,160.24000549316406,0.0
2026-06-17 15:45:00+00:00,160.24000549316406,160.24600219726562,160.19700622558594,160.21600341796875,0.0
2026-06-17 16:00:00+00:00,160.21600341796875,160.23699951171875,160.1929931640625,160.22500610351562,0.0
2026-06-17 16:15:00+00:00,160.2239990234375,160.23199462890625,160.1929931640625,160.2010040283203,0.0
2026-06-17 16:30:00+00:00,160.19900512695312,160.218994140625,160.19000244140625,160.21200561523438,0.0
2026-06-17 16:45:00+00:00,160.2050018310547,160.21499633789062,160.18899536132812,160.19000244140625,0.0
2026-06-17 17:00:00+00:00,160.19200134277344,160.23699951171875,160.18800354003906,160.20799255371094,0.0
2026-06-17 17:15:00+00:00,160.20199584960938,160.2270050048828,160.19200134277344,160.1929931640625,0.0
2026-06-17 17:30:00+00:00,160.1929931640625,160.22000122070312,160.18699645996094,160.2100067138672,0.0
2026-06-17 17:45:00+00:00,160.20899963378906,160.2270050048828,160.1699981689453,160.1699981689453,0.0
2026-06-17 18:00:00+00:00,160.1820068359375,160.47799682617188,160.1820068359375,160.4459991455078,0.0
2026-06-17 18:15:00+00:00,160.447998046875,160.4759979248047,160.39300537109375,160.46400451660156,0.0
2026-06-17 18:30:00+00:00,160.45799255371094,160.51499938964844,160.322998046875,160.3459930419922,0.0
2026-06-17 18:45:00+00:00,160.3470001220703,160.5019989013672,160.32699584960938,160.4949951171875,0.0
2026-06-17 19:00:00+00:00,160.48800659179688,160.6020050048828,160.46299743652344,160.54100036621094,0.0
2026-06-17 19:15:00+00:00,160.54800415039062,160.69500732421875,160.53799438476562,160.6840057373047,0.0
2026-06-17 19:30:00+00:00,160.69000244140625,160.79600524902344,160.677001953125,160.7259979248047,0.0
2026-06-17 19:45:00+00:00,160.7259979248047,160.77200317382812,160.66900634765625,160.7310028076172,0.0
2026-06-17 20:00:00+00:00,160.72999572753906,160.75799560546875,160.69000244140625,160.73399353027344,0.0
2026-06-17 20:15:00+00:00,160.7310028076172,160.75100708007812,160.66900634765625,160.6719970703125,0.0
2026-06-17 20:30:00+00:00,160.6840057373047,160.70799255371094,160.6490020751953,160.68699645996094,0.0
2026-06-17 20:45:00+00:00,160.67300415039062,160.69700622558594,160.6009979248047,160.6300048828125,0.0
2026-06-17 21:00:00+00:00,160.6300048828125,160.6320037841797,160.58700561523438,160.61199951171875,0.0
2026-06-17 21:15:00+00:00,160.58700561523438,160.63400268554688,160.54100036621094,160.5489959716797,0.0
2026-06-17 21:30:00+00:00,160.56900024414062,160.57699584960938,160.5240020751953,160.572998046875,0.0
2026-06-17 21:45:00+00:00,160.55799865722656,160.60899353027344,160.49000549316406,160.55299377441406,0.0
2026-06-17 22:00:00+00:00,160.54400634765625,160.65499877929688,160.51100158691406,160.5959930419922,0.0
2026-06-17 22:15:00+00:00,160.59500122070312,160.64999389648438,160.58900451660156,160.61399841308594,0.0
2026-06-17 22:30:00+00:00,160.60499572753906,160.63099670410156,160.6020050048828,160.6179962158203,0.0
2026-06-17 22:45:00+00:00,160.62100219726562,160.62100219726562,160.58999633789062,160.60000610351562,0.0
2026-06-17 23:00:00+00:00,160.5989990234375,160.61199951171875,160.52999877929688,160.53199768066406,0.0
2026-06-17 23:15:00+00:00,160.53199768066406,160.58700561523438,160.52999877929688,160.58299255371094,0.0
2026-06-17 23:30:00+00:00,160.5780029296875,160.6009979248047,160.56199645996094,160.56500244140625,0.0
2026-06-17 23:45:00+00:00,160.56700134277344,160.62399291992188,160.56500244140625,160.6020050048828,0.0
2026-06-18 00:00:00+00:00,160.60000610351562,160.62100219726562,160.5260009765625,160.5970001220703,0.0
2026-06-18 00:15:00+00:00,160.6020050048828,160.6479949951172,160.58200073242188,160.63400268554688,0.0
2026-06-18 00:30:00+00:00,160.63400268554688,160.68800354003906,160.62100219726562,160.66600036621094,0.0
2026-06-18 00:45:00+00:00,160.66700744628906,160.75100708007812,160.6649932861328,160.6929931640625,0.0
2026-06-18 01:00:00+00:00,160.6929931640625,160.69900512695312,160.65899658203125,160.67300415039062,0.0
2026-06-18 01:15:00+00:00,160.67300415039062,160.68299865722656,160.63800048828125,160.64300537109375,0.0
2026-06-18 01:30:00+00:00,160.64199829101562,160.6840057373047,160.6320037841797,160.63999938964844,0.0
2026-06-18 01:45:00+00:00,160.6320037841797,160.6540069580078,160.6179962158203,160.6320037841797,0.0
2026-06-18 02:00:00+00:00,160.6320037841797,160.6649932861328,160.60800170898438,160.61900329589844,0.0
2026-06-18 02:15:00+00:00,160.61900329589844,160.64199829101562,160.61000061035156,160.61500549316406,0.0
2026-06-18 02:30:00+00:00,160.61500549316406,160.64599609375,160.5679931640625,160.5800018310547,0.0
2026-06-18 02:45:00+00:00,160.56900024414062,160.59300231933594,160.5540008544922,160.58200073242188,0.0
2026-06-18 03:00:00+00:00,160.58099365234375,160.61599731445312,160.56900024414062,160.58700561523438,0.0
2026-06-18 03:15:00+00:00,160.58700561523438,160.593994140625,160.55799865722656,160.57899475097656,0.0
2026-06-18 03:30:00+00:00,160.5749969482422,160.60400390625,160.57000732421875,160.5850067138672,0.0
2026-06-18 03:45:00+00:00,160.58399963378906,160.59300231933594,160.56900024414062,160.5760040283203,0.0
2026-06-18 04:00:00+00:00,160.5760040283203,160.5959930419922,160.56900024414062,160.58299255371094,0.0
2026-06-18 04:15:00+00:00,160.58399963378906,160.6219940185547,160.58299255371094,160.6060028076172,0.0
2026-06-18 04:30:00+00:00,160.61399841308594,160.6230010986328,160.58200073242188,160.58999633789062,0.0
2026-06-18 04:45:00+00:00,160.59100341796875,160.61000061035156,160.58200073242188,160.59500122070312,0.0
2026-06-18 05:00:00+00:00,160.58900451660156,160.60899353027344,160.5800018310547,160.59100341796875,0.0
2026-06-18 05:15:00+00:00,160.59300231933594,160.60899353027344,160.5760040283203,160.6020050048828,0.0
2026-06-18 05:30:00+00:00,160.60299682617188,160.61900329589844,160.58099365234375,160.60299682617188,0.0
2026-06-18 05:45:00+00:00,160.6020050048828,160.65199279785156,160.60000610351562,160.64500427246094,0.0
2026-06-18 06:00:00+00:00,160.63800048828125,160.64599609375,160.58599853515625,160.60299682617188,0.0
2026-06-18 06:15:00+00:00,160.60299682617188,160.64999389648438,160.59800720214844,160.63699340820312,0.0
2026-06-18 06:30:00+00:00,160.625,160.677001953125,160.62399291992188,160.625,0.0
2026-06-18 06:45:00+00:00,160.6280059814453,160.68299865722656,160.6230010986328,160.62600708007812,0.0
2026-06-18 07:00:00+00:00,160.63099670410156,160.63600158691406,160.572998046875,160.5959930419922,0.0
2026-06-18 07:15:00+00:00,160.6009979248047,160.63299560546875,160.58700561523438,160.59500122070312,0.0
2026-06-18 07:30:00+00:00,160.5959930419922,160.68299865722656,160.5959930419922,160.5970001220703,0.0
2026-06-18 07:45:00+00:00,160.60000610351562,160.63299560546875,160.56700134277344,160.58900451660156,0.0
2026-06-18 08:00:00+00:00,160.58900451660156,160.6219940185547,160.58299255371094,160.61700439453125,0.0
2026-06-18 08:15:00+00:00,160.6060028076172,160.64999389648438,160.6060028076172,160.6320037841797,0.0
2026-06-18 08:30:00+00:00,160.62899780273438,160.6999969482422,160.6219940185547,160.69500732421875,0.0
2026-06-18 08:45:00+00:00,160.69400024414062,160.7790069580078,160.67999267578125,160.77000427246094,0.0
2026-06-18 09:00:00+00:00,160.7689971923828,160.7989959716797,160.46499633789062,160.6959991455078,0.0
2026-06-18 09:15:00+00:00,160.6959991455078,160.7530059814453,160.66000366210938,160.7100067138672,0.0
2026-06-18 09:30:00+00:00,160.71400451660156,160.75900268554688,160.70599365234375,160.72900390625,0.0
2026-06-18 09:45:00+00:00,160.7209930419922,160.80599975585938,160.71400451660156,160.79200744628906,0.0
2026-06-18 10:00:00+00:00,160.78399658203125,160.89199829101562,160.78199768066406,160.84100341796875,0.0
2026-06-18 10:15:00+00:00,160.84100341796875,160.85699462890625,160.74600219726562,160.82000732421875,0.0
2026-06-18 10:30:00+00:00,160.82000732421875,160.9010009765625,160.81300354003906,160.8939971923828,0.0
2026-06-18 10:45:00+00:00,160.88699340820312,160.9510040283203,160.8800048828125,160.91600036621094,0.0
2026-06-18 11:00:00+00:00,160.9149932861328,160.95199584960938,160.89500427246094,160.93299865722656,0.0
2026-06-18 11:15:00+00:00,160.93899536132812,160.9510040283203,160.88999938964844,160.91200256347656,0.0
2026-06-18 11:30:00+00:00,160.906005859375,160.93499755859375,160.85899353027344,160.92599487304688,0.0
2026-06-18 11:45:00+00:00,160.9320068359375,160.93800354003906,160.90499877929688,160.92999267578125,0.0
2026-06-18 12:00:00+00:00,160.92300415039062,160.94500732421875,160.89100646972656,160.9029998779297,0.0
2026-06-18 12:15:00+00:00,160.9040069580078,160.92999267578125,160.82400512695312,160.86599731445312,0.0
2026-06-18 12:30:00+00:00,160.88699340820312,160.9239959716797,160.84500122070312,160.90699768066406,0.0
2026-06-18 12:45:00+00:00,160.91400146484375,160.91799926757812,160.86199951171875,160.86700439453125,0.0
2026-06-18 13:00:00+00:00,160.86900329589844,160.9290008544922,160.8520050048828,160.86700439453125,0.0
2026-06-18 13:15:00+00:00,160.8730010986328,160.9010009765625,160.8300018310547,160.83200073242188,0.0
2026-06-18 13:30:00+00:00,160.83200073242188,160.86300659179688,160.79299926757812,160.8520050048828,0.0
2026-06-18 13:45:00+00:00,160.86000061035156,160.89599609375,160.8280029296875,160.88099670410156,0.0
2026-06-18 14:00:00+00:00,160.88099670410156,160.9149932861328,160.86199951171875,160.8730010986328,0.0
2026-06-18 14:15:00+00:00,160.86900329589844,160.88999938964844,160.84100341796875,160.86900329589844,0.0
2026-06-18 14:30:00+00:00,160.8719940185547,160.89999389648438,160.86300659179688,160.87100219726562,0.0
2026-06-18 14:45:00+00:00,160.8769989013672,160.88299560546875,160.83399963378906,160.85299682617188,0.0
2026-06-18 15:00:00+00:00,160.85800170898438,160.89300537109375,160.84300231933594,160.88699340820312,0.0
2026-06-18 15:15:00+00:00,160.88699340820312,160.98699951171875,160.88099670410156,160.9739990234375,0.0
2026-06-18 15:30:00+00:00,160.9770050048828,161.0989990234375,160.96499633789062,161.07400512695312,0.0
2026-06-18 15:45:00+00:00,161.07400512695312,161.37399291992188,161.072998046875,161.3679962158203,0.0
2026-06-18 16:00:00+00:00,161.36599731445312,161.3769989013672,161.18699645996094,161.302001953125,0.0
2026-06-18 16:15:00+00:00,161.29600524902344,161.3990020751953,161.2530059814453,161.31100463867188,0.0
2026-06-18 16:30:00+00:00,161.30499267578125,161.3470001220703,161.2519989013672,161.2989959716797,0.0
2026-06-18 16:45:00+00:00,161.2899932861328,161.45399475097656,161.28199768066406,161.4250030517578,0.0
2026-06-18 17:00:00+00:00,161.4199981689453,161.45799255371094,161.39500427246094,161.40499877929688,0.0
2026-06-18 17:15:00+00:00,161.41400146484375,161.41400146484375,161.33099365234375,161.38900756835938,0.0
2026-06-18 17:30:00+00:00,161.38099670410156,161.4320068359375,161.38099670410156,161.40699768066406,0.0
2026-06-18 17:45:00+00:00,161.41200256347656,161.44700622558594,161.39300537109375,161.4459991455078,0.0
2026-06-18 18:00:00+00:00,161.43800354003906,161.45599365234375,161.39599609375,161.40499877929688,0.0
2026-06-18 18:15:00+00:00,161.40499877929688,161.4429931640625,161.39599609375,161.43699645996094,0.0
2026-06-18 18:30:00+00:00,161.43600463867188,161.4929962158203,161.43299865722656,161.4720001220703,0.0
2026-06-18 18:45:00+00:00,161.47000122070312,161.68800354003906,161.45799255371094,161.6719970703125,0.0
2026-06-18 19:00:00+00:00,161.6750030517578,161.8090057373047,161.66900634765625,161.72000122070312,0.0
2026-06-18 19:15:00+00:00,161.71600341796875,161.79400634765625,161.70799255371094,161.73800659179688,0.0
2026-06-18 19:30:00+00:00,161.74000549316406,161.75,160.88299560546875,161.41200256347656,0.0
2026-06-18 19:45:00+00:00,161.427001953125,161.4409942626953,161.2779998779297,161.43299865722656,0.0
2026-06-18 20:00:00+00:00,161.4320068359375,161.46099853515625,161.32200622558594,161.33900451660156,0.0
2026-06-18 20:15:00+00:00,161.3470001220703,161.4080047607422,161.33999633789062,161.36500549316406,0.0
2026-06-18 20:30:00+00:00,161.3560028076172,161.41600036621094,161.35000610351562,161.39199829101562,0.0
2026-06-18 20:45:00+00:00,161.39100646972656,161.41900634765625,161.33700561523438,161.36099243164062,0.0
2026-06-18 21:00:00+00:00,161.33399963378906,161.38999938964844,161.30999755859375,161.33900451660156,0.0
2026-06-18 21:15:00+00:00,161.33799743652344,161.40499877929688,161.33599853515625,161.38099670410156,0.0
2026-06-18 21:30:00+00:00,161.3800048828125,161.38900756835938,161.3000030517578,161.33099365234375,0.0
2026-06-18 21:45:00+00:00,161.32899475097656,161.36099243164062,161.2729949951172,161.3179931640625,0.0
2026-06-18 22:00:00+00:00,161.3179931640625,161.4290008544922,161.25999450683594,161.31399536132812,0.0
2026-06-18 22:15:00+00:00,161.31199645996094,161.3820037841797,161.3070068359375,161.34300231933594,0.0
2026-06-18 22:30:00+00:00,161.35299682617188,161.35899353027344,161.28799438476562,161.28900146484375,0.0
2026-06-18 22:45:00+00:00,161.28900146484375,161.30499267578125,161.16400146484375,161.2530059814453,0.0
2026-06-18 23:00:00+00:00,161.26499938964844,161.33399963378906,161.23800659179688,161.3000030517578,0.0
2026-06-18 23:15:00+00:00,161.3000030517578,161.36000061035156,161.28199768066406,161.3209991455078,0.0
2026-06-18 23:30:00+00:00,161.32000732421875,161.35899353027344,161.2740020751953,161.27699279785156,0.0
2026-06-18 23:45:00+00:00,161.27699279785156,161.3459930419922,161.25799560546875,161.2899932861328,0.0
2026-06-19 00:00:00+00:00,161.29299926757812,161.30299377441406,161.218994140625,161.26100158691406,0.0
2026-06-19 00:15:00+00:00,161.26199340820312,161.26800537109375,161.21600341796875,161.22500610351562,0.0
2026-06-19 00:30:00+00:00,161.23300170898438,161.23300170898438,160.9969940185547,161.11900329589844,0.0
2026-06-19 00:45:00+00:00,161.1179962158203,161.156005859375,161.01600646972656,161.10000610351562,0.0
2026-06-19 01:00:00+00:00,161.093994140625,161.1320037841797,160.9759979248047,161.11199951171875,0.0
2026-06-19 01:15:00+00:00,161.11000061035156,161.14599609375,161.04800415039062,161.0749969482422,0.0
2026-06-19 01:30:00+00:00,161.0679931640625,161.19500732421875,161.06399536132812,161.18899536132812,0.0
2026-06-19 01:45:00+00:00,161.1820068359375,161.21099853515625,161.16900634765625,161.19200134277344,0.0
2026-06-19 02:00:00+00:00,161.19000244140625,161.2220001220703,161.14999389648438,161.20399475097656,0.0
2026-06-19 02:15:00+00:00,161.20599365234375,161.2239990234375,161.13499450683594,161.17100524902344,0.0
2026-06-19 02:30:00+00:00,161.1699981689453,161.20399475097656,161.09800720214844,161.1739959716797,0.0
2026-06-19 02:45:00+00:00,161.17300415039062,161.24400329589844,161.1649932861328,161.22999572753906,0.0
2026-06-19 03:00:00+00:00,161.22300720214844,161.2530059814453,161.19700622558594,161.2259979248047,0.0
2026-06-19 03:15:00+00:00,161.2270050048828,161.30299377441406,161.21800231933594,161.2989959716797,0.0
2026-06-19 03:30:00+00:00,161.29200744628906,161.30099487304688,161.26300048828125,161.26300048828125,0.0
2026-06-19 03:45:00+00:00,161.26800537109375,161.3470001220703,161.2570037841797,161.3459930419922,0.0
2026-06-19 04:00:00+00:00,161.34100341796875,161.41200256347656,161.33999633789062,161.3679962158203,0.0
2026-06-19 04:15:00+00:00,161.36900329589844,161.4010009765625,161.3520050048828,161.38600158691406,0.0
2026-06-19 04:30:00+00:00,161.38099670410156,161.38800048828125,161.35000610351562,161.3560028076172,0.0
2026-06-19 04:45:00+00:00,161.35299682617188,161.38699340820312,161.3249969482422,161.37100219726562,0.0
2026-06-19 05:00:00+00:00,161.3719940185547,161.41000366210938,161.3300018310547,161.4010009765625,0.0
2026-06-19 05:15:00+00:00,161.40199279785156,161.45899963378906,161.38900756835938,161.4010009765625,0.0
2026-06-19 05:30:00+00:00,161.40199279785156,161.41700744628906,161.36500549316406,161.38999938964844,0.0
2026-06-19 05:45:00+00:00,161.38600158691406,161.40199279785156,161.3260040283203,161.33799743652344,0.0
2026-06-19 06:00:00+00:00,161.33099365234375,161.36599731445312,161.29299926757812,161.33599853515625,0.0
2026-06-19 06:15:00+00:00,161.33399963378906,161.38900756835938,161.32400512695312,161.35000610351562,0.0
2026-06-19 06:30:00+00:00,161.3509979248047,161.40199279785156,161.32400512695312,161.35699462890625,0.0
2026-06-19 06:45:00+00:00,161.3489990234375,161.36000061035156,161.25999450683594,161.2689971923828,0.0
2026-06-19 07:00:00+00:00,161.27000427246094,161.28500366210938,161.23300170898438,161.27000427246094,0.0
2026-06-19 07:15:00+00:00,161.26199340820312,161.35299682617188,161.25599670410156,161.30299377441406,0.0
2026-06-19 07:30:00+00:00,161.29800415039062,161.32200622558594,161.28599548339844,161.30799865722656,0.0
2026-06-19 07:45:00+00:00,161.3090057373047,161.3470001220703,161.27099609375,161.31300354003906,0.0
2026-06-19 08:00:00+00:00,161.31100463867188,161.3260040283203,161.23500061035156,161.30099487304688,0.0
2026-06-19 08:15:00+00:00,161.2969970703125,161.31300354003906,161.26100158691406,161.30499267578125,0.0
2026-06-19 08:30:00+00:00,161.3000030517578,161.32000732421875,161.27499389648438,161.29200744628906,0.0
2026-06-19 08:45:00+00:00,161.29200744628906,161.3090057373047,161.2760009765625,161.2790069580078,0.0
2026-06-19 09:00:00+00:00,161.2779998779297,161.32899475097656,161.27099609375,161.2729949951172,0.0
2026-06-19 09:15:00+00:00,161.2830047607422,161.30299377441406,161.25900268554688,161.28700256347656,0.0
2026-06-19 09:30:00+00:00,161.28599548339844,161.28700256347656,161.22300720214844,161.24200439453125,0.0
2026-06-19 09:45:00+00:00,161.23800659179688,161.2729949951172,161.23399353027344,161.2570037841797,0.0
2026-06-19 10:00:00+00:00,161.26400756835938,161.27200317382812,161.23399353027344,161.26199340820312,0.0
2026-06-19 10:15:00+00:00,161.26499938964844,161.32000732421875,161.25900268554688,161.2989959716797,0.0
2026-06-19 10:30:00+00:00,161.2969970703125,161.33299255371094,161.2830047607422,161.3179931640625,0.0
2026-06-19 10:45:00+00:00,161.30999755859375,161.3209991455078,161.2689971923828,161.2740020751953,0.0
2026-06-19 11:00:00+00:00,161.2790069580078,161.3090057373047,161.25999450683594,161.2899932861328,0.0
2026-06-19 11:15:00+00:00,161.28599548339844,161.2949981689453,161.2570037841797,161.2949981689453,0.0
2026-06-19 11:30:00+00:00,161.28900146484375,161.2949981689453,161.2550048828125,161.26499938964844,0.0
2026-06-19 11:45:00+00:00,161.26800537109375,161.27000427246094,161.22900390625,161.2550048828125,0.0
2026-06-19 12:00:00+00:00,161.25,161.2740020751953,161.2100067138672,161.21299743652344,0.0
2026-06-19 12:15:00+00:00,161.2220001220703,161.27499389648438,161.21299743652344,161.26800537109375,0.0
2026-06-19 12:30:00+00:00,161.26800537109375,161.2830047607422,161.23599243164062,161.26800537109375,0.0
2026-06-19 12:45:00+00:00,161.25999450683594,161.27000427246094,161.1510009765625,161.16400146484375,0.0
2026-06-19 13:00:00+00:00,161.16200256347656,161.22999572753906,161.1479949951172,161.22900390625,0.0
2026-06-19 13:15:00+00:00,161.22999572753906,161.27000427246094,161.19900512695312,161.24600219726562,0.0
2026-06-19 13:30:00+00:00,161.2469940185547,161.28799438476562,161.24600219726562,161.27200317382812,0.0
2026-06-19 13:45:00+00:00,161.27099609375,161.30799865722656,161.2480010986328,161.28900146484375,0.0
2026-06-19 14:00:00+00:00,161.28700256347656,161.32200622558594,161.2779998779297,161.28799438476562,0.0
2026-06-19 14:15:00+00:00,161.28399658203125,161.2949981689453,161.2570037841797,161.26800537109375,0.0
2026-06-19 14:30:00+00:00,161.27699279785156,161.29600524902344,161.26699829101562,161.2740020751953,0.0
2026-06-19 14:45:00+00:00,161.2790069580078,161.29200744628906,161.13800048828125,161.1540069580078,0.0
2026-06-19 15:00:00+00:00,161.16299438476562,161.22799682617188,161.125,161.21099853515625,0.0
2026-06-19 15:15:00+00:00,161.21099853515625,161.26699829101562,161.20899963378906,161.26600646972656,0.0
2026-06-19 15:30:00+00:00,161.25999450683594,161.281005859375,161.2519989013672,161.2729949951172,0.0
2026-06-19 15:45:00+00:00,161.27499389648438,161.3090057373047,161.26300048828125,161.3000030517578,0.0
2026-06-19 16:00:00+00:00,161.30099487304688,161.3249969482422,161.29200744628906,161.31199645996094,0.0
2026-06-19 16:15:00+00:00,161.31199645996094,161.32899475097656,161.25999450683594,161.26199340820312,0.0
2026-06-19 16:30:00+00:00,161.25999450683594,161.3419952392578,161.2550048828125,161.33099365234375,0.0
2026-06-19 16:45:00+00:00,161.32400512695312,161.33799743652344,161.31199645996094,161.32200622558594,0.0
2026-06-19 17:00:00+00:00,161.33200073242188,161.33599853515625,161.31100463867188,161.3209991455078,0.0
2026-06-19 17:15:00+00:00,161.3209991455078,161.33299255371094,161.3090057373047,161.3090057373047,0.0
2026-06-19 17:30:00+00:00,161.31300354003906,161.3260040283203,161.2989959716797,161.30299377441406,0.0
2026-06-19 17:45:00+00:00,161.2989959716797,161.30999755859375,161.25399780273438,161.26800537109375,0.0
2026-06-19 18:00:00+00:00,161.26600646972656,161.2830047607422,161.2449951171875,161.27099609375,0.0
2026-06-19 18:15:00+00:00,161.27200317382812,161.281005859375,161.25100708007812,161.27000427246094,0.0
2026-06-19 18:30:00+00:00,161.26300048828125,161.2760009765625,161.23399353027344,161.23399353027344,0.0
2026-06-19 18:45:00+00:00,161.24000549316406,161.27200317382812,161.2270050048828,161.26100158691406,0.0
2026-06-19 19:00:00+00:00,161.26100158691406,161.26400756835938,161.2220001220703,161.25,0.0
2026-06-19 19:15:00+00:00,161.25,161.28500366210938,161.25,161.26400756835938,0.0
2026-06-19 19:30:00+00:00,161.26100158691406,161.2689971923828,161.25,161.26400756835938,0.0
2026-06-19 19:45:00+00:00,161.26199340820312,161.29299926757812,161.25,161.28399658203125,0.0
2026-06-19 20:00:00+00:00,161.28700256347656,161.31300354003906,161.19700622558594,161.24899291992188,0.0
2026-06-19 20:15:00+00:00,161.2469940185547,161.32000732421875,161.2030029296875,161.2989959716797,0.0
2026-06-19 20:30:00+00:00,161.31300354003906,161.31300354003906,161.21400451660156,161.24200439453125,0.0
2026-06-19 20:45:00+00:00,161.2429962158203,161.2969970703125,161.21299743652344,161.27999877929688,0.0
2026-06-19 21:00:00+00:00,161.27499389648438,161.27499389648438,161.27499389648438,161.27499389648438,0.0
2026-06-19 21:15:00+00:00,161.27999877929688,161.27999877929688,161.27999877929688,161.27999877929688,0.0
2026-06-21 23:00:00+00:00,161.44700622558594,161.46400451660156,161.4080047607422,161.4530029296875,0.0
2026-06-21 23:15:00+00:00,161.44900512695312,161.4550018310547,161.41299438476562,161.43699645996094,0.0
2026-06-21 23:30:00+00:00,161.43299865722656,161.48599243164062,161.42799377441406,161.47500610351562,0.0
2026-06-21 23:45:00+00:00,161.4739990234375,161.5189971923828,161.4219970703125,161.4340057373047,0.0
2026-06-22 00:00:00+00:00,161.43299865722656,161.5070037841797,161.41200256347656,161.49000549316406,0.0
2026-06-22 00:15:00+00:00,161.48199462890625,161.4949951171875,161.41600036621094,161.46099853515625,0.0
2026-06-22 00:30:00+00:00,161.4530029296875,161.49899291992188,161.4409942626953,161.47799682617188,0.0
2026-06-22 00:45:00+00:00,161.47799682617188,161.56900024414062,161.4739990234375,161.48899841308594,0.0
2026-06-22 01:00:00+00:00,161.49600219726562,161.4980010986328,161.42999267578125,161.4459991455078,0.0
2026-06-22 01:15:00+00:00,161.44000244140625,161.49600219726562,161.42999267578125,161.46200561523438,0.0
2026-06-22 01:30:00+00:00,161.46200561523438,161.5019989013672,161.447998046875,161.48199462890625,0.0
2026-06-22 01:45:00+00:00,161.47999572753906,161.5489959716797,161.4770050048828,161.5290069580078,0.0
2026-06-22 02:00:00+00:00,161.531005859375,161.5800018310547,161.5279998779297,161.57000732421875,0.0
2026-06-22 02:15:00+00:00,161.57200622558594,161.60000610351562,161.51600646972656,161.55599975585938,0.0
2026-06-22 02:30:00+00:00,161.5540008544922,161.56500244140625,161.51199340820312,161.5279998779297,0.0
2026-06-22 02:45:00+00:00,161.52499389648438,161.54400634765625,161.51699829101562,161.53399658203125,0.0
2026-06-22 03:00:00+00:00,161.5279998779297,161.57200622558594,161.52499389648438,161.56300354003906,0.0
2026-06-22 03:15:00+00:00,161.5570068359375,161.5780029296875,161.54200744628906,161.57200622558594,0.0
2026-06-22 03:30:00+00:00,161.56700134277344,161.60699462890625,161.56399536132812,161.57000732421875,0.0
2026-06-22 03:45:00+00:00,161.57899475097656,161.5919952392578,161.552001953125,161.58799743652344,0.0
2026-06-22 04:00:00+00:00,161.57899475097656,161.6490020751953,161.5760040283203,161.64100646972656,0.0
2026-06-22 04:15:00+00:00,161.63999938964844,161.66799926757812,161.63299560546875,161.65899658203125,0.0
2026-06-22 04:30:00+00:00,161.65199279785156,161.677001953125,161.6479949951172,161.66000366210938,0.0
2026-06-22 04:45:00+00:00,161.66000366210938,161.69400024414062,161.64999389648438,161.65899658203125,0.0
2026-06-22 05:00:00+00:00,161.65899658203125,161.68499755859375,161.64100646972656,161.6580047607422,0.0
2026-06-22 05:15:00+00:00,161.66700744628906,161.6750030517578,161.63699340820312,161.64300537109375,0.0
2026-06-22 05:30:00+00:00,161.64199829101562,161.66099548339844,161.6320037841797,161.6540069580078,0.0
2026-06-22 05:45:00+00:00,161.66099548339844,161.7030029296875,161.64999389648438,161.69500732421875,0.0
2026-06-22 06:00:00+00:00,161.6929931640625,161.71299743652344,161.60699462890625,161.6510009765625,0.0
2026-06-22 06:15:00+00:00,161.65199279785156,161.66299438476562,161.6219940185547,161.63999938964844,0.0
2026-06-22 06:30:00+00:00,161.64100646972656,161.71600341796875,161.63699340820312,161.66799926757812,0.0
2026-06-22 06:45:00+00:00,161.6649932861328,161.68800354003906,161.6479949951172,161.6820068359375,0.0
2026-06-22 07:00:00+00:00,161.67599487304688,161.70899963378906,161.64199829101562,161.6929931640625,0.0
2026-06-22 07:15:00+00:00,161.68600463867188,161.74400329589844,161.67300415039062,161.73399353027344,0.0
2026-06-22 07:30:00+00:00,161.73399353027344,161.76800537109375,161.7220001220703,161.75799560546875,0.0
2026-06-22 07:45:00+00:00,161.75900268554688,161.76800537109375,161.7270050048828,161.73500061035156,0.0
2026-06-22 08:00:00+00:00,161.73500061035156,161.7779998779297,161.6999969482422,161.76600646972656,0.0
2026-06-22 08:15:00+00:00,161.77499389648438,161.78399658203125,161.71400451660156,161.73800659179688,0.0
2026-06-22 08:30:00+00:00,161.73699951171875,161.77499389648438,161.70899963378906,161.7530059814453,0.0
2026-06-22 08:45:00+00:00,161.75799560546875,161.78799438476562,161.75100708007812,161.77099609375,0.0
2026-06-22 09:00:00+00:00,161.76199340820312,161.77499389648438,161.70199584960938,161.71800231933594,0.0
2026-06-22 09:15:00+00:00,161.71600341796875,161.75900268554688,161.71400451660156,161.7429962158203,0.0
2026-06-22 09:30:00+00:00,161.7429962158203,161.75900268554688,161.71299743652344,161.75,0.0
2026-06-22 09:45:00+00:00,161.7469940185547,161.76699829101562,161.70799255371094,161.7429962158203,0.0
2026-06-22 10:00:00+00:00,161.74000549316406,161.75100708007812,161.70199584960938,161.71400451660156,0.0
2026-06-22 10:15:00+00:00,161.71400451660156,161.73300170898438,161.6490020751953,161.68099975585938,0.0
2026-06-22 10:30:00+00:00,161.68099975585938,161.7429962158203,161.6739959716797,161.71800231933594,0.0
2026-06-22 10:45:00+00:00,161.7259979248047,161.72799682617188,161.7030029296875,161.72000122070312,0.0
2026-06-22 11:00:00+00:00,161.72000122070312,161.74600219726562,161.66900634765625,161.71099853515625,0.0
2026-06-22 11:15:00+00:00,161.71099853515625,161.74600219726562,161.7050018310547,161.74099731445312,0.0
2026-06-22 11:30:00+00:00,161.73199462890625,161.74200439453125,161.6999969482422,161.7239990234375,0.0
2026-06-22 11:45:00+00:00,161.7239990234375,161.78700256347656,161.71600341796875,161.76100158691406,0.0
2026-06-22 12:00:00+00:00,161.75999450683594,161.78700256347656,161.73500061035156,161.7570037841797,0.0
2026-06-22 12:15:00+00:00,161.7570037841797,161.78399658203125,161.72799682617188,161.7429962158203,0.0
2026-06-22 12:30:00+00:00,161.7429962158203,161.75900268554688,161.71800231933594,161.7480010986328,0.0
2026-06-22 12:45:00+00:00,161.75,161.781005859375,161.72300720214844,161.76699829101562,0.0
2026-06-22 13:00:00+00:00,161.76800537109375,161.80299377441406,161.72900390625,161.7740020751953,0.0
2026-06-22 13:15:00+00:00,161.7740020751953,161.8520050048828,161.77000427246094,161.8350067138672,0.0
2026-06-22 13:30:00+00:00,161.83700561523438,161.88600158691406,161.80999755859375,161.86199951171875,0.0
2026-06-22 13:45:00+00:00,161.86599731445312,161.90699768066406,161.83900451660156,161.8990020751953,0.0
2026-06-22 14:00:00+00:00,161.89199829101562,161.92799377441406,161.17999267578125,161.6909942626953,0.0
2026-06-22 14:15:00+00:00,161.68499755859375,161.78500366210938,161.64599609375,161.68899536132812,0.0
2026-06-22 14:30:00+00:00,161.69200134277344,161.75999450683594,161.30599975585938,161.49200439453125,0.0
2026-06-22 14:45:00+00:00,161.51600646972656,161.52999877929688,161.05099487304688,161.33099365234375,0.0
2026-06-22 15:00:00+00:00,161.32200622558594,161.36199951171875,161.156005859375,161.20199584960938,0.0
2026-06-22 15:15:00+00:00,161.197998046875,161.46499633789062,161.1580047607422,161.4040069580078,0.0
2026-06-22 15:30:00+00:00,161.3979949951172,161.4530029296875,161.343994140625,161.41600036621094,0.0
2026-06-22 15:45:00+00:00,161.41000366210938,161.5489959716797,161.4080047607422,161.50100708007812,0.0
2026-06-22 16:00:00+00:00,161.50799560546875,161.59800720214844,161.47000122070312,161.56399536132812,0.0
2026-06-22 16:15:00+00:00,161.56300354003906,161.6490020751953,161.52099609375,161.56100463867188,0.0
2026-06-22 16:30:00+00:00,161.56399536132812,161.58900451660156,161.48899841308594,161.55499267578125,0.0
2026-06-22 16:45:00+00:00,161.5590057373047,161.5760040283203,161.51699829101562,161.55099487304688,0.0
2026-06-22 17:00:00+00:00,161.5489959716797,161.56500244140625,161.49000549316406,161.5279998779297,0.0
2026-06-22 17:15:00+00:00,161.52499389648438,161.5449981689453,161.47999572753906,161.50999450683594,0.0
2026-06-22 17:30:00+00:00,161.50999450683594,161.56500244140625,161.50999450683594,161.5399932861328,0.0
2026-06-22 17:45:00+00:00,161.53500366210938,161.5489959716797,161.48899841308594,161.4969940185547,0.0
2026-06-22 18:00:00+00:00,161.49400329589844,161.52499389648438,161.48500061035156,161.48800659179688,0.0
2026-06-22 18:15:00+00:00,161.48899841308594,161.52099609375,161.47900390625,161.49899291992188,0.0
2026-06-22 18:30:00+00:00,161.49899291992188,161.50799560546875,161.41700744628906,161.4239959716797,0.0
2026-06-22 18:45:00+00:00,161.4219970703125,161.46600341796875,161.39199829101562,161.4199981689453,0.0
2026-06-22 19:00:00+00:00,161.41099548339844,161.5760040283203,161.41099548339844,161.55299377441406,0.0
2026-06-22 19:15:00+00:00,161.552001953125,161.6320037841797,161.5489959716797,161.625,0.0
2026-06-22 19:30:00+00:00,161.63299560546875,161.67999267578125,161.60899353027344,161.67300415039062,0.0
2026-06-22 19:45:00+00:00,161.66700744628906,161.69000244140625,161.5919952392578,161.60699462890625,0.0
2026-06-22 20:00:00+00:00,161.61000061035156,161.61000061035156,161.56900024414062,161.58900451660156,0.0
2026-06-22 20:15:00+00:00,161.58799743652344,161.61500549316406,161.55499267578125,161.58200073242188,0.0
2026-06-22 20:30:00+00:00,161.5850067138672,161.60699462890625,161.58099365234375,161.58900451660156,0.0
2026-06-22 20:45:00+00:00,161.58900451660156,161.61399841308594,161.53799438476562,161.57200622558594,0.0
2026-06-22 21:00:00+00:00,161.5240020751953,161.52999877929688,161.49600219726562,161.5260009765625,0.0
2026-06-22 21:15:00+00:00,161.50900268554688,161.5279998779297,161.48399353027344,161.52000427246094,0.0
2026-06-22 21:30:00+00:00,161.48399353027344,161.52999877929688,161.48399353027344,161.51600646972656,0.0
2026-06-22 21:45:00+00:00,161.51400756835938,161.53900146484375,161.48699951171875,161.51600646972656,0.0
2026-06-22 22:00:00+00:00,161.52000427246094,161.60400390625,161.51300048828125,161.58700561523438,0.0
2026-06-22 22:15:00+00:00,161.59500122070312,161.63999938964844,161.5749969482422,161.5959930419922,0.0
2026-06-22 22:30:00+00:00,161.5959930419922,161.61500549316406,161.5800018310547,161.58900451660156,0.0
2026-06-22 22:45:00+00:00,161.58099365234375,161.6020050048828,161.5260009765625,161.5760040283203,0.0
2026-06-22 23:00:00+00:00,161.572998046875,161.5850067138672,161.5449981689453,161.56500244140625,0.0
2026-06-22 23:15:00+00:00,161.5679931640625,161.58900451660156,161.5489959716797,161.57400512695312,0.0
2026-06-22 23:30:00+00:00,161.57000732421875,161.58399963378906,161.5469970703125,161.58200073242188,0.0
2026-06-22 23:45:00+00:00,161.57400512695312,161.58799743652344,161.54600524902344,161.57000732421875,0.0
2026-06-23 00:00:00+00:00,161.57000732421875,161.58900451660156,161.51699829101562,161.5570068359375,0.0
2026-06-23 00:15:00+00:00,161.55799865722656,161.58299255371094,161.53900146484375,161.5469970703125,0.0
2026-06-23 00:30:00+00:00,161.54600524902344,161.6020050048828,161.5330047607422,161.58799743652344,0.0
2026-06-23 00:45:00+00:00,161.58599853515625,161.63400268554688,161.51499938964844,161.58200073242188,0.0
2026-06-23 01:00:00+00:00,161.57200622558594,161.593994140625,161.5469970703125,161.5709991455078,0.0
2026-06-23 01:15:00+00:00,161.56700134277344,161.59300231933594,161.5489959716797,161.56700134277344,0.0
2026-06-23 01:30:00+00:00,161.5749969482422,161.59500122070312,161.56399536132812,161.57899475097656,0.0
2026-06-23 01:45:00+00:00,161.57899475097656,161.60800170898438,161.5749969482422,161.58999633789062,0.0
2026-06-23 02:00:00+00:00,161.58399963378906,161.58900451660156,161.53399658203125,161.54600524902344,0.0
2026-06-23 02:15:00+00:00,161.53399658203125,161.55799865722656,161.51699829101562,161.55099487304688,0.0
2026-06-23 02:30:00+00:00,161.54800415039062,161.55799865722656,161.5240020751953,161.53700256347656,0.0
2026-06-23 02:45:00+00:00,161.53700256347656,161.59800720214844,161.53700256347656,161.5760040283203,0.0
2026-06-23 03:00:00+00:00,161.5760040283203,161.5919952392578,161.55499267578125,161.58900451660156,0.0
2026-06-23 03:15:00+00:00,161.5850067138672,161.60699462890625,161.56199645996094,161.58799743652344,0.0
2026-06-23 03:30:00+00:00,161.58599853515625,161.6020050048828,161.53199768066406,161.55499267578125,0.0
2026-06-23 03:45:00+00:00,161.5489959716797,161.56900024414062,161.54200744628906,161.54800415039062,0.0
2026-06-23 04:00:00+00:00,161.54800415039062,161.58999633789062,161.54299926757812,161.58299255371094,0.0
2026-06-23 04:15:00+00:00,161.58299255371094,161.59500122070312,161.56199645996094,161.57000732421875,0.0
2026-06-23 04:30:00+00:00,161.56900024414062,161.6020050048828,161.56900024414062,161.5919952392578,0.0
2026-06-23 04:45:00+00:00,161.5919952392578,161.61500549316406,161.5800018310547,161.61099243164062,0.0
2026-06-23 05:00:00+00:00,161.60400390625,161.63099670410156,161.5919952392578,161.6179962158203,0.0
2026-06-23 05:15:00+00:00,161.61900329589844,161.6199951171875,161.58399963378906,161.5989990234375,0.0
2026-06-23 05:30:00+00:00,161.59800720214844,161.63099670410156,161.59500122070312,161.61199951171875,0.0
2026-06-23 05:45:00+00:00,161.61700439453125,161.68699645996094,161.61099243164062,161.65199279785156,0.0
2026-06-23 06:00:00+00:00,161.6479949951172,161.68299865722656,161.64300537109375,161.66799926757812,0.0
2026-06-23 06:15:00+00:00,161.66200256347656,161.74099731445312,161.656005859375,161.718994140625,0.0
2026-06-23 06:30:00+00:00,161.7209930419922,161.73899841308594,161.67599487304688,161.6909942626953,0.0
2026-06-23 06:45:00+00:00,161.69000244140625,161.697998046875,161.6320037841797,161.63800048828125,0.0
2026-06-23 07:00:00+00:00,161.63699340820312,161.66099548339844,161.3090057373047,161.5760040283203,0.0
2026-06-23 07:15:00+00:00,161.5659942626953,161.57699584960938,161.37899780273438,161.46099853515625,0.0
2026-06-23 07:30:00+00:00,161.4669952392578,161.54600524902344,161.41700744628906,161.51600646972656,0.0
2026-06-23 07:45:00+00:00,161.5050048828125,161.5240020751953,161.42599487304688,161.45799255371094,0.0
2026-06-23 08:00:00+00:00,161.4600067138672,161.48500061035156,161.26300048828125,161.3979949951172,0.0
2026-06-23 08:15:00+00:00,161.39199829101562,161.4429931640625,161.35699462890625,161.4219970703125,0.0
2026-06-23 08:30:00+00:00,161.42100524902344,161.48199462890625,161.39100646972656,161.447998046875,0.0
2026-06-23 08:45:00+00:00,161.4429931640625,161.46800231933594,161.39700317382812,161.43600463867188,0.0
2026-06-23 09:00:00+00:00,161.4290008544922,161.468994140625,161.33399963378906,161.38299560546875,0.0
2026-06-23 09:15:00+00:00,161.38099670410156,161.43800354003906,161.37600708007812,161.41600036621094,0.0
2026-06-23 09:30:00+00:00,161.41799926757812,161.4499969482422,161.3800048828125,161.41799926757812,0.0
2026-06-23 09:45:00+00:00,161.4250030517578,161.43099975585938,161.3719940185547,161.38499450683594,0.0
2026-06-23 10:00:00+00:00,161.38299560546875,161.42599487304688,161.37600708007812,161.39599609375,0.0
2026-06-23 10:15:00+00:00,161.39599609375,161.4040069580078,161.35400390625,161.3780059814453,0.0
2026-06-23 10:30:00+00:00,161.3699951171875,161.42100524902344,161.34500122070312,161.41200256347656,0.0
2026-06-23 10:45:00+00:00,161.4199981689453,161.47999572753906,161.406005859375,161.45399475097656,0.0
2026-06-23 11:00:00+00:00,161.44700622558594,161.48699951171875,161.4320068359375,161.45899963378906,0.0
2026-06-23 11:15:00+00:00,161.45899963378906,161.50799560546875,161.42300415039062,161.49899291992188,0.0
2026-06-23 11:30:00+00:00,161.5019989013672,161.6060028076172,161.49899291992188,161.57699584960938,0.0
2026-06-23 11:45:00+00:00,161.57699584960938,161.61700439453125,161.572998046875,161.5850067138672,0.0
2026-06-23 12:00:00+00:00,161.58399963378906,161.60800170898438,161.49000549316406,161.5279998779297,0.0
2026-06-23 12:15:00+00:00,161.52000427246094,161.5399932861328,161.47900390625,161.48899841308594,0.0
2026-06-23 12:30:00+00:00,161.48800659179688,161.52099609375,161.43800354003906,161.51699829101562,0.0
2026-06-23 12:45:00+00:00,161.50900268554688,161.5659942626953,161.49400329589844,161.55799865722656,0.0
2026-06-23 13:00:00+00:00,161.5500030517578,161.58099365234375,161.51400756835938,161.55999755859375,0.0
2026-06-23 13:15:00+00:00,161.55299377441406,161.56500244140625,161.4980010986328,161.51199340820312,0.0
2026-06-23 13:30:00+00:00,161.5,161.5290069580078,161.45599365234375,161.45599365234375,0.0
2026-06-23 13:45:00+00:00,161.46800231933594,161.53399658203125,161.44200134277344,161.51800537109375,0.0
2026-06-23 14:00:00+00:00,161.51800537109375,161.56399536132812,161.4810028076172,161.5469970703125,0.0
2026-06-23 14:15:00+00:00,161.5469970703125,161.58599853515625,161.53199768066406,161.572998046875,0.0
2026-06-23 14:30:00+00:00,161.572998046875,161.5800018310547,161.53500366210938,161.5590057373047,0.0
2026-06-23 14:45:00+00:00,161.5500030517578,161.58399963378906,161.50599670410156,161.54400634765625,0.0
2026-06-23 15:00:00+00:00,161.53799438476562,161.58700561523438,161.53599548339844,161.5500030517578,0.0
2026-06-23 15:15:00+00:00,161.54800415039062,161.58299255371094,161.52200317382812,161.54200744628906,0.0
2026-06-23 15:30:00+00:00,161.53700256347656,161.5449981689453,161.4969940185547,161.50900268554688,0.0
2026-06-23 15:45:00+00:00,161.50900268554688,161.57400512695312,161.5019989013672,161.54400634765625,0.0
2026-06-23 16:00:00+00:00,161.54400634765625,161.58799743652344,161.54100036621094,161.552001953125,0.0
2026-06-23 16:15:00+00:00,161.5449981689453,161.5780029296875,161.5330047607422,161.572998046875,0.0
2026-06-23 16:30:00+00:00,161.57699584960938,161.58099365234375,161.53199768066406,161.53799438476562,0.0
2026-06-23 16:45:00+00:00,161.53500366210938,161.60000610351562,161.53500366210938,161.59800720214844,0.0
2026-06-23 17:00:00+00:00,161.58900451660156,161.61000061035156,161.57699584960938,161.5989990234375,0.0
2026-06-23 17:15:00+00:00,161.60499572753906,161.62100219726562,161.59100341796875,161.5970001220703,0.0
2026-06-23 17:30:00+00:00,161.59800720214844,161.61399841308594,161.54600524902344,161.552001953125,0.0
2026-06-23 17:45:00+00:00,161.55499267578125,161.59300231933594,161.53500366210938,161.5540008544922,0.0
2026-06-23 18:00:00+00:00,161.5489959716797,161.57699584960938,161.54600524902344,161.57200622558594,0.0
2026-06-23 18:15:00+00:00,161.572998046875,161.58700561523438,161.5590057373047,161.57000732421875,0.0
2026-06-23 18:30:00+00:00,161.57000732421875,161.5959930419922,161.5449981689453,161.56900024414062,0.0
2026-06-23 18:45:00+00:00,161.55799865722656,161.58200073242188,161.53399658203125,161.56199645996094,0.0
2026-06-23 19:00:00+00:00,161.56300354003906,161.57400512695312,161.54200744628906,161.5469970703125,0.0
2026-06-23 19:15:00+00:00,161.5469970703125,161.5709991455078,161.53500366210938,161.5489959716797,0.0
2026-06-23 19:30:00+00:00,161.5489959716797,161.5540008544922,161.5070037841797,161.53799438476562,0.0
2026-06-23 19:45:00+00:00,161.54100036621094,161.57200622558594,161.52000427246094,161.57000732421875,0.0
2026-06-23 20:00:00+00:00,161.5679931640625,161.61099243164062,161.56500244140625,161.58799743652344,0.0
2026-06-23 20:15:00+00:00,161.58599853515625,161.60400390625,161.56399536132812,161.5679931640625,0.0
2026-06-23 20:30:00+00:00,161.56900024414062,161.59300231933594,161.56500244140625,161.58099365234375,0.0
2026-06-23 20:45:00+00:00,161.58099365234375,161.5959930419922,161.50799560546875,161.5500030517578,0.0
2026-06-23 21:00:00+00:00,161.48199462890625,161.50100708007812,161.4720001220703,161.48300170898438,0.0
2026-06-23 21:15:00+00:00,161.48199462890625,161.5050048828125,161.46600341796875,161.48800659179688,0.0
2026-06-23 21:30:00+00:00,161.49099731445312,161.52099609375,161.48300170898438,161.5019989013672,0.0
2026-06-23 21:45:00+00:00,161.5,161.55299377441406,161.46499633789062,161.5019989013672,0.0
2026-06-23 22:00:00+00:00,161.5030059814453,161.60699462890625,161.49099731445312,161.56100463867188,0.0
2026-06-23 22:15:00+00:00,161.56100463867188,161.58599853515625,161.54800415039062,161.57200622558594,0.0
2026-06-23 22:30:00+00:00,161.572998046875,161.5780029296875,161.5279998779297,161.5489959716797,0.0
2026-06-23 22:45:00+00:00,161.5500030517578,161.56700134277344,161.5229949951172,161.5540008544922,0.0
2026-06-23 23:00:00+00:00,161.55799865722656,161.56399536132812,161.52099609375,161.54800415039062,0.0
2026-06-23 23:15:00+00:00,161.5469970703125,161.57699584960938,161.54200744628906,161.5659942626953,0.0
2026-06-23 23:30:00+00:00,161.55499267578125,161.57699584960938,161.54200744628906,161.55299377441406,0.0
2026-06-23 23:45:00+00:00,161.54600524902344,161.60899353027344,161.5399932861328,161.6020050048828,0.0
2026-06-24 00:00:00+00:00,161.59500122070312,161.60299682617188,161.54200744628906,161.5679931640625,0.0
2026-06-24 00:15:00+00:00,161.57000732421875,161.61900329589844,161.552001953125,161.5989990234375,0.0
2026-06-24 00:30:00+00:00,161.5959930419922,161.61900329589844,161.58599853515625,161.60899353027344,0.0
2026-06-24 00:45:00+00:00,161.61000061035156,161.63600158691406,161.5709991455078,161.625,0.0
2026-06-24 01:00:00+00:00,161.61900329589844,161.6280059814453,161.56500244140625,161.58099365234375,0.0
2026-06-24 01:15:00+00:00,161.5760040283203,161.58700561523438,161.56100463867188,161.56700134277344,0.0
2026-06-24 01:30:00+00:00,161.56700134277344,161.58700561523438,161.5469970703125,161.55599975585938,0.0
2026-06-24 01:45:00+00:00,161.552001953125,161.58200073242188,161.54299926757812,161.56399536132812,0.0
2026-06-24 02:00:00+00:00,161.56300354003906,161.58799743652344,161.55499267578125,161.5570068359375,0.0
2026-06-24 02:15:00+00:00,161.55799865722656,161.5659942626953,161.52699279785156,161.5540008544922,0.0
2026-06-24 02:30:00+00:00,161.5500030517578,161.5679931640625,161.53900146484375,161.5570068359375,0.0
2026-06-24 02:45:00+00:00,161.5570068359375,161.56700134277344,161.5399932861328,161.54100036621094,0.0
2026-06-24 03:00:00+00:00,161.5449981689453,161.60400390625,161.54100036621094,161.60000610351562,0.0
2026-06-24 03:15:00+00:00,161.59500122070312,161.60000610351562,161.54600524902344,161.54800415039062,0.0
2026-06-24 03:30:00+00:00,161.552001953125,161.56900024414062,161.54100036621094,161.56199645996094,0.0
2026-06-24 03:45:00+00:00,161.56199645996094,161.57000732421875,161.53799438476562,161.54400634765625,0.0
2026-06-24 04:00:00+00:00,161.54600524902344,161.56500244140625,161.5229949951172,161.5469970703125,0.0
2026-06-24 04:15:00+00:00,161.5469970703125,161.56199645996094,161.53500366210938,161.55499267578125,0.0
2026-06-24 04:30:00+00:00,161.5570068359375,161.56199645996094,161.53399658203125,161.55499267578125,0.0
2026-06-24 04:45:00+00:00,161.5469970703125,161.55999755859375,161.53399658203125,161.5500030517578,0.0
2026-06-24 05:00:00+00:00,161.5500030517578,161.5679931640625,161.53500366210938,161.5500030517578,0.0
2026-06-24 05:15:00+00:00,161.54299926757812,161.6179962158203,161.54100036621094,161.593994140625,0.0
2026-06-24 05:30:00+00:00,161.593994140625,161.61599731445312,161.57899475097656,161.593994140625,0.0
2026-06-24 05:45:00+00:00,161.58799743652344,161.61599731445312,161.5709991455078,161.60800170898438,0.0
2026-06-24 06:00:00+00:00,161.6020050048828,161.6540069580078,161.6020050048828,161.63699340820312,0.0
2026-06-24 06:15:00+00:00,161.62899780273438,161.68800354003906,161.625,161.68099975585938,0.0
2026-06-24 06:30:00+00:00,161.68099975585938,161.68899536132812,161.572998046875,161.677001953125,0.0
2026-06-24 06:45:00+00:00,161.6699981689453,161.71800231933594,161.64999389648438,161.70399475097656,0.0
2026-06-24 07:00:00+00:00,161.7100067138672,161.72900390625,161.67799377441406,161.71499633789062,0.0
2026-06-24 07:15:00+00:00,161.71400451660156,161.7270050048828,161.67799377441406,161.6820068359375,0.0
2026-06-24 07:30:00+00:00,161.6790008544922,161.69900512695312,161.65699768066406,161.66299438476562,0.0
2026-06-24 07:45:00+00:00,161.66299438476562,161.74000549316406,161.66299438476562,161.72500610351562,0.0
2026-06-24 08:00:00+00:00,161.7100067138672,161.7550048828125,161.677001953125,161.73699951171875,0.0
2026-06-24 08:15:00+00:00,161.72999572753906,161.73800659179688,161.67999267578125,161.697998046875,0.0
2026-06-24 08:30:00+00:00,161.69400024414062,161.74000549316406,161.6750030517578,161.7270050048828,0.0
2026-06-24 08:45:00+00:00,161.72799682617188,161.7570037841797,161.70899963378906,161.74899291992188,0.0
2026-06-24 09:00:00+00:00,161.75100708007812,161.781005859375,161.7429962158203,161.75799560546875,0.0
2026-06-24 09:15:00+00:00,161.75799560546875,161.7740020751953,161.7429962158203,161.75799560546875,0.0
2026-06-24 09:30:00+00:00,161.75999450683594,161.77499389648438,161.70399475097656,161.73699951171875,0.0
2026-06-24 09:45:00+00:00,161.73800659179688,161.75399780273438,161.71499633789062,161.7429962158203,0.0
2026-06-24 10:00:00+00:00,161.73300170898438,161.7519989013672,161.7030029296875,161.70700073242188,0.0
2026-06-24 10:15:00+00:00,161.70700073242188,161.7469940185547,161.70700073242188,161.72000122070312,0.0
2026-06-24 10:30:00+00:00,161.718994140625,161.73300170898438,161.67799377441406,161.68800354003906,0.0
2026-06-24 10:45:00+00:00,161.6840057373047,161.7220001220703,161.6739959716797,161.68299865722656,0.0
2026-06-24 11:00:00+00:00,161.6840057373047,161.70899963378906,161.65699768066406,161.69500732421875,0.0
2026-06-24 11:15:00+00:00,161.6999969482422,161.71800231933594,161.6439971923828,161.66200256347656,0.0
2026-06-24 11:30:00+00:00,161.66099548339844,161.69500732421875,161.64500427246094,161.6649932861328,0.0
2026-06-24 11:45:00+00:00,161.66400146484375,161.68299865722656,161.6179962158203,161.65499877929688,0.0
2026-06-24 12:00:00+00:00,161.64700317382812,161.6959991455078,161.62899780273438,161.6739959716797,0.0
2026-06-24 12:15:00+00:00,161.67599487304688,161.7010040283203,161.65499877929688,161.6820068359375,0.0
2026-06-24 12:30:00+00:00,161.68099975585938,161.7429962158203,161.6790008544922,161.71299743652344,0.0
2026-06-24 12:45:00+00:00,161.71299743652344,161.7530059814453,161.70700073242188,161.7480010986328,0.0
2026-06-24 13:00:00+00:00,161.7480010986328,161.76199340820312,161.70399475097656,161.73500061035156,0.0
2026-06-24 13:15:00+00:00,161.73199462890625,161.7550048828125,161.697998046875,161.70599365234375,0.0
2026-06-24 13:30:00+00:00,161.7050018310547,161.7469940185547,161.69500732421875,161.72000122070312,0.0
2026-06-24 13:45:00+00:00,161.71800231933594,161.76600646972656,161.71800231933594,161.7480010986328,0.0
2026-06-24 14:00:00+00:00,161.74600219726562,161.75799560546875,161.697998046875,161.7169952392578,0.0
2026-06-24 14:15:00+00:00,161.72000122070312,161.75599670410156,161.71400451660156,161.73300170898438,0.0
2026-06-24 14:30:00+00:00,161.73300170898438,161.75100708007812,161.7169952392578,161.73800659179688,0.0
2026-06-24 14:45:00+00:00,161.73699951171875,161.81700134277344,161.71800231933594,161.78199768066406,0.0
2026-06-24 15:00:00+00:00,161.78199768066406,161.81300354003906,161.75799560546875,161.78700256347656,0.0
2026-06-24 15:15:00+00:00,161.79100036621094,161.7949981689453,161.7270050048828,161.77200317382812,0.0
2026-06-24 15:30:00+00:00,161.76499938964844,161.79299926757812,161.74200439453125,161.74600219726562,0.0
2026-06-24 15:45:00+00:00,161.74600219726562,161.77000427246094,161.74099731445312,161.75100708007812,0.0
2026-06-24 16:00:00+00:00,161.75100708007812,161.76800537109375,161.72000122070312,161.75399780273438,0.0
2026-06-24 16:15:00+00:00,161.75599670410156,161.77099609375,161.72000122070312,161.72000122070312,0.0
2026-06-24 16:30:00+00:00,161.73199462890625,161.74200439453125,161.6840057373047,161.74000549316406,0.0
2026-06-24 16:45:00+00:00,161.73899841308594,161.76100158691406,161.72999572753906,161.7530059814453,0.0
2026-06-24 17:00:00+00:00,161.7530059814453,161.79400634765625,161.74200439453125,161.78700256347656,0.0
2026-06-24 17:15:00+00:00,161.78900146484375,161.80999755859375,161.77000427246094,161.78900146484375,0.0
2026-06-24 17:30:00+00:00,161.78599548339844,161.7899932861328,161.72799682617188,161.7790069580078,0.0
2026-06-24 17:45:00+00:00,161.77699279785156,161.82200622558594,161.77699279785156,161.80999755859375,0.0
2026-06-24 18:00:00+00:00,161.80999755859375,161.822998046875,161.7949981689453,161.80799865722656,0.0
2026-06-24 18:15:00+00:00,161.81300354003906,161.8300018310547,161.7830047607422,161.78599548339844,0.0
2026-06-24 18:30:00+00:00,161.78599548339844,161.80599975585938,161.75599670410156,161.78700256347656,0.0
2026-06-24 18:45:00+00:00,161.79100036621094,161.79299926757812,161.7550048828125,161.75599670410156,0.0
2026-06-24 19:00:00+00:00,161.7570037841797,161.79299926757812,161.74400329589844,161.78500366210938,0.0
2026-06-24 19:15:00+00:00,161.781005859375,161.84300231933594,161.781005859375,161.83099365234375,0.0
2026-06-24 19:30:00+00:00,161.83099365234375,161.84100341796875,161.80299377441406,161.81399536132812,0.0
2026-06-24 19:45:00+00:00,161.80799865722656,161.8260040283203,161.781005859375,161.81500244140625,0.0
2026-06-24 20:00:00+00:00,161.82400512695312,161.83200073242188,161.78500366210938,161.81399536132812,0.0
2026-06-24 20:15:00+00:00,161.80799865722656,161.82899475097656,161.79800415039062,161.80499267578125,0.0
2026-06-24 20:30:00+00:00,161.802001953125,161.82699584960938,161.7899932861328,161.79100036621094,0.0
2026-06-24 20:45:00+00:00,161.78900146484375,161.82200622558594,161.7480010986328,161.7550048828125,0.0
2026-06-24 21:00:00+00:00,161.72799682617188,161.76300048828125,161.71200561523438,161.7220001220703,0.0
2026-06-24 21:15:00+00:00,161.7209930419922,161.76400756835938,161.70899963378906,161.73599243164062,0.0
2026-06-24 21:30:00+00:00,161.71099853515625,161.76400756835938,161.7100067138672,161.75,0.0
2026-06-24 21:45:00+00:00,161.75,161.78599548339844,161.72500610351562,161.73899841308594,0.0
2026-06-24 22:00:00+00:00,161.73899841308594,161.7830047607422,161.68899536132812,161.75399780273438,0.0
2026-06-24 22:15:00+00:00,161.76400756835938,161.7729949951172,161.74099731445312,161.74600219726562,0.0
2026-06-24 22:30:00+00:00,161.75599670410156,161.75999450683594,161.72500610351562,161.73599243164062,0.0
2026-06-24 22:45:00+00:00,161.73699951171875,161.7790069580078,161.73599243164062,161.7689971923828,0.0
2026-06-24 23:00:00+00:00,161.75999450683594,161.78599548339844,161.75100708007812,161.76100158691406,0.0
2026-06-24 23:15:00+00:00,161.76100158691406,161.78500366210938,161.7429962158203,161.77999877929688,0.0
2026-06-24 23:30:00+00:00,161.7779998779297,161.79100036621094,161.75999450683594,161.76300048828125,0.0
2026-06-24 23:45:00+00:00,161.76300048828125,161.78900146484375,161.75799560546875,161.76300048828125,0.0
2026-06-25 00:00:00+00:00,161.76300048828125,161.7779998779297,161.7209930419922,161.76699829101562,0.0
2026-06-25 00:15:00+00:00,161.76800537109375,161.78199768066406,161.7239990234375,161.74600219726562,0.0
2026-06-25 00:30:00+00:00,161.74000549316406,161.7519989013672,161.7239990234375,161.72799682617188,0.0
2026-06-25 00:45:00+00:00,161.72999572753906,161.75100708007812,161.6909942626953,161.70599365234375,0.0
2026-06-25 01:00:00+00:00,161.70700073242188,161.74400329589844,161.69900512695312,161.7010040283203,0.0
2026-06-25 01:15:00+00:00,161.7010040283203,161.7169952392578,161.5500030517578,161.66299438476562,0.0
2026-06-25 01:30:00+00:00,161.66200256347656,161.68800354003906,161.63299560546875,161.6699981689453,0.0
2026-06-25 01:45:00+00:00,161.6699981689453,161.74099731445312,161.6699981689453,161.718994140625,0.0
2026-06-25 02:00:00+00:00,161.71800231933594,161.72999572753906,161.66799926757812,161.6790008544922,0.0
2026-06-25 02:15:00+00:00,161.6750030517578,161.6820068359375,161.656005859375,161.67799377441406,0.0
2026-06-25 02:30:00+00:00,161.6790008544922,161.70700073242188,161.6699981689453,161.7010040283203,0.0
2026-06-25 02:45:00+00:00,161.6959991455078,161.7209930419922,161.68800354003906,161.70700073242188,0.0
2026-06-25 03:00:00+00:00,161.70899963378906,161.718994140625,161.68800354003906,161.70199584960938,0.0
2026-06-25 03:15:00+00:00,161.6999969482422,161.7239990234375,161.68899536132812,161.7100067138672,0.0
2026-06-25 03:30:00+00:00,161.71099853515625,161.73199462890625,161.70199584960938,161.7270050048828,0.0
2026-06-25 03:45:00+00:00,161.72300720214844,161.75399780273438,161.71400451660156,161.72500610351562,0.0
2026-06-25 04:00:00+00:00,161.7169952392578,161.74099731445312,161.70799255371094,161.72300720214844,0.0
2026-06-25 04:15:00+00:00,161.72300720214844,161.74099731445312,161.6999969482422,161.7239990234375,0.0
2026-06-25 04:30:00+00:00,161.71800231933594,161.74899291992188,161.7050018310547,161.7449951171875,0.0
2026-06-25 04:45:00+00:00,161.7449951171875,161.7760009765625,161.73599243164062,161.76600646972656,0.0
2026-06-25 05:00:00+00:00,161.75900268554688,161.7689971923828,161.73800659179688,161.75399780273438,0.0
2026-06-25 05:15:00+00:00,161.75399780273438,161.75999450683594,161.72000122070312,161.73399353027344,0.0
2026-06-25 05:30:00+00:00,161.72900390625,161.7729949951172,161.7270050048828,161.75599670410156,0.0
2026-06-25 05:45:00+00:00,161.75599670410156,161.8280029296875,161.75399780273438,161.822998046875,0.0
2026-06-25 06:00:00+00:00,161.83099365234375,161.84100341796875,161.7779998779297,161.81100463867188,0.0
2026-06-25 06:15:00+00:00,161.8040008544922,161.8350067138672,161.8000030517578,161.83399963378906,0.0
2026-06-25 06:30:00+00:00,161.8280029296875,161.85400390625,161.81500244140625,161.83700561523438,0.0
2026-06-25 06:45:00+00:00,161.83099365234375,161.89100646972656,161.8280029296875,161.8800048828125,0.0
2026-06-25 07:00:00+00:00,161.8780059814453,161.88499450683594,161.7449951171875,161.85400390625,0.0
2026-06-25 07:15:00+00:00,161.85400390625,161.89999389648438,161.80099487304688,161.81199645996094,0.0
2026-06-25 07:30:00+00:00,161.81199645996094,161.8509979248047,161.79600524902344,161.83999633789062,0.0
2026-06-25 07:45:00+00:00,161.83700561523438,161.86000061035156,161.7989959716797,161.80499267578125,0.0
2026-06-25 08:00:00+00:00,161.80799865722656,161.8350067138672,161.78799438476562,161.81300354003906,0.0
2026-06-25 08:15:00+00:00,161.81199645996094,161.81900024414062,161.7689971923828,161.7969970703125,0.0
2026-06-25 08:30:00+00:00,161.78799438476562,161.80499267578125,161.77099609375,161.78799438476562,0.0
2026-06-25 08:45:00+00:00,161.78799438476562,161.83599853515625,161.7760009765625,161.79299926757812,0.0
2026-06-25 09:00:00+00:00,161.79299926757812,161.8260040283203,161.78700256347656,161.8179931640625,0.0
2026-06-25 09:15:00+00:00,161.80999755859375,161.83999633789062,161.802001953125,161.82899475097656,0.0
2026-06-25 09:30:00+00:00,161.82899475097656,161.83700561523438,161.78199768066406,161.8179931640625,0.0
2026-06-25 09:45:00+00:00,161.81700134277344,161.82699584960938,161.80099487304688,161.8090057373047,0.0
2026-06-25 10:00:00+00:00,161.8159942626953,161.822998046875,161.79800415039062,161.82200622558594,0.0
2026-06-25 10:15:00+00:00,161.81900024414062,161.8350067138672,161.80799865722656,161.82899475097656,0.0
2026-06-25 10:30:00+00:00,161.8300018310547,161.8459930419922,161.8179931640625,161.83799743652344,0.0
2026-06-25 10:45:00+00:00,161.83799743652344,161.89700317382812,161.83599853515625,161.8780059814453,0.0
2026-06-25 11:00:00+00:00,161.8699951171875,161.88800048828125,161.8520050048828,161.87399291992188,0.0
2026-06-25 11:15:00+00:00,161.86900329589844,161.9040069580078,161.86700439453125,161.89300537109375,0.0
2026-06-25 11:30:00+00:00,161.89300537109375,161.94000244140625,161.875,161.92100524902344,0.0
2026-06-25 11:45:00+00:00,161.92300415039062,161.9499969482422,161.73599243164062,161.85800170898438,0.0
2026-06-25 12:00:00+00:00,161.85800170898438,161.90199279785156,161.83700561523438,161.86099243164062,0.0
2026-06-25 12:15:00+00:00,161.86000061035156,161.9010009765625,161.84800720214844,161.84800720214844,0.0
2026-06-25 12:30:00+00:00,161.8699951171875,161.88299560546875,161.75999450683594,161.79299926757812,0.0
2026-06-25 12:45:00+00:00,161.78199768066406,161.85000610351562,161.7729949951172,161.83299255371094,0.0
2026-06-25 13:00:00+00:00,161.83200073242188,161.85699462890625,161.79400634765625,161.8209991455078,0.0
2026-06-25 13:15:00+00:00,161.81700134277344,161.84100341796875,161.7729949951172,161.7740020751953,0.0
2026-06-25 13:30:00+00:00,161.7779998779297,161.81199645996094,161.76199340820312,161.8040008544922,0.0
2026-06-25 13:45:00+00:00,161.8000030517578,161.822998046875,161.6959991455078,161.73800659179688,0.0
2026-06-25 14:00:00+00:00,161.73699951171875,161.75599670410156,161.55599975585938,161.69900512695312,0.0
2026-06-25 14:15:00+00:00,161.697998046875,161.76199340820312,161.6739959716797,161.74000549316406,0.0
2026-06-25 14:30:00+00:00,161.73699951171875,161.7469940185547,161.66600036621094,161.6699981689453,0.0
2026-06-25 14:45:00+00:00,161.66900634765625,161.6820068359375,161.60499572753906,161.6750030517578,0.0
2026-06-25 15:00:00+00:00,161.67599487304688,161.70899963378906,161.60699462890625,161.68800354003906,0.0
2026-06-25 15:15:00+00:00,161.69000244140625,161.71800231933594,161.61599731445312,161.64999389648438,0.0
2026-06-25 15:30:00+00:00,161.64300537109375,161.7239990234375,161.6269989013672,161.7030029296875,0.0
2026-06-25 15:45:00+00:00,161.697998046875,161.7239990234375,161.64999389648438,161.66799926757812,0.0
2026-06-25 16:00:00+00:00,161.66700744628906,161.71400451660156,161.65199279785156,161.69200134277344,0.0
2026-06-25 16:15:00+00:00,161.6929931640625,161.7030029296875,161.65499877929688,161.68299865722656,0.0
2026-06-25 16:30:00+00:00,161.68800354003906,161.72500610351562,161.68099975585938,161.71800231933594,0.0
2026-06-25 16:45:00+00:00,161.71600341796875,161.76499938964844,161.70599365234375,161.76199340820312,0.0
2026-06-25 17:00:00+00:00,161.76300048828125,161.77499389648438,161.72300720214844,161.75599670410156,0.0
2026-06-25 17:15:00+00:00,161.75,161.7830047607422,161.7469940185547,161.76800537109375,0.0
2026-06-25 17:30:00+00:00,161.76499938964844,161.8090057373047,161.76499938964844,161.79800415039062,0.0
2026-06-25 17:45:00+00:00,161.79800415039062,161.80999755859375,161.7429962158203,161.77000427246094,0.0
2026-06-25 18:00:00+00:00,161.77000427246094,161.843994140625,161.75799560546875,161.76600646972656,0.0
2026-06-25 18:15:00+00:00,161.75900268554688,161.7779998779297,161.7550048828125,161.75799560546875,0.0
2026-06-25 18:30:00+00:00,161.7570037841797,161.8090057373047,161.75599670410156,161.80099487304688,0.0
2026-06-25 18:45:00+00:00,161.80099487304688,161.81399536132812,161.76199340820312,161.79400634765625,0.0
2026-06-25 19:00:00+00:00,161.7899932861328,161.8260040283203,161.7760009765625,161.80999755859375,0.0
2026-06-25 19:15:00+00:00,161.80099487304688,161.81100463867188,161.77200317382812,161.7760009765625,0.0
2026-06-25 19:30:00+00:00,161.7760009765625,161.8040008544922,161.74200439453125,161.79100036621094,0.0
2026-06-25 19:45:00+00:00,161.7899932861328,161.822998046875,161.7740020751953,161.7830047607422,0.0
2026-06-25 20:00:00+00:00,161.7899932861328,161.81500244140625,161.7689971923828,161.802001953125,0.0
2026-06-25 20:15:00+00:00,161.7969970703125,161.8090057373047,161.77999877929688,161.7899932861328,0.0
2026-06-25 20:30:00+00:00,161.79100036621094,161.81100463867188,161.7830047607422,161.79299926757812,0.0
2026-06-25 20:45:00+00:00,161.78399658203125,161.80999755859375,161.76699829101562,161.7740020751953,0.0
2026-06-25 21:00:00+00:00,161.76300048828125,161.7790069580078,161.72500610351562,161.74600219726562,0.0
2026-06-25 21:15:00+00:00,161.7469940185547,161.78599548339844,161.66200256347656,161.76600646972656,0.0
2026-06-25 21:30:00+00:00,161.76699829101562,161.81199645996094,161.72799682617188,161.75999450683594,0.0
2026-06-25 21:45:00+00:00,161.76600646972656,161.8040008544922,161.68899536132812,161.73500061035156,0.0
2026-06-25 22:00:00+00:00,161.75999450683594,161.80799865722656,161.73500061035156,161.7740020751953,0.0
2026-06-25 22:15:00+00:00,161.7740020751953,161.8040008544922,161.76199340820312,161.77499389648438,0.0
2026-06-25 22:30:00+00:00,161.7760009765625,161.7899932861328,161.75999450683594,161.77999877929688,0.0
2026-06-25 22:45:00+00:00,161.7790069580078,161.7989959716797,161.76100158691406,161.78399658203125,0.0
2026-06-25 23:00:00+00:00,161.7779998779297,161.80299377441406,161.7530059814453,161.7899932861328,0.0
2026-06-25 23:15:00+00:00,161.7899932861328,161.8179931640625,161.7899932861328,161.7899932861328,0.0
2026-06-25 23:30:00+00:00,161.79200744628906,161.81399536132812,161.76100158691406,161.79800415039062,0.0
2026-06-25 23:45:00+00:00,161.79299926757812,161.80999755859375,161.77699279785156,161.802001953125,0.0
2026-06-26 00:00:00+00:00,161.7969970703125,161.8280029296875,161.7830047607422,161.8000030517578,0.0
2026-06-26 00:15:00+00:00,161.7989959716797,161.822998046875,161.78399658203125,161.81399536132812,0.0
2026-06-26 00:30:00+00:00,161.81100463867188,161.83200073242188,161.78900146484375,161.80099487304688,0.0
2026-06-26 00:45:00+00:00,161.79800415039062,161.8419952392578,161.79400634765625,161.83200073242188,0.0
2026-06-26 01:00:00+00:00,161.82400512695312,161.83799743652344,161.8040008544922,161.8159942626953,0.0
2026-06-26 01:15:00+00:00,161.81199645996094,161.843994140625,161.80599975585938,161.83399963378906,0.0
2026-06-26 01:30:00+00:00,161.83399963378906,161.85000610351562,161.8159942626953,161.84300231933594,0.0
2026-06-26 01:45:00+00:00,161.843994140625,161.84500122070312,161.78700256347656,161.80499267578125,0.0
2026-06-26 02:00:00+00:00,161.7969970703125,161.81199645996094,161.7760009765625,161.79100036621094,0.0
2026-06-26 02:15:00+00:00,161.78799438476562,161.8179931640625,161.78199768066406,161.8090057373047,0.0
2026-06-26 02:30:00+00:00,161.80999755859375,161.80999755859375,161.7729949951172,161.79400634765625,0.0
2026-06-26 02:45:00+00:00,161.7899932861328,161.8040008544922,161.76300048828125,161.7689971923828,0.0
2026-06-26 03:00:00+00:00,161.77000427246094,161.77999877929688,161.71600341796875,161.7429962158203,0.0
2026-06-26 03:15:00+00:00,161.73599243164062,161.7570037841797,161.718994140625,161.72799682617188,0.0
2026-06-26 03:30:00+00:00,161.7239990234375,161.73800659179688,161.64500427246094,161.6490020751953,0.0
2026-06-26 03:45:00+00:00,161.65199279785156,161.6739959716797,161.61399841308594,161.6479949951172,0.0
2026-06-26 04:00:00+00:00,161.64300537109375,161.68499755859375,161.58799743652344,161.63600158691406,0.0
2026-06-26 04:15:00+00:00,161.62899780273438,161.65499877929688,161.5590057373047,161.59100341796875,0.0
2026-06-26 04:30:00+00:00,161.593994140625,161.6280059814453,161.5659942626953,161.61599731445312,0.0
2026-06-26 04:45:00+00:00,161.60400390625,161.65699768066406,161.60299682617188,161.6219940185547,0.0
2026-06-26 05:00:00+00:00,161.62100219726562,161.64300537109375,161.60800170898438,161.6300048828125,0.0
2026-06-26 05:15:00+00:00,161.62100219726562,161.63900756835938,161.58999633789062,161.5970001220703,0.0
2026-06-26 05:30:00+00:00,161.5959930419922,161.6280059814453,161.55499267578125,161.57200622558594,0.0
2026-06-26 05:45:00+00:00,161.5709991455078,161.5959930419922,161.531005859375,161.53599548339844,0.0
2026-06-26 06:00:00+00:00,161.53599548339844,161.64100646972656,161.52499389648438,161.60299682617188,0.0
2026-06-26 06:15:00+00:00,161.60299682617188,161.68699645996094,161.60000610351562,161.6699981689453,0.0
2026-06-26 06:30:00+00:00,161.6699981689453,161.70399475097656,161.6199951171875,161.69200134277344,0.0
2026-06-26 06:45:00+00:00,161.69200134277344,161.75,161.68899536132812,161.71099853515625,0.0
2026-06-26 07:00:00+00:00,161.71099853515625,161.7270050048828,161.63600158691406,161.6529998779297,0.0
2026-06-26 07:15:00+00:00,161.656005859375,161.70899963378906,161.64599609375,161.68699645996094,0.0
2026-06-26 07:30:00+00:00,161.6909942626953,161.70599365234375,161.61199951171875,161.6490020751953,0.0
2026-06-26 07:45:00+00:00,161.64300537109375,161.6649932861328,161.61599731445312,161.6269989013672,0.0
2026-06-26 08:00:00+00:00,161.6179962158203,161.63900756835938,161.531005859375,161.57200622558594,0.0
2026-06-26 08:15:00+00:00,161.56700134277344,161.6009979248047,161.55299377441406,161.5780029296875,0.0
2026-06-26 08:30:00+00:00,161.58299255371094,161.65699768066406,161.57899475097656,161.60499572753906,0.0
2026-06-26 08:45:00+00:00,161.6060028076172,161.64199829101562,161.56100463867188,161.58900451660156,0.0
2026-06-26 09:00:00+00:00,161.5800018310547,161.5989990234375,161.53500366210938,161.5679931640625,0.0
2026-06-26 09:15:00+00:00,161.5659942626953,161.63099670410156,161.54100036621094,161.5919952392578,0.0
2026-06-26 09:30:00+00:00,161.59300231933594,161.62399291992188,161.56100463867188,161.572998046875,0.0
2026-06-26 09:45:00+00:00,161.572998046875,161.61099243164062,161.5260009765625,161.60499572753906,0.0
2026-06-26 10:00:00+00:00,161.60000610351562,161.61199951171875,161.56399536132812,161.59100341796875,0.0
2026-06-26 10:15:00+00:00,161.58799743652344,161.64300537109375,161.58799743652344,161.6020050048828,0.0
2026-06-26 10:30:00+00:00,161.60800170898438,161.61700439453125,161.5780029296875,161.6060028076172,0.0
2026-06-26 10:45:00+00:00,161.61399841308594,161.63099670410156,161.60400390625,161.61300659179688,0.0
2026-06-26 11:00:00+00:00,161.61300659179688,161.6479949951172,161.6009979248047,161.6300048828125,0.0
2026-06-26 11:15:00+00:00,161.62399291992188,161.63900756835938,161.60400390625,161.6199951171875,0.0
2026-06-26 11:30:00+00:00,161.61700439453125,161.6479949951172,161.61199951171875,161.63400268554688,0.0
2026-06-26 11:45:00+00:00,161.63099670410156,161.6820068359375,161.63099670410156,161.66099548339844,0.0
2026-06-26 12:00:00+00:00,161.65699768066406,161.6699981689453,161.6300048828125,161.65199279785156,0.0
2026-06-26 12:15:00+00:00,161.65199279785156,161.68099975585938,161.6320037841797,161.66700744628906,0.0
2026-06-26 12:30:00+00:00,161.66700744628906,161.7050018310547,161.6580047607422,161.6999969482422,0.0
2026-06-26 12:45:00+00:00,161.69200134277344,161.7030029296875,161.64199829101562,161.6529998779297,0.0
2026-06-26 13:00:00+00:00,161.65499877929688,161.6820068359375,161.6280059814453,161.66299438476562,0.0
2026-06-26 13:15:00+00:00,161.6580047607422,161.72300720214844,161.63400268554688,161.6479949951172,0.0
2026-06-26 13:30:00+00:00,161.6479949951172,161.67100524902344,161.61300659179688,161.6230010986328,0.0
2026-06-26 13:45:00+00:00,161.6230010986328,161.68899536132812,161.6060028076172,161.6219940185547,0.0
2026-06-26 14:00:00+00:00,161.60299682617188,161.64500427246094,161.5989990234375,161.61900329589844,0.0
2026-06-26 14:15:00+00:00,161.61900329589844,161.6280059814453,161.572998046875,161.61000061035156,0.0
2026-06-26 14:30:00+00:00,161.60899353027344,161.64100646972656,161.5959930419922,161.61199951171875,0.0
2026-06-26 14:45:00+00:00,161.60899353027344,161.74099731445312,161.58299255371094,161.72999572753906,0.0
2026-06-26 15:00:00+00:00,161.72000122070312,161.74600219726562,161.63600158691406,161.64999389648438,0.0
2026-06-26 15:15:00+00:00,161.64999389648438,161.67999267578125,161.63800048828125,161.66099548339844,0.0
2026-06-26 15:30:00+00:00,161.6540069580078,161.6739959716797,161.63999938964844,161.6479949951172,0.0
2026-06-26 15:45:00+00:00,161.64700317382812,161.7270050048828,161.6269989013672,161.66600036621094,0.0
2026-06-26 16:00:00+00:00,161.6649932861328,161.6999969482422,161.6529998779297,161.6929931640625,0.0
2026-06-26 16:15:00+00:00,161.69400024414062,161.7480010986328,161.68299865722656,161.73199462890625,0.0
2026-06-26 16:30:00+00:00,161.73199462890625,161.77099609375,161.70599365234375,161.73800659179688,0.0
2026-06-26 16:45:00+00:00,161.73899841308594,161.76600646972656,161.72799682617188,161.75100708007812,0.0
2026-06-26 17:00:00+00:00,161.75,161.76699829101562,161.72300720214844,161.7469940185547,0.0
2026-06-26 17:15:00+00:00,161.7480010986328,161.7530059814453,161.72799682617188,161.73899841308594,0.0
2026-06-26 17:30:00+00:00,161.73699951171875,161.76499938964844,161.73199462890625,161.7469940185547,0.0
2026-06-26 17:45:00+00:00,161.73899841308594,161.77699279785156,161.72900390625,161.77200317382812,0.0
2026-06-26 18:00:00+00:00,161.76499938964844,161.77699279785156,161.73699951171875,161.75399780273438,0.0
2026-06-26 18:15:00+00:00,161.75,161.76800537109375,161.7259979248047,161.73300170898438,0.0
2026-06-26 18:30:00+00:00,161.7310028076172,161.74200439453125,161.70799255371094,161.7239990234375,0.0
2026-06-26 18:45:00+00:00,161.72999572753906,161.74899291992188,161.7050018310547,161.73199462890625,0.0
2026-06-26 19:00:00+00:00,161.7310028076172,161.74600219726562,161.70899963378906,161.718994140625,0.0
2026-06-26 19:15:00+00:00,161.718994140625,161.74099731445312,161.718994140625,161.73500061035156,0.0
2026-06-26 19:30:00+00:00,161.73500061035156,161.76100158691406,161.7220001220703,161.75,0.0
2026-06-26 19:45:00+00:00,161.7480010986328,161.76600646972656,161.7030029296875,161.7570037841797,0.0
2026-06-26 20:00:00+00:00,161.75799560546875,161.76600646972656,161.73800659179688,161.74600219726562,0.0
2026-06-26 20:15:00+00:00,161.74600219726562,161.77999877929688,161.71800231933594,161.7449951171875,0.0
2026-06-26 20:30:00+00:00,161.73599243164062,161.781005859375,161.718994140625,161.72999572753906,0.0
2026-06-26 20:45:00+00:00,161.72999572753906,161.77699279785156,161.6929931640625,161.6929931640625,0.0
2026-06-26 21:00:00+00:00,161.68499755859375,161.68499755859375,161.68499755859375,161.68499755859375,0.0
2026-06-26 21:15:00+00:00,161.72999572753906,161.72999572753906,161.72999572753906,161.72999572753906,0.0
2026-06-28 23:00:00+00:00,161.77999877929688,161.79800415039062,161.76199340820312,161.79800415039062,0.0
2026-06-28 23:15:00+00:00,161.79200744628906,161.7989959716797,161.7830047607422,161.78700256347656,0.0
2026-06-28 23:30:00+00:00,161.78700256347656,161.80999755859375,161.7779998779297,161.78599548339844,0.0
2026-06-28 23:45:00+00:00,161.78900146484375,161.80799865722656,161.77200317382812,161.78700256347656,0.0
2026-06-29 00:00:00+00:00,161.78700256347656,161.7969970703125,161.7310028076172,161.73800659179688,0.0
2026-06-29 00:15:00+00:00,161.73800659179688,161.78900146484375,161.7209930419922,161.76400756835938,0.0
2026-06-29 00:30:00+00:00,161.76199340820312,161.77200317382812,161.73199462890625,161.73599243164062,0.0
2026-06-29 00:45:00+00:00,161.73599243164062,161.77000427246094,161.71099853515625,161.75399780273438,0.0
2026-06-29 01:00:00+00:00,161.7530059814453,161.77499389648438,161.73699951171875,161.7480010986328,0.0
2026-06-29 01:15:00+00:00,161.75,161.7779998779297,161.7270050048828,161.76600646972656,0.0
2026-06-29 01:30:00+00:00,161.75999450683594,161.7779998779297,161.74600219726562,161.76699829101562,0.0
2026-06-29 01:45:00+00:00,161.76600646972656,161.79400634765625,161.76199340820312,161.7899932861328,0.0
2026-06-29 02:00:00+00:00,161.78700256347656,161.79200744628906,161.73599243164062,161.75,0.0
2026-06-29 02:15:00+00:00,161.74899291992188,161.76199340820312,161.72500610351562,161.76100158691406,0.0
2026-06-29 02:30:00+00:00,161.75399780273438,161.7830047607422,161.7519989013672,161.76600646972656,0.0
2026-06-29 02:45:00+00:00,161.76600646972656,161.79200744628906,161.75999450683594,161.7830047607422,0.0
2026-06-29 03:00:00+00:00,161.78199768066406,161.79400634765625,161.7740020751953,161.78599548339844,0.0
2026-06-29 03:15:00+00:00,161.781005859375,161.78799438476562,161.77000427246094,161.7740020751953,0.0
2026-06-29 03:30:00+00:00,161.7740020751953,161.78799438476562,161.76699829101562,161.7790069580078,0.0
2026-06-29 03:45:00+00:00,161.7779998779297,161.7989959716797,161.76699829101562,161.7989959716797,0.0
2026-06-29 04:00:00+00:00,161.7899932861328,161.7989959716797,161.7779998779297,161.78500366210938,0.0
2026-06-29 04:15:00+00:00,161.78599548339844,161.81399536132812,161.78199768066406,161.80799865722656,0.0
2026-06-29 04:30:00+00:00,161.80799865722656,161.81500244140625,161.7899932861328,161.8000030517578,0.0
2026-06-29 04:45:00+00:00,161.7989959716797,161.81500244140625,161.78500366210938,161.80799865722656,0.0
2026-06-29 05:00:00+00:00,161.80799865722656,161.8159942626953,161.77699279785156,161.78399658203125,0.0
2026-06-29 05:15:00+00:00,161.78399658203125,161.81100463867188,161.78199768066406,161.79600524902344,0.0
2026-06-29 05:30:00+00:00,161.79400634765625,161.80599975585938,161.78500366210938,161.78799438476562,0.0
2026-06-29 05:45:00+00:00,161.78900146484375,161.8090057373047,161.77499389648438,161.80299377441406,0.0
2026-06-29 06:00:00+00:00,161.79600524902344,161.82200622558594,161.78700256347656,161.8070068359375,0.0
2026-06-29 06:15:00+00:00,161.80599975585938,161.8509979248047,161.8040008544922,161.83700561523438,0.0
2026-06-29 06:30:00+00:00,161.83799743652344,161.8520050048828,161.79600524902344,161.7969970703125,0.0
2026-06-29 06:45:00+00:00,161.8000030517578,161.81700134277344,161.77000427246094,161.79100036621094,0.0
2026-06-29 07:00:00+00:00,161.78500366210938,161.8179931640625,161.78500366210938,161.80599975585938,0.0
2026-06-29 07:15:00+00:00,161.7989959716797,161.8179931640625,161.78199768066406,161.78500366210938,0.0
2026-06-29 07:30:00+00:00,161.78500366210938,161.81199645996094,161.78399658203125,161.7989959716797,0.0
2026-06-29 07:45:00+00:00,161.7989959716797,161.83200073242188,161.79600524902344,161.82000732421875,0.0
2026-06-29 08:00:00+00:00,161.81900024414062,161.82899475097656,161.79600524902344,161.8070068359375,0.0
2026-06-29 08:15:00+00:00,161.80799865722656,161.85000610351562,161.79800415039062,161.8419952392578,0.0
2026-06-29 08:30:00+00:00,161.83799743652344,161.85699462890625,161.82899475097656,161.8489990234375,0.0
2026-06-29 08:45:00+00:00,161.8489990234375,161.86000061035156,161.83099365234375,161.84800720214844,0.0
2026-06-29 09:00:00+00:00,161.84800720214844,161.86000061035156,161.8249969482422,161.8520050048828,0.0
2026-06-29 09:15:00+00:00,161.86000061035156,161.8820037841797,161.8459930419922,161.875,0.0
2026-06-29 09:30:00+00:00,161.86700439453125,161.8979949951172,161.86199951171875,161.88699340820312,0.0
2026-06-29 09:45:00+00:00,161.88699340820312,161.89999389648438,161.8730010986328,161.88499450683594,0.0
2026-06-29 10:00:00+00:00,161.87899780273438,161.9010009765625,161.8719940185547,161.88499450683594,0.0
2026-06-29 10:15:00+00:00,161.87899780273438,161.8990020751953,161.87399291992188,161.875,0.0
2026-06-29 10:30:00+00:00,161.875,161.88400268554688,161.86199951171875,161.8730010986328,0.0
2026-06-29 10:45:00+00:00,161.86599731445312,161.88400268554688,161.83999633789062,161.8520050048828,0.0
2026-06-29 11:00:00+00:00,161.85000610351562,161.86300659179688,161.83700561523438,161.8509979248047,0.0
2026-06-29 11:15:00+00:00,161.8520050048828,161.86099243164062,161.82699584960938,161.8280029296875,0.0
2026-06-29 11:30:00+00:00,161.8280029296875,161.84800720214844,161.80499267578125,161.83700561523438,0.0
2026-06-29 11:45:00+00:00,161.8470001220703,161.8520050048828,161.81100463867188,161.83399963378906,0.0
2026-06-29 12:00:00+00:00,161.83200073242188,161.86000061035156,161.82699584960938,161.8489990234375,0.0
2026-06-29 12:15:00+00:00,161.843994140625,161.88800048828125,161.8419952392578,161.8780059814453,0.0
2026-06-29 12:30:00+00:00,161.8780059814453,161.90499877929688,161.86099243164062,161.88699340820312,0.0
2026-06-29 12:45:00+00:00,161.88699340820312,161.90199279785156,161.87399291992188,161.88800048828125,0.0
2026-06-29 13:00:00+00:00,161.88900756835938,161.8990020751953,161.8769989013672,161.88800048828125,0.0
2026-06-29 13:15:00+00:00,161.88800048828125,161.93600463867188,161.88299560546875,161.91900634765625,0.0
2026-06-29 13:30:00+00:00,161.91900634765625,161.94700622558594,161.89100646972656,161.93899536132812,0.0
2026-06-29 13:45:00+00:00,161.9320068359375,161.96499633789062,161.8939971923828,161.95199584960938,0.0
2026-06-29 14:00:00+00:00,161.9530029296875,161.95700073242188,161.80299377441406,161.89999389648438,0.0
2026-06-29 14:15:00+00:00,161.90899658203125,161.93099975585938,161.87600708007812,161.92100524902344,0.0
2026-06-29 14:30:00+00:00,161.91200256347656,161.92799377441406,161.88999938964844,161.92100524902344,0.0
2026-06-29 14:45:00+00:00,161.9199981689453,161.93899536132812,161.90199279785156,161.9239959716797,0.0
2026-06-29 15:00:00+00:00,161.9239959716797,161.94400024414062,161.91799926757812,161.92999267578125,0.0
2026-06-29 15:15:00+00:00,161.92999267578125,161.947998046875,161.9149932861328,161.92999267578125,0.0
2026-06-29 15:30:00+00:00,161.927001953125,161.9530029296875,161.91900634765625,161.93299865722656,0.0
2026-06-29 15:45:00+00:00,161.9239959716797,161.94000244140625,161.91799926757812,161.9290008544922,0.0
2026-06-29 16:00:00+00:00,161.93299865722656,161.93899536132812,161.91099548339844,161.9340057373047,0.0
2026-06-29 16:15:00+00:00,161.92599487304688,161.9409942626953,161.9199981689453,161.93699645996094,0.0
2026-06-29 16:30:00+00:00,161.93299865722656,161.9409942626953,161.92100524902344,161.92999267578125,0.0
2026-06-29 16:45:00+00:00,161.92799377441406,161.9459991455078,161.91600036621094,161.93699645996094,0.0
2026-06-29 17:00:00+00:00,161.93800354003906,161.9459991455078,161.9290008544922,161.9340057373047,0.0
2026-06-29 17:15:00+00:00,161.92999267578125,161.9600067138672,161.92999267578125,161.94500732421875,0.0
2026-06-29 17:30:00+00:00,161.9429931640625,161.95199584960938,161.9239959716797,161.94400024414062,0.0
2026-06-29 17:45:00+00:00,161.9409942626953,161.9510040283203,161.91200256347656,161.927001953125,0.0
2026-06-29 18:00:00+00:00,161.93099975585938,161.94900512695312,161.92599487304688,161.9290008544922,0.0
2026-06-29 18:15:00+00:00,161.93499755859375,161.9459991455078,161.92100524902344,161.94000244140625,0.0
2026-06-29 18:30:00+00:00,161.94000244140625,161.9510040283203,161.93800354003906,161.94000244140625,0.0
2026-06-29 18:45:00+00:00,161.94000244140625,161.98399353027344,161.93800354003906,161.96499633789062,0.0
2026-06-29 19:00:00+00:00,161.96499633789062,161.9720001220703,161.94200134277344,161.9600067138672,0.0
2026-06-29 19:15:00+00:00,161.9550018310547,161.96099853515625,161.93099975585938,161.9409942626953,0.0
2026-06-29 19:30:00+00:00,161.93600463867188,161.9409942626953,161.91900634765625,161.92599487304688,0.0
2026-06-29 19:45:00+00:00,161.9239959716797,161.947998046875,161.89999389648438,161.94200134277344,0.0
2026-06-29 20:00:00+00:00,161.9429931640625,161.95700073242188,161.92799377441406,161.92999267578125,0.0
2026-06-29 20:15:00+00:00,161.9290008544922,161.94500732421875,161.92300415039062,161.93499755859375,0.0
2026-06-29 20:30:00+00:00,161.93499755859375,161.96299743652344,161.93299865722656,161.9409942626953,0.0
2026-06-29 20:45:00+00:00,161.9409942626953,161.968994140625,161.9040069580078,161.92599487304688,0.0
2026-06-29 21:00:00+00:00,161.92799377441406,161.92799377441406,161.85499572753906,161.89599609375,0.0
2026-06-29 21:15:00+00:00,161.90199279785156,161.92599487304688,161.8520050048828,161.87399291992188,0.0
2026-06-29 21:30:00+00:00,161.88900756835938,161.91099548339844,161.85000610351562,161.86500549316406,0.0
2026-06-29 21:45:00+00:00,161.86500549316406,161.91099548339844,161.8350067138672,161.89500427246094,0.0
2026-06-29 22:00:00+00:00,161.88999938964844,161.94000244140625,161.82899475097656,161.93099975585938,0.0
2026-06-29 22:15:00+00:00,161.93099975585938,161.94400024414062,161.90499877929688,161.9239959716797,0.0
2026-06-29 22:30:00+00:00,161.91400146484375,161.93899536132812,161.91200256347656,161.93499755859375,0.0
2026-06-29 22:45:00+00:00,161.9199981689453,161.93800354003906,161.91099548339844,161.9250030517578,0.0
2026-06-29 23:00:00+00:00,161.9239959716797,161.92599487304688,161.89999389648438,161.92100524902344,0.0
2026-06-29 23:15:00+00:00,161.9149932861328,161.92999267578125,161.90899658203125,161.91200256347656,0.0
2026-06-29 23:30:00+00:00,161.91400146484375,161.9290008544922,161.89999389648438,161.9080047607422,0.0
2026-06-29 23:45:00+00:00,161.90899658203125,161.9290008544922,161.9040069580078,161.92599487304688,0.0
2026-06-30 00:00:00+00:00,161.91799926757812,161.95799255371094,161.91600036621094,161.9459991455078,0.0
2026-06-30 00:15:00+00:00,161.94400024414062,161.96400451660156,161.93299865722656,161.94900512695312,0.0
2026-06-30 00:30:00+00:00,161.94700622558594,161.9720001220703,161.9409942626953,161.96400451660156,0.0
2026-06-30 00:45:00+00:00,161.96400451660156,162.4040069580078,161.9600067138672,162.125,0.0
2026-06-30 01:00:00+00:00,162.13299560546875,162.30599975585938,162.0970001220703,162.2519989013672,0.0
2026-06-30 01:15:00+00:00,162.2519989013672,162.26800537109375,162.05299377441406,162.1219940185547,0.0
2026-06-30 01:30:00+00:00,162.11599731445312,162.1929931640625,162.0449981689453,162.18800354003906,0.0
2026-06-30 01:45:00+00:00,162.18800354003906,162.20599365234375,162.13600158691406,162.17599487304688,0.0
2026-06-30 02:00:00+00:00,162.17599487304688,162.1999969482422,162.11500549316406,162.12600708007812,0.0
2026-06-30 02:15:00+00:00,162.13499450683594,162.1750030517578,162.1020050048828,162.13800048828125,0.0
2026-06-30 02:30:00+00:00,162.13800048828125,162.15199279785156,162.10699462890625,162.1320037841797,0.0
2026-06-30 02:45:00+00:00,162.1280059814453,162.18899536132812,162.11599731445312,162.1479949951172,0.0
2026-06-30 03:00:00+00:00,162.14199829101562,162.20399475097656,162.12600708007812,162.2010040283203,0.0
2026-06-30 03:15:00+00:00,162.1959991455078,162.24400329589844,162.03900146484375,162.14500427246094,0.0
2026-06-30 03:30:00+00:00,162.13900756835938,162.1739959716797,162.11000061035156,162.16900634765625,0.0
2026-06-30 03:45:00+00:00,162.16200256347656,162.17999267578125,162.1529998779297,162.16700744628906,0.0
2026-06-30 04:00:00+00:00,162.16600036621094,162.19700622558594,162.1529998779297,162.18299865722656,0.0
2026-06-30 04:15:00+00:00,162.17599487304688,162.19200134277344,162.1529998779297,162.1649932861328,0.0
2026-06-30 04:30:00+00:00,162.16900634765625,162.19400024414062,162.14199829101562,162.17999267578125,0.0
2026-06-30 04:45:00+00:00,162.1739959716797,162.2030029296875,162.16299438476562,162.1959991455078,0.0
2026-06-30 05:00:00+00:00,162.19000244140625,162.2270050048828,162.14500427246094,162.20700073242188,0.0
2026-06-30 05:15:00+00:00,162.2050018310547,162.21600341796875,162.16799926757812,162.1929931640625,0.0
2026-06-30 05:30:00+00:00,162.1929931640625,162.23500061035156,162.18800354003906,162.22500610351562,0.0
2026-06-30 05:45:00+00:00,162.21800231933594,162.29200744628906,162.21800231933594,162.2830047607422,0.0
2026-06-30 06:00:00+00:00,162.28599548339844,162.41299438476562,162.2480010986328,162.3249969482422,0.0
2026-06-30 06:15:00+00:00,162.31399536132812,162.33599853515625,162.22799682617188,162.24099731445312,0.0
2026-06-30 06:30:00+00:00,162.24600219726562,162.3179931640625,162.24099731445312,162.25599670410156,0.0
2026-06-30 06:45:00+00:00,162.26600646972656,162.29200744628906,162.1959991455078,162.2030029296875,0.0
2026-06-30 07:00:00+00:00,162.20599365234375,162.24000549316406,162.177001953125,162.21400451660156,0.0
2026-06-30 07:15:00+00:00,162.22000122070312,162.23199462890625,162.14700317382812,162.16099548339844,0.0
2026-06-30 07:30:00+00:00,162.16099548339844,162.17799377441406,162.10800170898438,162.17599487304688,0.0
2026-06-30 07:45:00+00:00,162.16799926757812,162.26800537109375,162.156005859375,162.25,0.0
2026-06-30 08:00:00+00:00,162.25900268554688,162.32699584960938,162.2169952392578,162.32699584960938,0.0
2026-06-30 08:15:00+00:00,162.32000732421875,162.33999633789062,162.281005859375,162.30499267578125,0.0
2026-06-30 08:30:00+00:00,162.30299377441406,162.38900756835938,162.29299926757812,162.38400268554688,0.0
2026-06-30 08:45:00+00:00,162.37600708007812,162.41200256347656,162.302001953125,162.30599975585938,0.0
2026-06-30 09:00:00+00:00,162.30799865722656,162.3459930419922,162.26199340820312,162.29400634765625,0.0
2026-06-30 09:15:00+00:00,162.29600524902344,162.32899475097656,162.26800537109375,162.29400634765625,0.0
2026-06-30 09:30:00+00:00,162.29400634765625,162.3209991455078,162.28199768066406,162.2989959716797,0.0
2026-06-30 09:45:00+00:00,162.2989959716797,162.31500244140625,162.26300048828125,162.28900146484375,0.0
2026-06-30 10:00:00+00:00,162.29299926757812,162.33200073242188,162.2830047607422,162.3179931640625,0.0
2026-06-30 10:15:00+00:00,162.3179931640625,162.33599853515625,162.2969970703125,162.33299255371094,0.0
2026-06-30 10:30:00+00:00,162.32400512695312,162.3560028076172,162.31900024414062,162.3459930419922,0.0
2026-06-30 10:45:00+00:00,162.3419952392578,162.35699462890625,162.30599975585938,162.3070068359375,0.0
2026-06-30 11:00:00+00:00,162.31199645996094,162.35400390625,162.3070068359375,162.3489990234375,0.0
2026-06-30 11:15:00+00:00,162.33999633789062,162.39500427246094,162.33900451660156,162.3730010986328,0.0
2026-06-30 11:30:00+00:00,162.3730010986328,162.42799377441406,162.3679962158203,162.38900756835938,0.0
2026-06-30 11:45:00+00:00,162.39300537109375,162.42300415039062,162.3780059814453,162.4080047607422,0.0
2026-06-30 12:00:00+00:00,162.4080047607422,162.4499969482422,162.39599609375,162.41200256347656,0.0
2026-06-30 12:15:00+00:00,162.4219970703125,162.4980010986328,162.41099548339844,162.47799682617188,0.0
2026-06-30 12:30:00+00:00,162.4709930419922,162.51400756835938,162.01199340820312,162.3990020751953,0.0
2026-06-30 12:45:00+00:00,162.406005859375,162.4409942626953,162.3719940185547,162.3979949951172,0.0
2026-06-30 13:00:00+00:00,162.3979949951172,162.41900634765625,162.34300231933594,162.3719940185547,0.0
2026-06-30 13:15:00+00:00,162.36900329589844,162.38600158691406,162.3090057373047,162.3350067138672,0.0
2026-06-30 13:30:00+00:00,162.33599853515625,162.4239959716797,162.31700134277344,162.39199829101562,0.0
2026-06-30 13:45:00+00:00,162.39100646972656,162.4770050048828,162.38999938964844,162.447998046875,0.0
2026-06-30 14:00:00+00:00,162.46200561523438,162.50900268554688,162.41200256347656,162.4459991455078,0.0
2026-06-30 14:15:00+00:00,162.447998046875,162.45899963378906,162.37899780273438,162.4010009765625,0.0
2026-06-30 14:30:00+00:00,162.4010009765625,162.4340057373047,162.39599609375,162.40199279785156,0.0
2026-06-30 14:45:00+00:00,162.406005859375,162.5540008544922,162.34800720214844,162.51600646972656,0.0
2026-06-30 15:00:00+00:00,162.51100158691406,162.54400634765625,162.46400451660156,162.5030059814453,0.0
2026-06-30 15:15:00+00:00,162.50999450683594,162.5489959716797,162.5019989013672,162.5399932861328,0.0
2026-06-30 15:30:00+00:00,162.53799438476562,162.66200256347656,162.5240020751953,162.6510009765625,0.0
2026-06-30 15:45:00+00:00,162.64999389648438,162.65899658203125,162.5780029296875,162.61399841308594,0.0
2026-06-30 16:00:00+00:00,162.61399841308594,162.66799926757812,162.60699462890625,162.65199279785156,0.0
2026-06-30 16:15:00+00:00,162.65199279785156,162.6699981689453,162.61199951171875,162.61900329589844,0.0
2026-06-30 16:30:00+00:00,162.6179962158203,162.63499450683594,162.59500122070312,162.61599731445312,0.0
2026-06-30 16:45:00+00:00,162.60699462890625,162.6580047607422,162.59500122070312,162.6479949951172,0.0
2026-06-30 17:00:00+00:00,162.64300537109375,162.6490020751953,162.60699462890625,162.63099670410156,0.0
2026-06-30 17:15:00+00:00,162.6230010986328,162.6320037841797,162.5760040283203,162.58999633789062,0.0
2026-06-30 17:30:00+00:00,162.58399963378906,162.61199951171875,162.58099365234375,162.6009979248047,0.0
2026-06-30 17:45:00+00:00,162.5970001220703,162.60499572753906,162.55099487304688,162.5850067138672,0.0
2026-06-30 18:00:00+00:00,162.5780029296875,162.6060028076172,162.55799865722656,162.593994140625,0.0
2026-06-30 18:15:00+00:00,162.58599853515625,162.60800170898438,162.5709991455078,162.5800018310547,0.0
2026-06-30 18:30:00+00:00,162.5800018310547,162.61500549316406,162.57200622558594,162.60899353027344,0.0
2026-06-30 18:45:00+00:00,162.60899353027344,162.62100219726562,162.5540008544922,162.61199951171875,0.0
2026-06-30 19:00:00+00:00,162.61199951171875,162.62100219726562,162.57000732421875,162.58900451660156,0.0
2026-06-30 19:15:00+00:00,162.58299255371094,162.6320037841797,162.572998046875,162.62100219726562,0.0
2026-06-30 19:30:00+00:00,162.61700439453125,162.63099670410156,162.58299255371094,162.61000061035156,0.0
2026-06-30 19:45:00+00:00,162.6060028076172,162.6230010986328,162.572998046875,162.572998046875,0.0
2026-06-30 20:00:00+00:00,162.5780029296875,162.5959930419922,162.56399536132812,162.56900024414062,0.0
2026-06-30 20:15:00+00:00,162.5679931640625,162.58599853515625,162.54400634765625,162.572998046875,0.0
2026-06-30 20:30:00+00:00,162.57699584960938,162.61399841308594,162.56399536132812,162.56500244140625,0.0
2026-06-30 20:45:00+00:00,162.56900024414062,162.593994140625,162.47300720214844,162.47300720214844,0.0
2026-06-30 21:00:00+00:00,162.52000427246094,162.61700439453125,162.46800231933594,162.60000610351562,0.0
2026-06-30 21:15:00+00:00,162.60000610351562,162.61199951171875,162.55999755859375,162.60000610351562,0.0
2026-06-30 21:30:00+00:00,162.5959930419922,162.6060028076172,162.49899291992188,162.50900268554688,0.0
2026-06-30 21:45:00+00:00,162.50900268554688,162.57400512695312,162.48699951171875,162.54400634765625,0.0
2026-06-30 22:00:00+00:00,162.54800415039062,162.6269989013672,162.53900146484375,162.6179962158203,0.0
2026-06-30 22:15:00+00:00,162.59800720214844,162.625,162.58799743652344,162.61900329589844,0.0
2026-06-30 22:30:00+00:00,162.61099243164062,162.62600708007812,162.5959930419922,162.5989990234375,0.0
2026-06-30 22:45:00+00:00,162.60000610351562,162.6219940185547,162.5959930419922,162.60499572753906,0.0
2026-06-30 23:00:00+00:00,162.60000610351562,162.61099243164062,162.5800018310547,162.5800018310547,0.0
2026-06-30 23:15:00+00:00,162.5800018310547,162.593994140625,162.52000427246094,162.56900024414062,0.0
2026-06-30 23:30:00+00:00,162.572998046875,162.58799743652344,162.54299926757812,162.57699584960938,0.0
2026-06-30 23:45:00+00:00,162.57699584960938,162.6490020751953,162.5749969482422,162.6269989013672,0.0
2026-07-01 00:00:00+00:00,162.6269989013672,162.68699645996094,162.62600708007812,162.6840057373047,0.0
2026-07-01 00:15:00+00:00,162.6739959716797,162.69700622558594,162.6300048828125,162.63900756835938,0.0
2026-07-01 00:30:00+00:00,162.63499450683594,162.73199462890625,162.63499450683594,162.7259979248047,0.0
2026-07-01 00:45:00+00:00,162.7259979248047,162.77699279785156,162.64999389648438,162.68099975585938,0.0
2026-07-01 01:00:00+00:00,162.68600463867188,162.73500061035156,162.64599609375,162.7270050048828,0.0
2026-07-01 01:15:00+00:00,162.72500610351562,162.73500061035156,162.6320037841797,162.66700744628906,0.0
2026-07-01 01:30:00+00:00,162.6699981689453,162.67599487304688,162.58200073242188,162.63400268554688,0.0
2026-07-01 01:45:00+00:00,162.62399291992188,162.68899536132812,162.60000610351562,162.67799377441406,0.0
2026-07-01 02:00:00+00:00,162.67799377441406,162.70399475097656,162.65899658203125,162.67100524902344,0.0
2026-07-01 02:15:00+00:00,162.6719970703125,162.69700622558594,162.6529998779297,162.68299865722656,0.0
2026-07-01 02:30:00+00:00,162.68299865722656,162.73800659179688,162.6790008544922,162.72900390625,0.0
2026-07-01 02:45:00+00:00,162.72900390625,162.79299926757812,162.71499633789062,162.74400329589844,0.0
2026-07-01 03:00:00+00:00,162.7429962158203,162.77200317382812,162.72500610351562,162.76400756835938,0.0
2026-07-01 03:15:00+00:00,162.76199340820312,162.8090057373047,162.75900268554688,162.79800415039062,0.0
2026-07-01 03:30:00+00:00,162.79800415039062,162.84100341796875,162.79100036621094,162.82699584960938,0.0
2026-07-01 03:45:00+00:00,162.82699584960938,162.83999633789062,162.78700256347656,162.79400634765625,0.0
2026-07-01 04:00:00+00:00,162.79200744628906,162.81300354003906,162.7760009765625,162.7760009765625,0.0
2026-07-01 04:15:00+00:00,162.78500366210938,162.7989959716797,162.76600646972656,162.78199768066406,0.0
2026-07-01 04:30:00+00:00,162.78199768066406,162.79100036621094,162.55599975585938,162.6840057373047,0.0
2026-07-01 04:45:00+00:00,162.6840057373047,162.72999572753906,162.66600036621094,162.72799682617188,0.0
2026-07-01 05:00:00+00:00,162.71800231933594,162.76199340820312,162.7050018310547,162.72000122070312,0.0
2026-07-01 05:15:00+00:00,162.71600341796875,162.74200439453125,162.68600463867188,162.73199462890625,0.0
2026-07-01 05:30:00+00:00,162.7239990234375,162.74400329589844,162.68499755859375,162.69900512695312,0.0
2026-07-01 05:45:00+00:00,162.69000244140625,162.71200561523438,162.67799377441406,162.7030029296875,0.0
2026-07-01 06:00:00+00:00,162.70700073242188,162.75799560546875,162.69400024414062,162.73500061035156,0.0
2026-07-01 06:15:00+00:00,162.73300170898438,162.74200439453125,162.68800354003906,162.70399475097656,0.0
2026-07-01 06:30:00+00:00,162.7010040283203,162.72799682617188,162.6719970703125,162.68800354003906,0.0
2026-07-01 06:45:00+00:00,162.69200134277344,162.6999969482422,162.64999389648438,162.66900634765625,0.0
2026-07-01 07:00:00+00:00,162.66900634765625,162.68899536132812,162.60400390625,162.63699340820312,0.0
2026-07-01 07:15:00+00:00,162.62899780273438,162.7209930419922,162.62899780273438,162.7010040283203,0.0
2026-07-01 07:30:00+00:00,162.6999969482422,162.7030029296875,162.61099243164062,162.65899658203125,0.0
2026-07-01 07:45:00+00:00,162.65199279785156,162.68299865722656,162.6269989013672,162.66900634765625,0.0
2026-07-01 08:00:00+00:00,162.66600036621094,162.70399475097656,162.6540069580078,162.6750030517578,0.0
2026-07-01 08:15:00+00:00,162.6750030517578,162.68600463867188,162.64100646972656,162.64300537109375,0.0
2026-07-01 08:30:00+00:00,162.64300537109375,162.66200256347656,162.62600708007812,162.63499450683594,0.0
2026-07-01 08:45:00+00:00,162.63900756835938,162.66600036621094,162.6269989013672,162.6649932861328,0.0
2026-07-01 09:00:00+00:00,162.6529998779297,162.6909942626953,162.64300537109375,162.67999267578125,0.0
2026-07-01 09:15:00+00:00,162.6750030517578,162.7169952392578,162.65699768066406,162.66400146484375,0.0
2026-07-01 09:30:00+00:00,162.66900634765625,162.697998046875,162.656005859375,162.68099975585938,0.0
2026-07-01 09:45:00+00:00,162.68099975585938,162.74400329589844,162.6790008544922,162.73599243164062,0.0
2026-07-01 10:00:00+00:00,162.72900390625,162.7469940185547,162.67999267578125,162.68800354003906,0.0
2026-07-01 10:15:00+00:00,162.68800354003906,162.7050018310547,162.66700744628906,162.68099975585938,0.0
2026-07-01 10:30:00+00:00,162.68099975585938,162.70399475097656,162.66900634765625,162.6959991455078,0.0
2026-07-01 10:45:00+00:00,162.68899536132812,162.7010040283203,162.66900634765625,162.6840057373047,0.0
2026-07-01 11:00:00+00:00,162.6820068359375,162.7220001220703,162.67599487304688,162.70199584960938,0.0
2026-07-01 11:15:00+00:00,162.70799255371094,162.71099853515625,162.68800354003906,162.68800354003906,0.0
2026-07-01 11:30:00+00:00,162.68800354003906,162.73599243164062,162.68299865722656,162.68899536132812,0.0
2026-07-01 11:45:00+00:00,162.68899536132812,162.71499633789062,162.68499755859375,162.69000244140625,0.0
2026-07-01 12:00:00+00:00,162.68800354003906,162.71299743652344,162.6750030517578,162.6750030517578,0.0
2026-07-01 12:15:00+00:00,162.6909942626953,162.7100067138672,162.64599609375,162.69000244140625,0.0
2026-07-01 12:30:00+00:00,162.69000244140625,162.75900268554688,162.677001953125,162.74000549316406,0.0
2026-07-01 12:45:00+00:00,162.74000549316406,162.76699829101562,162.67999267578125,162.69500732421875,0.0
2026-07-01 13:00:00+00:00,162.697998046875,162.73399353027344,162.66900634765625,162.72300720214844,0.0
2026-07-01 13:15:00+00:00,162.7169952392578,162.72500610351562,162.5399932861328,162.5590057373047,0.0
2026-07-01 13:30:00+00:00,162.56199645996094,162.56700134277344,162.37100219726562,162.39199829101562,0.0
2026-07-01 13:45:00+00:00,162.38999938964844,162.46400451660156,162.28599548339844,162.39700317382812,0.0
2026-07-01 14:00:00+00:00,162.39300537109375,162.44200134277344,162.32899475097656,162.3730010986328,0.0
2026-07-01 14:15:00+00:00,162.3800048828125,162.4499969482422,162.3040008544922,162.4409942626953,0.0
2026-07-01 14:30:00+00:00,162.4409942626953,162.45199584960938,162.31100463867188,162.36000061035156,0.0
2026-07-01 14:45:00+00:00,162.36099243164062,162.4499969482422,162.35000610351562,162.39100646972656,0.0
2026-07-01 15:00:00+00:00,162.38999938964844,162.45799255371094,162.36599731445312,162.41099548339844,0.0
2026-07-01 15:15:00+00:00,162.41099548339844,162.4770050048828,162.3939971923828,162.41299438476562,0.0
2026-07-01 15:30:00+00:00,162.4010009765625,162.4669952392578,162.38299560546875,162.4530029296875,0.0
2026-07-01 15:45:00+00:00,162.45700073242188,162.46099853515625,162.39199829101562,162.40899658203125,0.0
2026-07-01 16:00:00+00:00,162.4080047607422,162.4149932861328,162.3509979248047,162.38800048828125,0.0
2026-07-01 16:15:00+00:00,162.39100646972656,162.4219970703125,162.36599731445312,162.38699340820312,0.0
2026-07-01 16:30:00+00:00,162.38699340820312,162.46200561523438,162.3769989013672,162.4429931640625,0.0
2026-07-01 16:45:00+00:00,162.4429931640625,162.46299743652344,162.41000366210938,162.4510040283203,0.0
2026-07-01 17:00:00+00:00,162.4530029296875,162.48800659179688,162.41900634765625,162.4770050048828,0.0
2026-07-01 17:15:00+00:00,162.48300170898438,162.49600219726562,162.45700073242188,162.48800659179688,0.0
2026-07-01 17:30:00+00:00,162.47799682617188,162.53799438476562,162.4739990234375,162.52200317382812,0.0
2026-07-01 17:45:00+00:00,162.52000427246094,162.5469970703125,162.49600219726562,162.5290069580078,0.0
2026-07-01 18:00:00+00:00,162.5330047607422,162.5500030517578,162.51100158691406,162.53700256347656,0.0
2026-07-01 18:15:00+00:00,162.53700256347656,162.58299255371094,162.53700256347656,162.56900024414062,0.0
2026-07-01 18:30:00+00:00,162.56900024414062,162.58299255371094,162.53199768066406,162.53799438476562,0.0
2026-07-01 18:45:00+00:00,162.53900146484375,162.5500030517578,162.50599670410156,162.51800537109375,0.0
2026-07-01 19:00:00+00:00,162.52200317382812,162.52999877929688,162.50399780273438,162.52000427246094,0.0
2026-07-01 19:15:00+00:00,162.51699829101562,162.5489959716797,162.51400756835938,162.5229949951172,0.0
2026-07-01 19:30:00+00:00,162.51699829101562,162.52699279785156,162.5030059814453,162.51600646972656,0.0
2026-07-01 19:45:00+00:00,162.51499938964844,162.58399963378906,162.51300048828125,162.56900024414062,0.0
2026-07-01 20:00:00+00:00,162.5659942626953,162.58299255371094,162.54400634765625,162.56399536132812,0.0
2026-07-01 20:15:00+00:00,162.56199645996094,162.60299682617188,162.56199645996094,162.5919952392578,0.0
2026-07-01 20:30:00+00:00,162.5919952392578,162.61000061035156,162.5850067138672,162.60699462890625,0.0
2026-07-01 20:45:00+00:00,162.59500122070312,162.61900329589844,162.56199645996094,162.5749969482422,0.0
2026-07-01 21:00:00+00:00,162.5709991455078,162.593994140625,162.5019989013672,162.5399932861328,0.0
2026-07-01 21:15:00+00:00,162.53799438476562,162.54299926757812,162.5050048828125,162.53700256347656,0.0
2026-07-01 21:30:00+00:00,162.51100158691406,162.552001953125,162.50900268554688,162.5290069580078,0.0
2026-07-01 21:45:00+00:00,162.52999877929688,162.55599975585938,162.5030059814453,162.5070037841797,0.0
2026-07-01 22:00:00+00:00,162.5070037841797,162.57200622558594,162.5050048828125,162.54200744628906,0.0
2026-07-01 22:15:00+00:00,162.54200744628906,162.55799865722656,162.53500366210938,162.54800415039062,0.0
2026-07-01 22:30:00+00:00,162.53900146484375,162.55499267578125,162.5260009765625,162.53900146484375,0.0
2026-07-01 22:45:00+00:00,162.5279998779297,162.54299926757812,162.5229949951172,162.531005859375,0.0
2026-07-01 23:00:00+00:00,162.53199768066406,162.55799865722656,162.5229949951172,162.55499267578125,0.0
2026-07-01 23:15:00+00:00,162.54299926757812,162.5749969482422,162.54299926757812,162.56900024414062,0.0
2026-07-01 23:30:00+00:00,162.56300354003906,162.58799743652344,162.5469970703125,162.57200622558594,0.0
2026-07-01 23:45:00+00:00,162.56300354003906,162.5709991455078,162.50900268554688,162.54100036621094,0.0
2026-07-02 00:00:00+00:00,162.54100036621094,162.5709991455078,162.4759979248047,162.50999450683594,0.0
2026-07-02 00:15:00+00:00,162.50999450683594,162.5919952392578,162.50599670410156,162.58200073242188,0.0
2026-07-02 00:30:00+00:00,162.57400512695312,162.5959930419922,162.5279998779297,162.5709991455078,0.0
2026-07-02 00:45:00+00:00,162.57200622558594,162.60000610351562,162.5240020751953,162.5590057373047,0.0
2026-07-02 01:00:00+00:00,162.55599975585938,162.5760040283203,162.52200317382812,162.56199645996094,0.0
2026-07-02 01:15:00+00:00,162.55499267578125,162.58599853515625,162.5500030517578,162.56500244140625,0.0
2026-07-02 01:30:00+00:00,162.55599975585938,162.58399963378906,162.52699279785156,162.54100036621094,0.0
2026-07-02 01:45:00+00:00,162.53900146484375,162.55099487304688,162.4980010986328,162.52699279785156,0.0
2026-07-02 02:00:00+00:00,162.5279998779297,162.5540008544922,162.5070037841797,162.52699279785156,0.0
2026-07-02 02:15:00+00:00,162.51699829101562,162.54100036621094,162.5070037841797,162.5260009765625,0.0
2026-07-02 02:30:00+00:00,162.51699829101562,162.52999877929688,162.49000549316406,162.50999450683594,0.0
2026-07-02 02:45:00+00:00,162.50999450683594,162.5290069580078,162.49200439453125,162.51699829101562,0.0
2026-07-02 03:00:00+00:00,162.52099609375,162.5449981689453,162.51600646972656,162.52999877929688,0.0
2026-07-02 03:15:00+00:00,162.5290069580078,162.53900146484375,162.50999450683594,162.51600646972656,0.0
2026-07-02 03:30:00+00:00,162.51600646972656,162.5279998779297,162.51100158691406,162.52000427246094,0.0
2026-07-02 03:45:00+00:00,162.51600646972656,162.52499389648438,162.4290008544922,162.45700073242188,0.0
2026-07-02 04:00:00+00:00,162.4530029296875,162.46099853515625,162.35400390625,162.40899658203125,0.0
2026-07-02 04:15:00+00:00,162.41400146484375,162.447998046875,162.4080047607422,162.43800354003906,0.0
2026-07-02 04:30:00+00:00,162.43800354003906,162.45399475097656,162.40899658203125,162.42100524902344,0.0
2026-07-02 04:45:00+00:00,162.42100524902344,162.43499755859375,162.38400268554688,162.4250030517578,0.0
2026-07-02 05:00:00+00:00,162.42599487304688,162.4340057373047,162.38400268554688,162.3990020751953,0.0
2026-07-02 05:15:00+00:00,162.3939971923828,162.4199981689453,162.38299560546875,162.3979949951172,0.0
2026-07-02 05:30:00+00:00,162.39300537109375,162.41200256347656,162.36000061035156,162.38099670410156,0.0
2026-07-02 05:45:00+00:00,162.3800048828125,162.3939971923828,162.30999755859375,162.32899475097656,0.0
2026-07-02 06:00:00+00:00,162.3260040283203,162.33599853515625,162.11900329589844,162.23300170898438,0.0
2026-07-02 06:15:00+00:00,162.23300170898438,162.2689971923828,162.18800354003906,162.2480010986328,0.0
2026-07-02 06:30:00+00:00,162.2469940185547,162.25599670410156,162.16900634765625,162.19500732421875,0.0
2026-07-02 06:45:00+00:00,162.19500732421875,162.21299743652344,161.10400390625,161.81100463867188,0.0
2026-07-02 07:00:00+00:00,161.81100463867188,161.9499969482422,161.59300231933594,161.656005859375,0.0
2026-07-02 07:15:00+00:00,161.66000366210938,161.80099487304688,161.6280059814453,161.67599487304688,0.0
2026-07-02 07:30:00+00:00,161.6699981689453,161.73300170898438,161.4080047607422,161.4980010986328,0.0
2026-07-02 07:45:00+00:00,161.48199462890625,161.59300231933594,161.36599731445312,161.42300415039062,0.0
2026-07-02 08:00:00+00:00,161.4320068359375,161.46099853515625,161.15499877929688,161.19700622558594,0.0
2026-07-02 08:15:00+00:00,161.1959991455078,161.3350067138672,161.16900634765625,161.20399475097656,0.0
2026-07-02 08:30:00+00:00,161.1909942626953,161.26600646972656,161.05599975585938,161.1929931640625,0.0
2026-07-02 08:45:00+00:00,161.197998046875,161.25900268554688,160.89199829101562,161.02099609375,0.0
2026-07-02 09:00:00+00:00,161.01800537109375,161.33700561523438,161.01499938964844,161.3159942626953,0.0
2026-07-02 09:15:00+00:00,161.30599975585938,161.3419952392578,161.18600463867188,161.23399353027344,0.0
2026-07-02 09:30:00+00:00,161.23399353027344,161.25900268554688,161.11300659179688,161.2239990234375,0.0
2026-07-02 09:45:00+00:00,161.21299743652344,161.26499938964844,161.10800170898438,161.19200134277344,0.0
2026-07-02 10:00:00+00:00,161.18800354003906,161.30799865722656,161.18699645996094,161.30299377441406,0.0
2026-07-02 10:15:00+00:00,161.29400634765625,161.49000549316406,161.28199768066406,161.468994140625,0.0
2026-07-02 10:30:00+00:00,161.46099853515625,161.47999572753906,161.41299438476562,161.43800354003906,0.0
2026-07-02 10:45:00+00:00,161.44200134277344,161.4499969482422,161.322998046875,161.3520050048828,0.0
2026-07-02 11:00:00+00:00,161.36000061035156,161.43099975585938,161.32400512695312,161.37600708007812,0.0
2026-07-02 11:15:00+00:00,161.36599731445312,161.38699340820312,161.3159942626953,161.36399841308594,0.0
2026-07-02 11:30:00+00:00,161.35299682617188,161.46800231933594,161.35299682617188,161.46600341796875,0.0
2026-07-02 11:45:00+00:00,161.4669952392578,161.5019989013672,161.4409942626953,161.4739990234375,0.0
2026-07-02 12:00:00+00:00,161.47000122070312,161.6009979248047,161.46299743652344,161.59300231933594,0.0
2026-07-02 12:15:00+00:00,161.58299255371094,161.6439971923828,161.46099853515625,161.52000427246094,0.0
2026-07-02 12:30:00+00:00,161.52200317382812,161.5229949951172,160.6199951171875,160.75,0.0
2026-07-02 12:45:00+00:00,160.7429962158203,161.03599548339844,160.7310028076172,161.01699829101562,0.0
2026-07-02 13:00:00+00:00,161.01699829101562,161.08399963378906,160.9239959716797,161.0240020751953,0.0
2026-07-02 13:15:00+00:00,161.02499389648438,161.15899658203125,161.00100708007812,161.1179962158203,0.0
2026-07-02 13:30:00+00:00,161.10899353027344,161.12100219726562,160.9219970703125,160.9669952392578,0.0
2026-07-02 13:45:00+00:00,160.96499633789062,160.97799682617188,160.84500122070312,160.85800170898438,0.0
2026-07-02 14:00:00+00:00,160.85000610351562,160.98800659179688,160.8249969482422,160.85400390625,0.0
2026-07-02 14:15:00+00:00,160.8520050048828,161.06399536132812,160.83299255371094,161.05099487304688,0.0
2026-07-02 14:30:00+00:00,161.04400634765625,161.11500549316406,161.0050048828125,161.08399963378906,0.0
2026-07-02 14:45:00+00:00,161.08900451660156,161.1199951171875,160.99000549316406,161.03799438476562,0.0
2026-07-02 15:00:00+00:00,161.03500366210938,161.08099365234375,160.8990020751953,160.92999267578125,0.0
2026-07-02 15:15:00+00:00,160.91900634765625,160.9550018310547,160.822998046875,160.89700317382812,0.0
2026-07-02 15:30:00+00:00,160.8939971923828,160.9029998779297,160.7530059814453,160.8560028076172,0.0
2026-07-02 15:45:00+00:00,160.8470001220703,160.93800354003906,160.843994140625,160.9029998779297,0.0
2026-07-02 16:00:00+00:00,160.90699768066406,160.98899841308594,160.88600158691406,160.94400024414062,0.0
2026-07-02 16:15:00+00:00,160.93600463867188,161.07699584960938,160.93299865722656,161.06700134277344,0.0
2026-07-02 16:30:00+00:00,161.05799865722656,161.09500122070312,160.9980010986328,161.01499938964844,0.0
2026-07-02 16:45:00+00:00,161.02200317382812,161.03199768066406,160.9340057373047,160.98699951171875,0.0
2026-07-02 17:00:00+00:00,160.97799682617188,161.04400634765625,160.9759979248047,161.0229949951172,0.0
2026-07-02 17:15:00+00:00,161.0229949951172,161.12399291992188,161.0229949951172,161.10800170898438,0.0
2026-07-02 17:30:00+00:00,161.10800170898438,161.12600708007812,161.06300354003906,161.09800720214844,0.0
2026-07-02 17:45:00+00:00,161.0959930419922,161.12600708007812,161.052001953125,161.06700134277344,0.0
2026-07-02 18:00:00+00:00,161.06700134277344,161.0749969482422,161.01400756835938,161.072998046875,0.0
2026-07-02 18:15:00+00:00,161.06700134277344,161.10499572753906,161.03799438476562,161.0709991455078,0.0
2026-07-02 18:30:00+00:00,161.0709991455078,161.08999633789062,161.0240020751953,161.06300354003906,0.0
2026-07-02 18:45:00+00:00,161.05599975585938,161.06900024414062,161.03599548339844,161.04299926757812,0.0
2026-07-02 19:00:00+00:00,161.04299926757812,161.0989990234375,161.04200744628906,161.06100463867188,0.0
2026-07-02 19:15:00+00:00,161.0540008544922,161.12600708007812,161.052001953125,161.11500549316406,0.0
2026-07-02 19:30:00+00:00,161.11500549316406,161.17300415039062,161.11399841308594,161.156005859375,0.0
2026-07-02 19:45:00+00:00,161.156005859375,161.16799926757812,161.11199951171875,161.1219940185547,0.0
2026-07-02 20:00:00+00:00,161.1199951171875,161.14100646972656,161.08900451660156,161.08999633789062,0.0
2026-07-02 20:15:00+00:00,161.08999633789062,161.10400390625,161.0570068359375,161.06700134277344,0.0
2026-07-02 20:30:00+00:00,161.06399536132812,161.11500549316406,161.06399536132812,161.10400390625,0.0
2026-07-02 20:45:00+00:00,161.10000610351562,161.13499450683594,161.08299255371094,161.0850067138672,0.0
2026-07-02 21:00:00+00:00,161.10400390625,161.10400390625,160.98599243164062,161.08900451660156,0.0
2026-07-02 21:15:00+00:00,161.0800018310547,161.0989990234375,161.02000427246094,161.08099365234375,0.0
2026-07-02 21:30:00+00:00,161.08200073242188,161.11599731445312,161.07200622558594,161.11199951171875,0.0
2026-07-02 21:45:00+00:00,161.10800170898438,161.11300659179688,161.0590057373047,161.06399536132812,0.0
2026-07-02 22:00:00+00:00,161.06700134277344,161.1300048828125,160.99899291992188,161.08700561523438,0.0
2026-07-02 22:15:00+00:00,161.10800170898438,161.1479949951172,161.08700561523438,161.1479949951172,0.0
2026-07-02 22:30:00+00:00,161.1479949951172,161.2790069580078,161.13099670410156,161.25,0.0
2026-07-02 22:45:00+00:00,161.24099731445312,161.3040008544922,161.2270050048828,161.26800537109375,0.0
2026-07-02 23:00:00+00:00,161.24899291992188,161.281005859375,161.2270050048828,161.25399780273438,0.0
2026-07-02 23:15:00+00:00,161.25,161.26400756835938,161.22300720214844,161.25,0.0
2026-07-02 23:30:00+00:00,161.2480010986328,161.35800170898438,161.2480010986328,161.35400390625,0.0
2026-07-02 23:45:00+00:00,161.3419952392578,161.468994140625,161.3300018310547,161.44900512695312,0.0
2026-07-03 00:00:00+00:00,161.44900512695312,161.5240020751953,161.38499450683594,161.48599243164062,0.0
2026-07-03 00:15:00+00:00,161.48800659179688,161.5,161.4239959716797,161.44000244140625,0.0
2026-07-03 00:30:00+00:00,161.4340057373047,161.45700073242188,161.38299560546875,161.39599609375,0.0
2026-07-03 00:45:00+00:00,161.38499450683594,161.3979949951172,161.17999267578125,161.19200134277344,0.0
2026-07-03 01:00:00+00:00,161.18699645996094,161.2740020751953,161.072998046875,161.07400512695312,0.0
2026-07-03 01:15:00+00:00,161.072998046875,161.1060028076172,160.90899658203125,161.09300231933594,0.0
2026-07-03 01:30:00+00:00,161.093994140625,161.1909942626953,161.06700134277344,161.13999938964844,0.0
2026-07-03 01:45:00+00:00,161.1529998779297,161.25599670410156,161.13900756835938,161.22999572753906,0.0
2026-07-03 02:00:00+00:00,161.2259979248047,161.24899291992188,161.1269989013672,161.15499877929688,0.0
2026-07-03 02:15:00+00:00,161.1580047607422,161.17799377441406,161.11199951171875,161.14100646972656,0.0
2026-07-03 02:30:00+00:00,161.1479949951172,161.22999572753906,161.11399841308594,161.16299438476562,0.0
2026-07-03 02:45:00+00:00,161.1719970703125,161.19700622558594,161.12399291992188,161.1649932861328,0.0
2026-07-03 03:00:00+00:00,161.16600036621094,161.2239990234375,161.13900756835938,161.18499755859375,0.0
2026-07-03 03:15:00+00:00,161.1750030517578,161.2169952392578,161.17300415039062,161.19200134277344,0.0
2026-07-03 03:30:00+00:00,161.18899536132812,161.21400451660156,161.16200256347656,161.18899536132812,0.0
2026-07-03 03:45:00+00:00,161.19200134277344,161.1999969482422,161.13499450683594,161.1649932861328,0.0
2026-07-03 04:00:00+00:00,161.1649932861328,161.21099853515625,161.16000366210938,161.177001953125,0.0
2026-07-03 04:15:00+00:00,161.1750030517578,161.20199584960938,161.1529998779297,161.16799926757812,0.0
2026-07-03 04:30:00+00:00,161.16799926757812,161.2100067138672,161.16299438476562,161.18499755859375,0.0
2026-07-03 04:45:00+00:00,161.1840057373047,161.197998046875,161.11900329589844,161.11900329589844,0.0
2026-07-03 05:00:00+00:00,161.1199951171875,161.1300048828125,160.9739990234375,161.0500030517578,0.0
2026-07-03 05:15:00+00:00,161.05099487304688,161.08700561523438,160.99400329589844,161.06100463867188,0.0
2026-07-03 05:30:00+00:00,161.06300354003906,161.14999389648438,161.03599548339844,161.11900329589844,0.0
2026-07-03 05:45:00+00:00,161.1199951171875,161.17999267578125,161.11500549316406,161.1580047607422,0.0
2026-07-03 06:00:00+00:00,161.15499877929688,161.16600036621094,161.03199768066406,161.05099487304688,0.0
2026-07-03 06:15:00+00:00,161.04100036621094,161.0570068359375,160.9409942626953,160.9810028076172,0.0
2026-07-03 06:30:00+00:00,160.9770050048828,161.01499938964844,160.46600341796875,160.7469940185547,0.0
2026-07-03 06:45:00+00:00,160.75900268554688,160.88600158691406,160.63099670410156,160.86000061035156,0.0
2026-07-03 07:00:00+00:00,160.86199951171875,160.9239959716797,160.72000122070312,160.72900390625,0.0
2026-07-03 07:15:00+00:00,160.74000549316406,160.8699951171875,160.70700073242188,160.74200439453125,0.0
2026-07-03 07:30:00+00:00,160.73599243164062,160.9980010986328,160.7310028076172,160.91299438476562,0.0
2026-07-03 07:45:00+00:00,160.90699768066406,160.9510040283203,160.74000549316406,160.7949981689453,0.0
2026-07-03 08:00:00+00:00,160.79100036621094,160.906005859375,160.76499938964844,160.85699462890625,0.0
2026-07-03 08:15:00+00:00,160.85000610351562,160.89999389648438,160.81399536132812,160.85299682617188,0.0
2026-07-03 08:30:00+00:00,160.86300659179688,160.9409942626953,160.85299682617188,160.91600036621094,0.0
2026-07-03 08:45:00+00:00,160.91900634765625,161.03799438476562,160.91400146484375,161.0279998779297,0.0
2026-07-03 09:00:00+00:00,161.03199768066406,161.0679931640625,160.95599365234375,160.95899963378906,0.0
2026-07-03 09:15:00+00:00,160.95899963378906,161.06300354003906,160.9550018310547,161.0469970703125,0.0
2026-07-03 09:30:00+00:00,161.04600524902344,161.0500030517578,161.00900268554688,161.0290069580078,0.0
2026-07-03 09:45:00+00:00,161.0260009765625,161.1300048828125,161.0240020751953,161.1280059814453,0.0
2026-07-03 10:00:00+00:00,161.1179962158203,161.16900634765625,161.0989990234375,161.1230010986328,0.0
2026-07-03 10:15:00+00:00,161.1219940185547,161.14100646972656,161.1009979248047,161.1199951171875,0.0
2026-07-03 10:30:00+00:00,161.125,161.1580047607422,161.11399841308594,161.13800048828125,0.0
2026-07-03 10:45:00+00:00,161.12899780273438,161.13600158691406,161.06700134277344,161.0919952392578,0.0
2026-07-03 11:00:00+00:00,161.08900451660156,161.1300048828125,161.04800415039062,161.06700134277344,0.0
2026-07-03 11:15:00+00:00,161.06100463867188,161.10499572753906,161.0540008544922,161.0989990234375,0.0
2026-07-03 11:30:00+00:00,161.09800720214844,161.14100646972656,161.0959930419922,161.125,0.0
2026-07-03 11:45:00+00:00,161.1280059814453,161.16099548339844,161.10299682617188,161.11099243164062,0.0
2026-07-03 12:00:00+00:00,161.10499572753906,161.15199279785156,161.1009979248047,161.1300048828125,0.0
2026-07-03 12:15:00+00:00,161.1300048828125,161.1529998779297,161.1199951171875,161.1269989013672,0.0
2026-07-03 12:30:00+00:00,161.12399291992188,161.14599609375,161.10400390625,161.1300048828125,0.0
2026-07-03 12:45:00+00:00,161.1230010986328,161.17300415039062,161.10000610351562,161.16700744628906,0.0
2026-07-03 13:00:00+00:00,161.16900634765625,161.27499389648438,161.16099548339844,161.2519989013672,0.0
2026-07-03 13:15:00+00:00,161.24600219726562,161.25999450683594,161.18600463867188,161.20199584960938,0.0
2026-07-03 13:30:00+00:00,161.20199584960938,161.2550048828125,161.20199584960938,161.24400329589844,0.0
2026-07-03 13:45:00+00:00,161.2449951171875,161.27099609375,161.2209930419922,161.25399780273438,0.0
2026-07-03 14:00:00+00:00,161.24400329589844,161.27699279785156,161.2209930419922,161.23399353027344,0.0
2026-07-03 14:15:00+00:00,161.23199462890625,161.25100708007812,161.20199584960938,161.21299743652344,0.0
2026-07-03 14:30:00+00:00,161.218994140625,161.24899291992188,161.19700622558594,161.23399353027344,0.0
2026-07-03 14:45:00+00:00,161.24099731445312,161.2949981689453,161.2169952392578,161.28700256347656,0.0
2026-07-03 15:00:00+00:00,161.28900146484375,161.34500122070312,161.27000427246094,161.2949981689453,0.0
2026-07-03 15:15:00+00:00,161.28700256347656,161.31900024414062,161.26300048828125,161.2740020751953,0.0
2026-07-03 15:30:00+00:00,161.27999877929688,161.30799865722656,161.26800537109375,161.3000030517578,0.0
2026-07-03 15:45:00+00:00,161.29200744628906,161.33099365234375,161.2790069580078,161.31700134277344,0.0
2026-07-03 16:00:00+00:00,161.30599975585938,161.3419952392578,161.29200744628906,161.3280029296875,0.0
2026-07-03 16:15:00+00:00,161.34100341796875,161.36700439453125,161.3260040283203,161.3560028076172,0.0
2026-07-03 16:30:00+00:00,161.35800170898438,161.3939971923828,161.3459930419922,161.38400268554688,0.0
2026-07-03 16:45:00+00:00,161.37899780273438,161.38999938964844,161.33200073242188,161.33799743652344,0.0
2026-07-03 17:00:00+00:00,161.33799743652344,161.35899353027344,161.28500366210938,161.3280029296875,0.0
2026-07-03 17:15:00+00:00,161.3260040283203,161.3459930419922,161.3000030517578,161.30599975585938,0.0
2026-07-03 17:30:00+00:00,161.3090057373047,161.33599853515625,161.26300048828125,161.30299377441406,0.0
2026-07-03 17:45:00+00:00,161.302001953125,161.3090057373047,161.26800537109375,161.3040008544922,0.0
2026-07-03 18:00:00+00:00,161.28799438476562,161.33900451660156,161.27499389648438,161.31900024414062,0.0
2026-07-03 18:15:00+00:00,161.3209991455078,161.33999633789062,161.3040008544922,161.3249969482422,0.0
2026-07-03 18:30:00+00:00,161.31300354003906,161.33700561523438,161.3070068359375,161.3179931640625,0.0
2026-07-03 18:45:00+00:00,161.3300018310547,161.35899353027344,161.31700134277344,161.33900451660156,0.0
2026-07-03 19:00:00+00:00,161.34100341796875,161.36300659179688,161.32200622558594,161.34800720214844,0.0
2026-07-03 19:15:00+00:00,161.3509979248047,161.35899353027344,161.33200073242188,161.3509979248047,0.0
2026-07-03 19:30:00+00:00,161.35299682617188,161.3800048828125,161.33900451660156,161.3699951171875,0.0
2026-07-03 19:45:00+00:00,161.3719940185547,161.3730010986328,161.33700561523438,161.35899353027344,0.0
2026-07-03 20:00:00+00:00,161.35899353027344,161.38699340820312,161.34300231933594,161.36000061035156,0.0
2026-07-03 20:15:00+00:00,161.3719940185547,161.38999938964844,161.3509979248047,161.38099670410156,0.0
2026-07-03 20:30:00+00:00,161.375,161.38299560546875,161.29400634765625,161.36700439453125,0.0
2026-07-03 20:45:00+00:00,161.3699951171875,161.4290008544922,161.26199340820312,161.33700561523438,0.0
2026-07-05 23:00:00+00:00,161.40499877929688,161.47799682617188,161.40499877929688,161.46099853515625,0.0
2026-07-05 23:15:00+00:00,161.46099853515625,161.5070037841797,161.44400024414062,161.46200561523438,0.0
2026-07-05 23:30:00+00:00,161.46299743652344,161.48699951171875,161.447998046875,161.4600067138672,0.0
2026-07-05 23:45:00+00:00,161.45399475097656,161.4770050048828,161.41299438476562,161.4600067138672,0.0
2026-07-06 00:00:00+00:00,161.45199584960938,161.58999633789062,161.45199584960938,161.53799438476562,0.0
2026-07-06 00:15:00+00:00,161.531005859375,161.54200744628906,161.44900512695312,161.4949951171875,0.0
2026-07-06 00:30:00+00:00,161.4929962158203,161.54600524902344,161.46800231933594,161.52000427246094,0.0
2026-07-06 00:45:00+00:00,161.5240020751953,161.60699462890625,161.46200561523438,161.5279998779297,0.0
2026-07-06 01:00:00+00:00,161.53199768066406,161.6230010986328,161.5240020751953,161.59300231933594,0.0
2026-07-06 01:15:00+00:00,161.59300231933594,161.77499389648438,161.59300231933594,161.7740020751953,0.0
2026-07-06 01:30:00+00:00,161.76100158691406,161.77499389648438,161.69400024414062,161.6999969482422,0.0
2026-07-06 01:45:00+00:00,161.697998046875,161.81700134277344,161.6959991455078,161.8040008544922,0.0
2026-07-06 02:00:00+00:00,161.80499267578125,161.8520050048828,161.7729949951172,161.82400512695312,0.0
2026-07-06 02:15:00+00:00,161.8300018310547,161.83900451660156,161.7760009765625,161.7899932861328,0.0
2026-07-06 02:30:00+00:00,161.79100036621094,161.82699584960938,161.78599548339844,161.8000030517578,0.0
2026-07-06 02:45:00+00:00,161.79100036621094,161.80599975585938,161.74200439453125,161.76800537109375,0.0
2026-07-06 03:00:00+00:00,161.76699829101562,161.8040008544922,161.7570037841797,161.79200744628906,0.0
2026-07-06 03:15:00+00:00,161.79200744628906,161.82699584960938,161.7779998779297,161.82000732421875,0.0
2026-07-06 03:30:00+00:00,161.8179931640625,161.8350067138672,161.7899932861328,161.7899932861328,0.0
2026-07-06 03:45:00+00:00,161.79400634765625,161.86300659179688,161.78900146484375,161.83200073242188,0.0
2026-07-06 04:00:00+00:00,161.83200073242188,161.8520050048828,161.802001953125,161.8179931640625,0.0
2026-07-06 04:15:00+00:00,161.81900024414062,161.8509979248047,161.802001953125,161.85000610351562,0.0
2026-07-06 04:30:00+00:00,161.84300231933594,161.93600463867188,161.8300018310547,161.9080047607422,0.0
2026-07-06 04:45:00+00:00,161.90899658203125,161.94700622558594,161.90699768066406,161.9340057373047,0.0
2026-07-06 05:00:00+00:00,161.9340057373047,161.99200439453125,161.87600708007812,161.93499755859375,0.0
2026-07-06 05:15:00+00:00,161.9340057373047,161.9709930419922,161.93299865722656,161.9499969482422,0.0
2026-07-06 05:30:00+00:00,161.94900512695312,161.96499633789062,161.93099975585938,161.94700622558594,0.0
2026-07-06 05:45:00+00:00,161.94000244140625,162.08599853515625,161.93800354003906,162.07200622558594,0.0
2026-07-06 06:00:00+00:00,162.06900024414062,162.15699768066406,162.02099609375,162.1179962158203,0.0
2026-07-06 06:15:00+00:00,162.1230010986328,162.27699279785156,162.11700439453125,162.1719970703125,0.0
2026-07-06 06:30:00+00:00,162.1739959716797,162.21200561523438,162.10800170898438,162.11500549316406,0.0
2026-07-06 06:45:00+00:00,162.10800170898438,162.30799865722656,162.1020050048828,162.24600219726562,0.0
2026-07-06 07:00:00+00:00,162.2480010986328,162.31500244140625,162.2220001220703,162.23199462890625,0.0
2026-07-06 07:15:00+00:00,162.23199462890625,162.3070068359375,162.21400451660156,162.25999450683594,0.0
2026-07-06 07:30:00+00:00,162.25900268554688,162.26600646972656,162.1529998779297,162.16600036621094,0.0
2026-07-06 07:45:00+00:00,162.1750030517578,162.20399475097656,162.1490020751953,162.1529998779297,0.0
2026-07-06 08:00:00+00:00,162.15499877929688,162.29299926757812,162.1529998779297,162.2469940185547,0.0
2026-07-06 08:15:00+00:00,162.24200439453125,162.2570037841797,162.20599365234375,162.22999572753906,0.0
2026-07-06 08:30:00+00:00,162.22500610351562,162.26300048828125,162.2209930419922,162.25,0.0
2026-07-06 08:45:00+00:00,162.2429962158203,162.26300048828125,162.22500610351562,162.24000549316406,0.0
2026-07-06 09:00:00+00:00,162.24000549316406,162.30099487304688,162.22300720214844,162.2740020751953,0.0
2026-07-06 09:15:00+00:00,162.2760009765625,162.30299377441406,162.25,162.29100036621094,0.0
2026-07-06 09:30:00+00:00,162.28500366210938,162.302001953125,162.2469940185547,162.2729949951172,0.0
2026-07-06 09:45:00+00:00,162.26300048828125,162.3489990234375,162.26199340820312,162.3249969482422,0.0
2026-07-06 10:00:00+00:00,162.32400512695312,162.41200256347656,162.24899291992188,162.2530059814453,0.0
2026-07-06 10:15:00+00:00,162.25100708007812,162.34100341796875,162.25100708007812,162.33200073242188,0.0
2026-07-06 10:30:00+00:00,162.33200073242188,162.35000610351562,162.29600524902344,162.30499267578125,0.0
2026-07-06 10:45:00+00:00,162.3070068359375,162.3249969482422,162.29100036621094,162.302001953125,0.0
2026-07-06 11:00:00+00:00,162.3040008544922,162.32400512695312,162.27699279785156,162.302001953125,0.0
2026-07-06 11:15:00+00:00,162.29600524902344,162.31700134277344,162.2790069580078,162.29800415039062,0.0
2026-07-06 11:30:00+00:00,162.2899932861328,162.32400512695312,162.2830047607422,162.31300354003906,0.0
2026-07-06 11:45:00+00:00,162.31300354003906,162.3560028076172,162.29800415039062,162.33099365234375,0.0
2026-07-06 12:00:00+00:00,162.32899475097656,162.3520050048828,162.2949981689453,162.31500244140625,0.0
2026-07-06 12:15:00+00:00,162.31500244140625,162.3489990234375,162.302001953125,162.34100341796875,0.0
2026-07-06 12:30:00+00:00,162.33999633789062,162.41099548339844,162.31500244140625,162.3820037841797,0.0
2026-07-06 12:45:00+00:00,162.38400268554688,162.427001953125,162.34800720214844,162.3979949951172,0.0
2026-07-06 13:00:00+00:00,162.39500427246094,162.4199981689453,162.30299377441406,162.35499572753906,0.0
2026-07-06 13:15:00+00:00,162.35899353027344,162.36500549316406,162.302001953125,162.32899475097656,0.0
2026-07-06 13:30:00+00:00,162.33799743652344,162.38699340820312,162.3159942626953,162.35299682617188,0.0
2026-07-06 13:45:00+00:00,162.3520050048828,162.38800048828125,162.31500244140625,162.32000732421875,0.0
2026-07-06 14:00:00+00:00,162.32699584960938,162.36099243164062,162.26600646972656,162.27499389648438,0.0
2026-07-06 14:15:00+00:00,162.2760009765625,162.31100463867188,162.2740020751953,162.29400634765625,0.0
2026-07-06 14:30:00+00:00,162.2989959716797,162.35899353027344,162.28599548339844,162.3300018310547,0.0
2026-07-06 14:45:00+00:00,162.33200073242188,162.38499450683594,162.31399536132812,162.35899353027344,0.0
2026-07-06 15:00:00+00:00,162.36000061035156,162.36900329589844,162.28399658203125,162.3209991455078,0.0
2026-07-06 15:15:00+00:00,162.3209991455078,162.3520050048828,162.3070068359375,162.33099365234375,0.0
2026-07-06 15:30:00+00:00,162.33799743652344,162.35400390625,162.27999877929688,162.29200744628906,0.0
2026-07-06 15:45:00+00:00,162.28700256347656,162.30299377441406,162.26499938964844,162.28399658203125,0.0
2026-07-06 16:00:00+00:00,162.2779998779297,162.31700134277344,162.2729949951172,162.28399658203125,0.0
2026-07-06 16:15:00+00:00,162.28700256347656,162.2899932861328,162.23500061035156,162.23800659179688,0.0
2026-07-06 16:30:00+00:00,162.23699951171875,162.28399658203125,162.23699951171875,162.2740020751953,0.0
2026-07-06 16:45:00+00:00,162.2740020751953,162.3040008544922,162.2519989013672,162.2550048828125,0.0
2026-07-06 17:00:00+00:00,162.25399780273438,162.2740020751953,162.2429962158203,162.2469940185547,0.0
2026-07-06 17:15:00+00:00,162.2469940185547,162.26100158691406,162.16299438476562,162.18800354003906,0.0
2026-07-06 17:30:00+00:00,162.18800354003906,162.21200561523438,162.13699340820312,162.14500427246094,0.0
2026-07-06 17:45:00+00:00,162.1540069580078,162.1750030517578,162.13699340820312,162.1699981689453,0.0
2026-07-06 18:00:00+00:00,162.16700744628906,162.18899536132812,162.15199279785156,162.15699768066406,0.0
2026-07-06 18:15:00+00:00,162.15199279785156,162.16299438476562,162.12600708007812,162.13600158691406,0.0
2026-07-06 18:30:00+00:00,162.13499450683594,162.16400146484375,162.093994140625,162.10299682617188,0.0
2026-07-06 18:45:00+00:00,162.1020050048828,162.13299560546875,162.00799560546875,162.0399932861328,0.0
2026-07-06 19:00:00+00:00,162.03599548339844,162.0989990234375,162.03599548339844,162.08099365234375,0.0
2026-07-06 19:15:00+00:00,162.0749969482422,162.11199951171875,162.07200622558594,162.1060028076172,0.0
2026-07-06 19:30:00+00:00,162.10299682617188,162.11599731445312,162.0330047607422,162.0989990234375,0.0
2026-07-06 19:45:00+00:00,162.1020050048828,162.10800170898438,162.02499389648438,162.04400634765625,0.0
2026-07-06 20:00:00+00:00,162.04299926757812,162.09500122070312,162.0229949951172,162.07899475097656,0.0
2026-07-06 20:15:00+00:00,162.08099365234375,162.0989990234375,162.03900146484375,162.0679931640625,0.0
2026-07-06 20:30:00+00:00,162.06199645996094,162.11099243164062,162.05499267578125,162.09500122070312,0.0
2026-07-06 20:45:00+00:00,162.08299255371094,162.11399841308594,162.05499267578125,162.07000732421875,0.0
2026-07-06 21:00:00+00:00,162.0679931640625,162.09100341796875,162.0260009765625,162.0540008544922,0.0
2026-07-06 21:15:00+00:00,162.04100036621094,162.05999755859375,162.0330047607422,162.04299926757812,0.0
2026-07-06 21:30:00+00:00,162.04400634765625,162.10000610351562,162.0330047607422,162.0679931640625,0.0
2026-07-06 21:45:00+00:00,162.03700256347656,162.1280059814453,162.03700256347656,162.05799865722656,0.0
2026-07-06 22:00:00+00:00,162.0590057373047,162.11300659179688,162.01499938964844,162.06399536132812,0.0
2026-07-06 22:15:00+00:00,162.0679931640625,162.0959930419922,162.03700256347656,162.0800018310547,0.0
2026-07-06 22:30:00+00:00,162.06500244140625,162.08700561523438,162.052001953125,162.0800018310547,0.0
2026-07-06 22:45:00+00:00,162.0760040283203,162.08599853515625,162.05099487304688,162.06900024414062,0.0
2026-07-06 23:00:00+00:00,162.06100463867188,162.07000732421875,161.9929962158203,162.02999877929688,0.0
2026-07-06 23:15:00+00:00,162.0240020751953,162.03500366210938,162.0030059814453,162.0240020751953,0.0
2026-07-06 23:30:00+00:00,162.02699279785156,162.0760040283203,162.00599670410156,162.06399536132812,0.0
2026-07-06 23:45:00+00:00,162.0590057373047,162.11000061035156,162.0449981689453,162.0959930419922,0.0
2026-07-07 00:00:00+00:00,162.08799743652344,162.12899780273438,162.07400512695312,162.1269989013672,0.0
2026-07-07 00:15:00+00:00,162.1179962158203,162.18299865722656,162.11700439453125,162.16400146484375,0.0
2026-07-07 00:30:00+00:00,162.16299438476562,162.17300415039062,162.13400268554688,162.14199829101562,0.0
2026-07-07 00:45:00+00:00,162.13900756835938,162.17799377441406,162.08099365234375,162.12399291992188,0.0
2026-07-07 01:00:00+00:00,162.12899780273438,162.14700317382812,162.10000610351562,162.1219940185547,0.0
2026-07-07 01:15:00+00:00,162.1199951171875,162.1320037841797,162.01800537109375,162.02699279785156,0.0
2026-07-07 01:30:00+00:00,162.0189971923828,162.0260009765625,161.67300415039062,161.97000122070312,0.0
2026-07-07 01:45:00+00:00,161.96600341796875,161.9770050048828,161.76800537109375,161.86199951171875,0.0
2026-07-07 02:00:00+00:00,161.8679962158203,161.88900756835938,161.78500366210938,161.86700439453125,0.0
2026-07-07 02:15:00+00:00,161.86300659179688,161.91200256347656,161.83799743652344,161.91000366210938,0.0
2026-07-07 02:30:00+00:00,161.906005859375,161.927001953125,161.86099243164062,161.89700317382812,0.0
2026-07-07 02:45:00+00:00,161.8939971923828,161.927001953125,161.87899780273438,161.91600036621094,0.0
2026-07-07 03:00:00+00:00,161.91299438476562,161.927001953125,161.875,161.90199279785156,0.0
2026-07-07 03:15:00+00:00,161.89300537109375,161.90199279785156,161.78599548339844,161.822998046875,0.0
2026-07-07 03:30:00+00:00,161.8260040283203,161.8979949951172,161.80099487304688,161.88699340820312,0.0
2026-07-07 03:45:00+00:00,161.88600158691406,161.88900756835938,161.8459930419922,161.86900329589844,0.0
2026-07-07 04:00:00+00:00,161.86099243164062,161.88699340820312,161.8249969482422,161.8300018310547,0.0
2026-07-07 04:15:00+00:00,161.83599853515625,161.85000610351562,161.78500366210938,161.7969970703125,0.0
2026-07-07 04:30:00+00:00,161.8040008544922,161.80599975585938,161.67300415039062,161.72000122070312,0.0
2026-07-07 04:45:00+00:00,161.7169952392578,161.79800415039062,161.677001953125,161.78500366210938,0.0
2026-07-07 05:00:00+00:00,161.78500366210938,161.80299377441406,161.7449951171875,161.7830047607422,0.0
2026-07-07 05:15:00+00:00,161.7760009765625,161.8939971923828,161.77000427246094,161.85499572753906,0.0
2026-07-07 05:30:00+00:00,161.8509979248047,161.875,161.79800415039062,161.8560028076172,0.0
2026-07-07 05:45:00+00:00,161.85699462890625,161.89199829101562,161.80599975585938,161.86300659179688,0.0
2026-07-07 06:00:00+00:00,161.8730010986328,161.95399475097656,161.85400390625,161.9250030517578,0.0
2026-07-07 06:15:00+00:00,161.9219970703125,162.03500366210938,161.9080047607422,162.02200317382812,0.0
2026-07-07 06:30:00+00:00,162.02099609375,162.0330047607422,161.9810028076172,162.00100708007812,0.0
2026-07-07 06:45:00+00:00,162.0019989013672,162.04400634765625,161.98599243164062,162.01600646972656,0.0
2026-07-07 07:00:00+00:00,162.01699829101562,162.08200073242188,161.98300170898438,161.98599243164062,0.0
2026-07-07 07:15:00+00:00,161.98599243164062,162.0,161.656005859375,161.9600067138672,0.0
2026-07-07 07:30:00+00:00,161.9530029296875,161.98300170898438,161.8820037841797,161.96400451660156,0.0
2026-07-07 07:45:00+00:00,161.96400451660156,161.9929962158203,161.843994140625,161.96200561523438,0.0
2026-07-07 08:00:00+00:00,161.96299743652344,161.9720001220703,161.8179931640625,161.8509979248047,0.0
2026-07-07 08:15:00+00:00,161.843994140625,161.9290008544922,161.83999633789062,161.9219970703125,0.0
2026-07-07 08:30:00+00:00,161.91299438476562,161.94900512695312,161.84500122070312,161.8719940185547,0.0
2026-07-07 08:45:00+00:00,161.8730010986328,161.9239959716797,161.8419952392578,161.88900756835938,0.0
2026-07-07 09:00:00+00:00,161.88900756835938,161.9219970703125,161.8070068359375,161.86700439453125,0.0
2026-07-07 09:15:00+00:00,161.86099243164062,161.89700317382812,161.83299255371094,161.88299560546875,0.0
2026-07-07 09:30:00+00:00,161.8730010986328,161.9239959716797,161.85299682617188,161.90199279785156,0.0
2026-07-07 09:45:00+00:00,161.91299438476562,161.9669952392578,161.88800048828125,161.94000244140625,0.0
2026-07-07 10:00:00+00:00,161.9290008544922,161.96299743652344,161.91200256347656,161.927001953125,0.0
2026-07-07 10:15:00+00:00,161.9149932861328,161.92799377441406,161.87399291992188,161.8780059814453,0.0
2026-07-07 10:30:00+00:00,161.8780059814453,161.91900634765625,161.8699951171875,161.91000366210938,0.0
2026-07-07 10:45:00+00:00,161.90199279785156,161.94200134277344,161.8979949951172,161.927001953125,0.0
2026-07-07 11:00:00+00:00,161.93299865722656,161.9530029296875,161.88299560546875,161.89300537109375,0.0
2026-07-07 11:15:00+00:00,161.89700317382812,161.91200256347656,161.83799743652344,161.89300537109375,0.0
2026-07-07 11:30:00+00:00,161.8939971923828,161.94900512695312,161.89199829101562,161.94900512695312,0.0
2026-07-07 11:45:00+00:00,161.947998046875,161.95700073242188,161.88999938964844,161.9149932861328,0.0
2026-07-07 12:00:00+00:00,161.90699768066406,161.9290008544922,161.85400390625,161.86000061035156,0.0
2026-07-07 12:15:00+00:00,161.86000061035156,161.87600708007812,161.77200317382812,161.78500366210938,0.0
2026-07-07 12:30:00+00:00,161.781005859375,161.85400390625,161.74899291992188,161.8509979248047,0.0
2026-07-07 12:45:00+00:00,161.8459930419922,161.87399291992188,161.82400512695312,161.83200073242188,0.0
2026-07-07 13:00:00+00:00,161.8300018310547,161.89999389648438,161.8300018310547,161.8769989013672,0.0
2026-07-07 13:15:00+00:00,161.8730010986328,161.89999389648438,161.83999633789062,161.8769989013672,0.0
2026-07-07 13:30:00+00:00,161.88499450683594,161.9029998779297,161.80299377441406,161.83999633789062,0.0
2026-07-07 13:45:00+00:00,161.83900451660156,161.8990020751953,161.8280029296875,161.88699340820312,0.0
2026-07-07 14:00:00+00:00,161.89500427246094,162.0229949951172,161.8730010986328,161.95799255371094,0.0
2026-07-07 14:15:00+00:00,161.94900512695312,161.96200561523438,161.89199829101562,161.9199981689453,0.0
2026-07-07 14:30:00+00:00,161.9219970703125,161.96099853515625,161.89300537109375,161.89999389648438,0.0
2026-07-07 14:45:00+00:00,161.8939971923828,161.97900390625,161.8509979248047,161.9149932861328,0.0
2026-07-07 15:00:00+00:00,161.90499877929688,161.9459991455078,161.875,161.89199829101562,0.0
2026-07-07 15:15:00+00:00,161.9010009765625,161.92100524902344,161.88400268554688,161.89599609375,0.0
2026-07-07 15:30:00+00:00,161.89500427246094,161.9250030517578,161.85000610351562,161.8719940185547,0.0
2026-07-07 15:45:00+00:00,161.8679962158203,161.9459991455078,161.86500549316406,161.91200256347656,0.0
2026-07-07 16:00:00+00:00,161.90699768066406,161.91700744628906,161.86099243164062,161.8990020751953,0.0
2026-07-07 16:15:00+00:00,161.8820037841797,161.93099975585938,161.8820037841797,161.91400146484375,0.0
2026-07-07 16:30:00+00:00,161.9149932861328,161.95899963378906,161.9080047607422,161.92300415039062,0.0
2026-07-07 16:45:00+00:00,161.92300415039062,161.9550018310547,161.9029998779297,161.93600463867188,0.0
2026-07-07 17:00:00+00:00,161.92799377441406,161.9429931640625,161.8780059814453,161.91000366210938,0.0
2026-07-07 17:15:00+00:00,161.906005859375,161.93899536132812,161.90499877929688,161.927001953125,0.0
2026-07-07 17:30:00+00:00,161.927001953125,161.93600463867188,161.89100646972656,161.89500427246094,0.0
2026-07-07 17:45:00+00:00,161.8979949951172,161.91600036621094,161.86500549316406,161.89199829101562,0.0
2026-07-07 18:00:00+00:00,161.88099670410156,161.9149932861328,161.87899780273438,161.89100646972656,0.0
2026-07-07 18:15:00+00:00,161.88999938964844,161.8990020751953,161.86900329589844,161.88800048828125,0.0
2026-07-07 18:30:00+00:00,161.88099670410156,161.9040069580078,161.85400390625,161.8560028076172,0.0
2026-07-07 18:45:00+00:00,161.85899353027344,161.9720001220703,161.85400390625,161.9219970703125,0.0
2026-07-07 19:00:00+00:00,161.9320068359375,162.09300231933594,161.9219970703125,162.08099365234375,0.0
2026-07-07 19:15:00+00:00,162.08900451660156,162.14199829101562,162.06199645996094,162.0970001220703,0.0
2026-07-07 19:30:00+00:00,162.08700561523438,162.0989990234375,162.02099609375,162.06199645996094,0.0
2026-07-07 19:45:00+00:00,162.06100463867188,162.08599853515625,162.0399932861328,162.0760040283203,0.0
2026-07-07 20:00:00+00:00,162.0709991455078,162.10299682617188,162.0469970703125,162.1009979248047,0.0
2026-07-07 20:15:00+00:00,162.09100341796875,162.10400390625,162.05799865722656,162.07000732421875,0.0
2026-07-07 20:30:00+00:00,162.06300354003906,162.10299682617188,162.06199645996094,162.08399963378906,0.0
2026-07-07 20:45:00+00:00,162.0850067138672,162.1280059814453,162.0760040283203,162.08999633789062,0.0
2026-07-07 21:00:00+00:00,162.0850067138672,162.11700439453125,161.97799682617188,162.04800415039062,0.0
2026-07-07 21:15:00+00:00,162.052001953125,162.16000366210938,162.0500030517578,162.1529998779297,0.0
2026-07-07 21:30:00+00:00,162.11900329589844,162.16400146484375,162.08299255371094,162.1179962158203,0.0
2026-07-07 21:45:00+00:00,162.11900329589844,162.1739959716797,162.11099243164062,162.13900756835938,0.0
2026-07-07 22:00:00+00:00,162.1219940185547,162.20399475097656,162.11599731445312,162.16700744628906,0.0
2026-07-07 22:15:00+00:00,162.16700744628906,162.17599487304688,162.09100341796875,162.14100646972656,0.0
2026-07-07 22:30:00+00:00,162.13800048828125,162.1840057373047,162.12600708007812,162.16099548339844,0.0
2026-07-07 22:45:00+00:00,162.15499877929688,162.197998046875,162.1540069580078,162.18299865722656,0.0
2026-07-07 23:00:00+00:00,162.17300415039062,162.28700256347656,162.16099548339844,162.26400756835938,0.0
2026-07-07 23:15:00+00:00,162.26400756835938,162.2969970703125,162.23500061035156,162.27999877929688,0.0
2026-07-07 23:30:00+00:00,162.27699279785156,162.3249969482422,162.24600219726562,162.31100463867188,0.0
2026-07-07 23:45:00+00:00,162.31100463867188,162.36599731445312,162.29800415039062,162.35299682617188,0.0
2026-07-08 00:00:00+00:00,162.3560028076172,162.38800048828125,162.30499267578125,162.33700561523438,0.0
2026-07-08 00:15:00+00:00,162.33399963378906,162.4040069580078,162.32200622558594,162.38600158691406,0.0
2026-07-08 00:30:00+00:00,162.3780059814453,162.38800048828125,162.30999755859375,162.33200073242188,0.0
2026-07-08 00:45:00+00:00,162.33700561523438,162.35299682617188,162.2480010986328,162.3489990234375,0.0
2026-07-08 01:00:00+00:00,162.34100341796875,162.3679962158203,162.2779998779297,162.3350067138672,0.0
2026-07-08 01:15:00+00:00,162.32899475097656,162.41900634765625,162.32400512695312,162.4080047607422,0.0
2026-07-08 01:30:00+00:00,162.40899658203125,162.46299743652344,162.375,162.43899536132812,0.0
2026-07-08 01:45:00+00:00,162.43699645996094,162.4459991455078,162.33999633789062,162.3509979248047,0.0
2026-07-08 02:00:00+00:00,162.3520050048828,162.43299865722656,162.33200073242188,162.42599487304688,0.0
2026-07-08 02:15:00+00:00,162.41600036621094,162.42599487304688,162.36399841308594,162.38699340820312,0.0
2026-07-08 02:30:00+00:00,162.38400268554688,162.406005859375,162.36199951171875,162.36300659179688,0.0
2026-07-08 02:45:00+00:00,162.36599731445312,162.38499450683594,162.33799743652344,162.34300231933594,0.0
2026-07-08 03:00:00+00:00,162.33999633789062,162.3520050048828,162.28700256347656,162.30599975585938,0.0
2026-07-08 03:15:00+00:00,162.31100463867188,162.3249969482422,162.28399658203125,162.302001953125,0.0
2026-07-08 03:30:00+00:00,162.30499267578125,162.35400390625,162.2969970703125,162.32200622558594,0.0
2026-07-08 03:45:00+00:00,162.32200622558594,162.35299682617188,162.31500244140625,162.33599853515625,0.0
2026-07-08 04:00:00+00:00,162.33599853515625,162.3780059814453,162.3300018310547,162.36199951171875,0.0
2026-07-08 04:15:00+00:00,162.3560028076172,162.39700317382812,162.3560028076172,162.3800048828125,0.0
2026-07-08 04:30:00+00:00,162.37899780273438,162.4080047607422,162.35000610351562,162.38499450683594,0.0
2026-07-08 04:45:00+00:00,162.38400268554688,162.40699768066406,162.35899353027344,162.3679962158203,0.0
2026-07-08 05:00:00+00:00,162.36099243164062,162.37600708007812,162.32899475097656,162.33999633789062,0.0
2026-07-08 05:15:00+00:00,162.33999633789062,162.35699462890625,162.31900024414062,162.33299255371094,0.0
2026-07-08 05:30:00+00:00,162.32400512695312,162.3350067138672,162.2030029296875,162.2519989013672,0.0
2026-07-08 05:45:00+00:00,162.25399780273438,162.33299255371094,162.22999572753906,162.29200744628906,0.0
2026-07-08 06:00:00+00:00,162.29200744628906,162.30999755859375,162.23800659179688,162.27000427246094,0.0
2026-07-08 06:15:00+00:00,162.25900268554688,162.28500366210938,162.17100524902344,162.19500732421875,0.0
2026-07-08 06:30:00+00:00,162.19500732421875,162.20899963378906,162.07000732421875,162.1230010986328,0.0
2026-07-08 06:45:00+00:00,162.11399841308594,162.218994140625,162.11399841308594,162.197998046875,0.0
2026-07-08 07:00:00+00:00,162.197998046875,162.29100036621094,162.18600463867188,162.2480010986328,0.0
2026-07-08 07:15:00+00:00,162.24899291992188,162.27499389648438,162.18699645996094,162.19500732421875,0.0
2026-07-08 07:30:00+00:00,162.19500732421875,162.23399353027344,162.1739959716797,162.197998046875,0.0
2026-07-08 07:45:00+00:00,162.1959991455078,162.24000549316406,162.1909942626953,162.22500610351562,0.0
2026-07-08 08:00:00+00:00,162.22000122070312,162.31700134277344,162.2030029296875,162.30299377441406,0.0
2026-07-08 08:15:00+00:00,162.3040008544922,162.45199584960938,162.2830047607422,162.38800048828125,0.0
2026-07-08 08:30:00+00:00,162.3820037841797,162.46400451660156,162.3419952392578,162.4340057373047,0.0
2026-07-08 08:45:00+00:00,162.42999267578125,162.4980010986328,162.38900756835938,162.48599243164062,0.0
2026-07-08 09:00:00+00:00,162.48399353027344,162.54299926757812,162.24600219726562,162.53700256347656,0.0
2026-07-08 09:15:00+00:00,162.53199768066406,162.5570068359375,162.45799255371094,162.47000122070312,0.0
2026-07-08 09:30:00+00:00,162.47000122070312,162.5050048828125,162.42799377441406,162.44200134277344,0.0
2026-07-08 09:45:00+00:00,162.447998046875,162.4669952392578,162.38299560546875,162.45700073242188,0.0
2026-07-08 10:00:00+00:00,162.45899963378906,162.4669952392578,162.41299438476562,162.4499969482422,0.0
2026-07-08 10:15:00+00:00,162.44200134277344,162.4600067138672,162.40699768066406,162.4340057373047,0.0
2026-07-08 10:30:00+00:00,162.4320068359375,162.44500732421875,162.3990020751953,162.40499877929688,0.0
2026-07-08 10:45:00+00:00,162.406005859375,162.47900390625,162.40499877929688,162.4739990234375,0.0
2026-07-08 11:00:00+00:00,162.4720001220703,162.50399780273438,162.46600341796875,162.46800231933594,0.0
2026-07-08 11:15:00+00:00,162.46800231933594,162.51199340820312,162.46400451660156,162.47900390625,0.0
2026-07-08 11:30:00+00:00,162.47900390625,162.5590057373047,162.41400146484375,162.4669952392578,0.0
2026-07-08 11:45:00+00:00,162.4759979248047,162.5489959716797,162.4600067138672,162.54200744628906,0.0
2026-07-08 12:00:00+00:00,162.53199768066406,162.54600524902344,162.46600341796875,162.4929962158203,0.0
2026-07-08 12:15:00+00:00,162.49200439453125,162.5070037841797,162.43899536132812,162.4720001220703,0.0
2026-07-08 12:30:00+00:00,162.468994140625,162.49200439453125,162.45700073242188,162.47799682617188,0.0
2026-07-08 12:45:00+00:00,162.4739990234375,162.52499389648438,162.43699645996094,162.51400756835938,0.0
2026-07-08 13:00:00+00:00,162.51400756835938,162.5489959716797,162.49899291992188,162.51699829101562,0.0
2026-07-08 13:15:00+00:00,162.51699829101562,162.56399536132812,162.49000549316406,162.52200317382812,0.0
2026-07-08 13:30:00+00:00,162.52000427246094,162.5469970703125,162.47500610351562,162.51800537109375,0.0
2026-07-08 13:45:00+00:00,162.51699829101562,162.56900024414062,162.5050048828125,162.53399658203125,0.0
2026-07-08 14:00:00+00:00,162.53500366210938,162.5590057373047,162.50799560546875,162.5330047607422,0.0
2026-07-08 14:15:00+00:00,162.5330047607422,162.5659942626953,162.51699829101562,162.54100036621094,0.0
2026-07-08 14:30:00+00:00,162.5449981689453,162.6009979248047,162.54100036621094,162.5590057373047,0.0
2026-07-08 14:45:00+00:00,162.55999755859375,162.6230010986328,162.55799865722656,162.6060028076172,0.0
2026-07-08 15:00:00+00:00,162.60499572753906,162.64999389648438,162.58799743652344,162.64700317382812,0.0
2026-07-08 15:15:00+00:00,162.63900756835938,162.69200134277344,162.63299560546875,162.6540069580078,0.0
2026-07-08 15:30:00+00:00,162.6540069580078,162.70799255371094,162.6479949951172,162.68299865722656,0.0
2026-07-08 15:45:00+00:00,162.6840057373047,162.7030029296875,162.64599609375,162.66600036621094,0.0
2026-07-08 16:00:00+00:00,162.66400146484375,162.6719970703125,162.625,162.64999389648438,0.0
2026-07-08 16:15:00+00:00,162.63999938964844,162.65699768066406,162.60800170898438,162.64700317382812,0.0
2026-07-08 16:30:00+00:00,162.64300537109375,162.65699768066406,162.51400756835938,162.51400756835938,0.0
2026-07-08 16:45:00+00:00,162.51800537109375,162.55299377441406,162.4980010986328,162.531005859375,0.0
2026-07-08 17:00:00+00:00,162.531005859375,162.53599548339844,162.44000244140625,162.48199462890625,0.0
2026-07-08 17:15:00+00:00,162.48300170898438,162.48899841308594,162.41200256347656,162.47799682617188,0.0
2026-07-08 17:30:00+00:00,162.48300170898438,162.52699279785156,162.4550018310547,162.52000427246094,0.0
2026-07-08 17:45:00+00:00,162.51800537109375,162.55299377441406,162.4969940185547,162.4980010986328,0.0
2026-07-08 18:00:00+00:00,162.52699279785156,162.56100463867188,162.447998046875,162.46299743652344,0.0
2026-07-08 18:15:00+00:00,162.46200561523438,162.4929962158203,162.4530029296875,162.45799255371094,0.0
2026-07-08 18:30:00+00:00,162.46499633789062,162.4949951171875,162.43800354003906,162.45399475097656,0.0
2026-07-08 18:45:00+00:00,162.44900512695312,162.48699951171875,162.4409942626953,162.4770050048828,0.0
2026-07-08 19:00:00+00:00,162.46800231933594,162.47900390625,162.42999267578125,162.4429931640625,0.0
2026-07-08 19:15:00+00:00,162.44200134277344,162.46299743652344,162.427001953125,162.44400024414062,0.0
2026-07-08 19:30:00+00:00,162.43699645996094,162.4929962158203,162.41600036621094,162.48399353027344,0.0
2026-07-08 19:45:00+00:00,162.48500061035156,162.55599975585938,162.4499969482422,162.4669952392578,0.0
2026-07-08 20:00:00+00:00,162.4709930419922,162.5279998779297,162.46299743652344,162.51800537109375,0.0
2026-07-08 20:15:00+00:00,162.51800537109375,162.54800415039062,162.5050048828125,162.5399932861328,0.0
2026-07-08 20:30:00+00:00,162.531005859375,162.61900329589844,162.5290069580078,162.59800720214844,0.0
2026-07-08 20:45:00+00:00,162.58900451660156,162.64599609375,162.5679931640625,162.58399963378906,0.0
2026-07-08 21:00:00+00:00,162.54800415039062,162.58299255371094,162.48699951171875,162.48800659179688,0.0
2026-07-08 21:15:00+00:00,162.49600219726562,162.59800720214844,162.48500061035156,162.51499938964844,0.0
2026-07-08 21:30:00+00:00,162.5399932861328,162.56900024414062,162.5050048828125,162.56100463867188,0.0
2026-07-08 21:45:00+00:00,162.5679931640625,162.5679931640625,162.51600646972656,162.53700256347656,0.0
2026-07-08 22:00:00+00:00,162.53599548339844,162.61399841308594,162.51100158691406,162.58799743652344,0.0
2026-07-08 22:15:00+00:00,162.57400512695312,162.59800720214844,162.57000732421875,162.5970001220703,0.0
2026-07-08 22:30:00+00:00,162.58799743652344,162.5970001220703,162.56100463867188,162.57699584960938,0.0
2026-07-08 22:45:00+00:00,162.56199645996094,162.58299255371094,162.55099487304688,162.552001953125,0.0
2026-07-08 23:00:00+00:00,162.55999755859375,162.57000732421875,162.52999877929688,162.55299377441406,0.0
2026-07-08 23:15:00+00:00,162.54600524902344,162.5780029296875,162.531005859375,162.56300354003906,0.0
2026-07-08 23:30:00+00:00,162.56199645996094,162.58200073242188,162.54600524902344,162.56399536132812,0.0
2026-07-08 23:45:00+00:00,162.56199645996094,162.56500244140625,162.52499389648438,162.54400634765625,0.0
2026-07-09 00:00:00+00:00,162.53399658203125,162.54299926757812,162.3560028076172,162.3990020751953,0.0
2026-07-09 00:15:00+00:00,162.39100646972656,162.427001953125,162.35899353027344,162.38800048828125,0.0
2026-07-09 00:30:00+00:00,162.38499450683594,162.44900512695312,162.3560028076172,162.43899536132812,0.0
2026-07-09 00:45:00+00:00,162.43899536132812,162.48399353027344,162.3939971923828,162.43899536132812,0.0
2026-07-09 01:00:00+00:00,162.43899536132812,162.50599670410156,162.40699768066406,162.46600341796875,0.0
2026-07-09 01:15:00+00:00,162.46600341796875,162.57400512695312,162.46600341796875,162.54400634765625,0.0
2026-07-09 01:30:00+00:00,162.54200744628906,162.5590057373047,162.47999572753906,162.49899291992188,0.0
2026-07-09 01:45:00+00:00,162.51100158691406,162.5229949951172,162.43499755859375,162.44500732421875,0.0
2026-07-09 02:00:00+00:00,162.44500732421875,162.48699951171875,162.42999267578125,162.4499969482422,0.0
2026-07-09 02:15:00+00:00,162.45199584960938,162.47799682617188,162.43600463867188,162.45899963378906,0.0
2026-07-09 02:30:00+00:00,162.46499633789062,162.50399780273438,162.45700073242188,162.47500610351562,0.0
2026-07-09 02:45:00+00:00,162.47999572753906,162.48500061035156,162.44700622558594,162.4709930419922,0.0
2026-07-09 03:00:00+00:00,162.46400451660156,162.47799682617188,162.44000244140625,162.46200561523438,0.0
2026-07-09 03:15:00+00:00,162.45799255371094,162.49899291992188,162.44000244140625,162.44000244140625,0.0
2026-07-09 03:30:00+00:00,162.44500732421875,162.45799255371094,162.40199279785156,162.44200134277344,0.0
2026-07-09 03:45:00+00:00,162.43899536132812,162.4550018310547,162.41600036621094,162.447998046875,0.0
2026-07-09 04:00:00+00:00,162.44700622558594,162.46499633789062,162.41799926757812,162.43099975585938,0.0
2026-07-09 04:15:00+00:00,162.42300415039062,162.4340057373047,162.406005859375,162.41700744628906,0.0
2026-07-09 04:30:00+00:00,162.4199981689453,162.4499969482422,162.41099548339844,162.44000244140625,0.0
2026-07-09 04:45:00+00:00,162.4459991455078,162.44700622558594,162.406005859375,162.42599487304688,0.0
2026-07-09 05:00:00+00:00,162.43299865722656,162.43800354003906,162.35499572753906,162.39100646972656,0.0
2026-07-09 05:15:00+00:00,162.38800048828125,162.4149932861328,162.36199951171875,162.36500549316406,0.0
2026-07-09 05:30:00+00:00,162.36500549316406,162.3939971923828,162.33700561523438,162.37600708007812,0.0
2026-07-09 05:45:00+00:00,162.3769989013672,162.38900756835938,162.3520050048828,162.3719940185547,0.0
2026-07-09 06:00:00+00:00,162.36399841308594,162.375,162.3090057373047,162.35499572753906,0.0
2026-07-09 06:15:00+00:00,162.3509979248047,162.3679962158203,162.24000549316406,162.25,0.0
2026-07-09 06:30:00+00:00,162.24099731445312,162.33799743652344,162.24000549316406,162.26699829101562,0.0
2026-07-09 06:45:00+00:00,162.25799560546875,162.31500244140625,162.2519989013672,162.28900146484375,0.0
2026-07-09 07:00:00+00:00,162.29200744628906,162.3699951171875,162.28900146484375,162.3560028076172,0.0
2026-07-09 07:15:00+00:00,162.36500549316406,162.3990020751953,162.34800720214844,162.3719940185547,0.0
2026-07-09 07:30:00+00:00,162.36300659179688,162.3820037841797,162.3350067138672,162.3419952392578,0.0
2026-07-09 07:45:00+00:00,162.3419952392578,162.3730010986328,162.32000732421875,162.3419952392578,0.0
2026-07-09 08:00:00+00:00,162.3419952392578,162.36500549316406,162.30299377441406,162.32400512695312,0.0
2026-07-09 08:15:00+00:00,162.32899475097656,162.33099365234375,162.29400634765625,162.3159942626953,0.0
2026-07-09 08:30:00+00:00,162.31700134277344,162.3719940185547,162.3070068359375,162.35299682617188,0.0
2026-07-09 08:45:00+00:00,162.35299682617188,162.4040069580078,162.34300231933594,162.38800048828125,0.0
2026-07-09 09:00:00+00:00,162.38800048828125,162.42300415039062,162.3730010986328,162.41600036621094,0.0
2026-07-09 09:15:00+00:00,162.41200256347656,162.43099975585938,162.39500427246094,162.406005859375,0.0
2026-07-09 09:30:00+00:00,162.41200256347656,162.4510040283203,162.40199279785156,162.4199981689453,0.0
2026-07-09 09:45:00+00:00,162.4199981689453,162.4459991455078,162.38999938964844,162.3979949951172,0.0
2026-07-09 10:00:00+00:00,162.39599609375,162.427001953125,162.39500427246094,162.40899658203125,0.0
2026-07-09 10:15:00+00:00,162.41200256347656,162.44900512695312,162.406005859375,162.44500732421875,0.0
2026-07-09 10:30:00+00:00,162.43600463867188,162.4459991455078,162.406005859375,162.42799377441406,0.0
2026-07-09 10:45:00+00:00,162.4239959716797,162.50799560546875,162.4219970703125,162.47999572753906,0.0
2026-07-09 11:00:00+00:00,162.4770050048828,162.4980010986328,162.45599365234375,162.46600341796875,0.0
2026-07-09 11:15:00+00:00,162.4739990234375,162.4969940185547,162.45899963378906,162.49000549316406,0.0
2026-07-09 11:30:00+00:00,162.48800659179688,162.50999450683594,162.46099853515625,162.47999572753906,0.0
2026-07-09 11:45:00+00:00,162.48199462890625,162.48800659179688,162.44900512695312,162.468994140625,0.0
2026-07-09 12:00:00+00:00,162.468994140625,162.4770050048828,162.38699340820312,162.406005859375,0.0
2026-07-09 12:15:00+00:00,162.4010009765625,162.43499755859375,162.38499450683594,162.41299438476562,0.0
2026-07-09 12:30:00+00:00,162.38699340820312,162.4550018310547,162.38099670410156,162.4340057373047,0.0
2026-07-09 12:45:00+00:00,162.43899536132812,162.45799255371094,162.4219970703125,162.43600463867188,0.0
2026-07-09 13:00:00+00:00,162.44400024414062,162.45399475097656,162.39999389648438,162.41400146484375,0.0
2026-07-09 13:15:00+00:00,162.41000366210938,162.41600036621094,162.28799438476562,162.37600708007812,0.0
2026-07-09 13:30:00+00:00,162.36900329589844,162.3780059814453,162.30099487304688,162.3249969482422,0.0
2026-07-09 13:45:00+00:00,162.3280029296875,162.36599731445312,162.30799865722656,162.33099365234375,0.0
2026-07-09 14:00:00+00:00,162.33900451660156,162.39199829101562,162.2790069580078,162.38400268554688,0.0
2026-07-09 14:15:00+00:00,162.38299560546875,162.40199279785156,162.3470001220703,162.3719940185547,0.0
2026-07-09 14:30:00+00:00,162.3719940185547,162.39199829101562,162.31199645996094,162.36199951171875,0.0
2026-07-09 14:45:00+00:00,162.36099243164062,162.42300415039062,162.35299682617188,162.3679962158203,0.0
2026-07-09 15:00:00+00:00,162.35800170898438,162.4149932861328,162.3560028076172,162.39700317382812,0.0
2026-07-09 15:15:00+00:00,162.38999938964844,162.40899658203125,162.35400390625,162.3560028076172,0.0
2026-07-09 15:30:00+00:00,162.35499572753906,162.39300537109375,162.31399536132812,162.31399536132812,0.0
2026-07-09 15:45:00+00:00,162.31500244140625,162.33200073242188,162.25,162.28700256347656,0.0
2026-07-09 16:00:00+00:00,162.281005859375,162.302001953125,162.25399780273438,162.2790069580078,0.0
2026-07-09 16:15:00+00:00,162.2779998779297,162.3260040283203,162.25100708007812,162.29600524902344,0.0
2026-07-09 16:30:00+00:00,162.29400634765625,162.32699584960938,162.27699279785156,162.29299926757812,0.0
2026-07-09 16:45:00+00:00,162.28799438476562,162.3159942626953,162.26600646972656,162.3159942626953,0.0
2026-07-09 17:00:00+00:00,162.3070068359375,162.3300018310547,162.29400634765625,162.31500244140625,0.0
2026-07-09 17:15:00+00:00,162.31100463867188,162.32000732421875,162.26699829101562,162.2689971923828,0.0
2026-07-09 17:30:00+00:00,162.27200317382812,162.3040008544922,162.26600646972656,162.29400634765625,0.0
2026-07-09 17:45:00+00:00,162.29299926757812,162.302001953125,162.26699829101562,162.28199768066406,0.0
2026-07-09 18:00:00+00:00,162.2830047607422,162.32400512695312,162.27999877929688,162.30999755859375,0.0
2026-07-09 18:15:00+00:00,162.32000732421875,162.3769989013672,162.30499267578125,162.36700439453125,0.0
2026-07-09 18:30:00+00:00,162.36099243164062,162.375,162.33099365234375,162.33700561523438,0.0
2026-07-09 18:45:00+00:00,162.33599853515625,162.35000610351562,162.3179931640625,162.32899475097656,0.0
2026-07-09 19:00:00+00:00,162.32899475097656,162.36599731445312,162.31399536132812,162.35400390625,0.0
2026-07-09 19:15:00+00:00,162.3520050048828,162.39100646972656,162.34300231933594,162.3780059814453,0.0
2026-07-09 19:30:00+00:00,162.37899780273438,162.4010009765625,162.35299682617188,162.38900756835938,0.0
2026-07-09 19:45:00+00:00,162.38099670410156,162.4149932861328,162.37100219726562,162.38800048828125,0.0
2026-07-09 20:00:00+00:00,162.3800048828125,162.406005859375,162.3509979248047,162.3769989013672,0.0
2026-07-09 20:15:00+00:00,162.36700439453125,162.38600158691406,162.35699462890625,162.375,0.0
2026-07-09 20:30:00+00:00,162.36500549316406,162.39599609375,162.36399841308594,162.39500427246094,0.0
2026-07-09 20:45:00+00:00,162.38699340820312,162.4040069580078,162.32899475097656,162.35800170898438,0.0
2026-07-09 21:00:00+00:00,162.3419952392578,162.3509979248047,162.33200073242188,162.33900451660156,0.0
2026-07-09 21:15:00+00:00,162.33999633789062,162.3800048828125,162.33700561523438,162.3520050048828,0.0
2026-07-09 21:30:00+00:00,162.3509979248047,162.3780059814453,162.3419952392578,162.34500122070312,0.0
2026-07-09 21:45:00+00:00,162.343994140625,162.3939971923828,162.3280029296875,162.3509979248047,0.0
2026-07-09 22:00:00+00:00,162.34800720214844,162.4290008544922,162.31300354003906,162.37899780273438,0.0
2026-07-09 22:15:00+00:00,162.3780059814453,162.3780059814453,162.33599853515625,162.3459930419922,0.0
2026-07-09 22:30:00+00:00,162.3459930419922,162.3699951171875,162.33599853515625,162.33700561523438,0.0
2026-07-09 22:45:00+00:00,162.33700561523438,162.3560028076172,162.33200073242188,162.3509979248047,0.0
2026-07-09 23:00:00+00:00,162.33900451660156,162.35699462890625,162.3300018310547,162.33799743652344,0.0
2026-07-09 23:15:00+00:00,162.33700561523438,162.38499450683594,162.33099365234375,162.37399291992188,0.0
2026-07-09 23:30:00+00:00,162.37100219726562,162.38400268554688,162.3520050048828,162.35800170898438,0.0
2026-07-09 23:45:00+00:00,162.3679962158203,162.38800048828125,162.3470001220703,162.35800170898438,0.0
2026-07-10 00:00:00+00:00,162.35800170898438,162.41200256347656,162.31900024414062,162.39700317382812,0.0
2026-07-10 00:15:00+00:00,162.38900756835938,162.4250030517578,162.375,162.41299438476562,0.0
2026-07-10 00:30:00+00:00,162.41000366210938,162.41900634765625,162.29100036621094,162.31100463867188,0.0
2026-07-10 00:45:00+00:00,162.30099487304688,162.3070068359375,161.88699340820312,162.04200744628906,0.0
2026-07-10 01:00:00+00:00,162.04600524902344,162.1060028076172,161.78599548339844,161.79200744628906,0.0
2026-07-10 01:15:00+00:00,161.7949981689453,161.9040069580078,161.6300048828125,161.8939971923828,0.0
2026-07-10 01:30:00+00:00,161.88800048828125,161.9040069580078,161.72799682617188,161.85000610351562,0.0
2026-07-10 01:45:00+00:00,161.85000610351562,161.86199951171875,161.66299438476562,161.73199462890625,0.0
2026-07-10 02:00:00+00:00,161.73500061035156,161.75399780273438,161.42799377441406,161.4340057373047,0.0
2026-07-10 02:15:00+00:00,161.42999267578125,161.48300170898438,161.2779998779297,161.45799255371094,0.0
2026-07-10 02:30:00+00:00,161.46800231933594,161.5570068359375,161.36700439453125,161.4040069580078,0.0
2026-07-10 02:45:00+00:00,161.3939971923828,161.46800231933594,161.343994140625,161.447998046875,0.0
2026-07-10 03:00:00+00:00,161.44700622558594,161.50100708007812,161.38699340820312,161.45700073242188,0.0
2026-07-10 03:15:00+00:00,161.45799255371094,161.49600219726562,161.375,161.3820037841797,0.0
2026-07-10 03:30:00+00:00,161.39100646972656,161.4409942626953,161.343994140625,161.4199981689453,0.0
2026-07-10 03:45:00+00:00,161.42599487304688,161.5780029296875,161.4149932861328,161.52000427246094,0.0
2026-07-10 04:00:00+00:00,161.51199340820312,161.5749969482422,161.51199340820312,161.5489959716797,0.0
2026-07-10 04:15:00+00:00,161.55499267578125,161.68600463867188,161.5449981689453,161.6300048828125,0.0
2026-07-10 04:30:00+00:00,161.63699340820312,161.6840057373047,161.61399841308594,161.6739959716797,0.0
2026-07-10 04:45:00+00:00,161.6750030517578,161.7100067138672,161.6230010986328,161.6269989013672,0.0
2026-07-10 05:00:00+00:00,161.6269989013672,161.64999389648438,161.468994140625,161.5050048828125,0.0
2026-07-10 05:15:00+00:00,161.4980010986328,161.66099548339844,161.4969940185547,161.61900329589844,0.0
2026-07-10 05:30:00+00:00,161.6179962158203,161.66700744628906,161.60400390625,161.63699340820312,0.0
2026-07-10 05:45:00+00:00,161.63999938964844,161.6479949951172,161.4949951171875,161.5780029296875,0.0
2026-07-10 06:00:00+00:00,161.57400512695312,161.58700561523438,161.46099853515625,161.50900268554688,0.0
2026-07-10 06:15:00+00:00,161.50100708007812,161.57400512695312,161.4040069580078,161.5709991455078,0.0
2026-07-10 06:30:00+00:00,161.57200622558594,161.58200073242188,161.49000549316406,161.56500244140625,0.0
2026-07-10 06:45:00+00:00,161.5659942626953,161.61599731445312,161.55799865722656,161.57400512695312,0.0
2026-07-10 07:00:00+00:00,161.57400512695312,161.68800354003906,161.5659942626953,161.66400146484375,0.0
2026-07-10 07:15:00+00:00,161.66600036621094,161.77499389648438,161.63299560546875,161.75,0.0
2026-07-10 07:30:00+00:00,161.73800659179688,161.7729949951172,161.64999389648438,161.66400146484375,0.0
2026-07-10 07:45:00+00:00,161.66900634765625,161.7449951171875,161.64999389648438,161.69000244140625,0.0
2026-07-10 08:00:00+00:00,161.68899536132812,161.69900512695312,161.53199768066406,161.6269989013672,0.0
2026-07-10 08:15:00+00:00,161.6300048828125,161.7469940185547,161.62399291992188,161.71800231933594,0.0
2026-07-10 08:30:00+00:00,161.7259979248047,161.73699951171875,161.5679931640625,161.5959930419922,0.0
2026-07-10 08:45:00+00:00,161.58999633789062,161.6909942626953,161.58399963378906,161.6790008544922,0.0
2026-07-10 09:00:00+00:00,161.6790008544922,161.7270050048828,161.6320037841797,161.6959991455078,0.0
2026-07-10 09:15:00+00:00,161.6959991455078,161.76800537109375,161.6529998779297,161.76499938964844,0.0
2026-07-10 09:30:00+00:00,161.7570037841797,161.82899475097656,161.75100708007812,161.78900146484375,0.0
2026-07-10 09:45:00+00:00,161.77999877929688,161.86099243164062,161.7740020751953,161.82400512695312,0.0
2026-07-10 10:00:00+00:00,161.8209991455078,161.8300018310547,161.75399780273438,161.79299926757812,0.0
2026-07-10 10:15:00+00:00,161.78500366210938,161.7989959716797,161.68899536132812,161.69700622558594,0.0
2026-07-10 10:30:00+00:00,161.69700622558594,161.75,161.69400024414062,161.74000549316406,0.0
2026-07-10 10:45:00+00:00,161.74400329589844,161.80099487304688,161.73300170898438,161.76100158691406,0.0
2026-07-10 11:00:00+00:00,161.75999450683594,161.79299926757812,161.74000549316406,161.76499938964844,0.0
2026-07-10 11:15:00+00:00,161.76499938964844,161.843994140625,161.7429962158203,161.8090057373047,0.0
2026-07-10 11:30:00+00:00,161.802001953125,161.88600158691406,161.79400634765625,161.83700561523438,0.0
2026-07-10 11:45:00+00:00,161.8419952392578,161.8679962158203,161.82200622558594,161.84500122070312,0.0
2026-07-10 12:00:00+00:00,161.84300231933594,161.89500427246094,161.6790008544922,161.7570037841797,0.0
2026-07-10 12:15:00+00:00,161.75999450683594,161.83700561523438,161.7469940185547,161.8300018310547,0.0
2026-07-10 12:30:00+00:00,161.8209991455078,161.88900756835938,161.79600524902344,161.7989959716797,0.0
2026-07-10 12:45:00+00:00,161.81100463867188,161.822998046875,161.7779998779297,161.78799438476562,0.0
2026-07-10 13:00:00+00:00,161.78700256347656,161.86099243164062,161.78700256347656,161.802001953125,0.0
2026-07-10 13:15:00+00:00,161.79800415039062,161.81900024414062,161.75900268554688,161.79800415039062,0.0
2026-07-10 13:30:00+00:00,161.79800415039062,161.8350067138672,161.74899291992188,161.7729949951172,0.0
2026-07-10 13:45:00+00:00,161.7729949951172,161.80499267578125,161.71600341796875,161.75900268554688,0.0
2026-07-10 14:00:00+00:00,161.76800537109375,161.83900451660156,161.75900268554688,161.7689971923828,0.0
2026-07-10 14:15:00+00:00,161.75999450683594,161.81399536132812,161.75399780273438,161.7570037841797,0.0
2026-07-10 14:30:00+00:00,161.7570037841797,161.86599731445312,161.74099731445312,161.83700561523438,0.0
2026-07-10 14:45:00+00:00,161.8419952392578,161.86900329589844,161.80799865722656,161.82200622558594,0.0
2026-07-10 15:00:00+00:00,161.82899475097656,161.84500122070312,161.70599365234375,161.71400451660156,0.0
2026-07-10 15:15:00+00:00,161.70700073242188,161.7169952392578,161.46600341796875,161.51800537109375,0.0
2026-07-10 15:30:00+00:00,161.51600646972656,161.5240020751953,161.38900756835938,161.46099853515625,0.0
2026-07-10 15:45:00+00:00,161.45399475097656,161.5,161.2760009765625,161.31500244140625,0.0
2026-07-10 16:00:00+00:00,161.31199645996094,161.41200256347656,161.29400634765625,161.33399963378906,0.0
2026-07-10 16:15:00+00:00,161.33399963378906,161.41700744628906,161.2949981689453,161.33799743652344,0.0
2026-07-10 16:30:00+00:00,161.33799743652344,161.45399475097656,161.33799743652344,161.44500732421875,0.0
2026-07-10 16:45:00+00:00,161.4459991455078,161.51300048828125,161.4290008544922,161.5030059814453,0.0
2026-07-10 17:00:00+00:00,161.51100158691406,161.55299377441406,161.48699951171875,161.53199768066406,0.0
2026-07-10 17:15:00+00:00,161.53199768066406,161.58799743652344,161.51300048828125,161.54100036621094,0.0
2026-07-10 17:30:00+00:00,161.5399932861328,161.58900451660156,161.51600646972656,161.5570068359375,0.0
2026-07-10 17:45:00+00:00,161.5570068359375,161.6529998779297,161.55499267578125,161.63699340820312,0.0
2026-07-10 18:00:00+00:00,161.64199829101562,161.6959991455078,161.62399291992188,161.6790008544922,0.0
2026-07-10 18:15:00+00:00,161.68099975585938,161.70599365234375,161.65899658203125,161.6999969482422,0.0
2026-07-10 18:30:00+00:00,161.6999969482422,161.73399353027344,161.677001953125,161.718994140625,0.0
2026-07-10 18:45:00+00:00,161.72000122070312,161.73500061035156,161.66099548339844,161.68099975585938,0.0
2026-07-10 19:00:00+00:00,161.6820068359375,161.73699951171875,161.67100524902344,161.72300720214844,0.0
2026-07-10 19:15:00+00:00,161.72300720214844,161.7310028076172,161.6820068359375,161.69400024414062,0.0
2026-07-10 19:30:00+00:00,161.7030029296875,161.73300170898438,161.6739959716797,161.73300170898438,0.0
2026-07-10 19:45:00+00:00,161.73199462890625,161.74899291992188,161.68699645996094,161.72900390625,0.0
2026-07-10 20:00:00+00:00,161.72999572753906,161.7519989013672,161.69700622558594,161.72300720214844,0.0
2026-07-10 20:15:00+00:00,161.7259979248047,161.7449951171875,161.6999969482422,161.718994140625,0.0
2026-07-10 20:30:00+00:00,161.71800231933594,161.7550048828125,161.70799255371094,161.7220001220703,0.0
2026-07-10 20:45:00+00:00,161.72300720214844,161.76300048828125,161.6479949951172,161.6719970703125,0.0
2026-07-12 23:00:00+00:00,162.01400756835938,162.06900024414062,161.98699951171875,162.00399780273438,0.0
2026-07-12 23:15:00+00:00,162.0050048828125,162.01300048828125,161.95599365234375,161.96299743652344,0.0
2026-07-12 23:30:00+00:00,161.96299743652344,162.01800537109375,161.95799255371094,161.98800659179688,0.0
2026-07-12 23:45:00+00:00,161.98599243164062,162.0050048828125,161.875,161.88800048828125,0.0
2026-07-13 00:00:00+00:00,161.8780059814453,161.9770050048828,161.8730010986328,161.89999389648438,0.0
2026-07-13 00:15:00+00:00,161.89199829101562,162.0050048828125,161.8820037841797,161.96499633789062,0.0
2026-07-13 00:30:00+00:00,161.9600067138672,162.05599975585938,161.9320068359375,161.9980010986328,0.0
2026-07-13 00:45:00+00:00,161.99899291992188,162.10299682617188,161.9759979248047,162.08999633789062,0.0
2026-07-13 01:00:00+00:00,162.09500122070312,162.1739959716797,162.08200073242188,162.10299682617188,0.0
2026-07-13 01:15:00+00:00,162.10699462890625,162.13499450683594,162.0399932861328,162.0489959716797,0.0
2026-07-13 01:30:00+00:00,162.0399932861328,162.05799865722656,161.96099853515625,161.96800231933594,0.0
2026-07-13 01:45:00+00:00,161.96800231933594,162.0229949951172,161.9499969482422,161.97300720214844,0.0
2026-07-13 02:00:00+00:00,161.97000122070312,162.093994140625,161.95399475097656,162.0399932861328,0.0
2026-07-13 02:15:00+00:00,162.03500366210938,162.0679931640625,162.02499389648438,162.04600524902344,0.0
2026-07-13 02:30:00+00:00,162.04600524902344,162.06300354003906,162.00399780273438,162.02499389648438,0.0
2026-07-13 02:45:00+00:00,162.0260009765625,162.07899475097656,162.01199340820312,162.072998046875,0.0
2026-07-13 03:00:00+00:00,162.06700134277344,162.1269989013672,162.05999755859375,162.08599853515625,0.0
2026-07-13 03:15:00+00:00,162.0850067138672,162.0970001220703,162.05799865722656,162.08799743652344,0.0
2026-07-13 03:30:00+00:00,162.09300231933594,162.10000610351562,162.06100463867188,162.08999633789062,0.0
2026-07-13 03:45:00+00:00,162.08399963378906,162.09300231933594,162.06300354003906,162.06399536132812,0.0
2026-07-13 04:00:00+00:00,162.06399536132812,162.0959930419922,162.05799865722656,162.06399536132812,0.0
2026-07-13 04:15:00+00:00,162.06399536132812,162.08299255371094,161.98500061035156,161.98599243164062,0.0
2026-07-13 04:30:00+00:00,161.98599243164062,162.04800415039062,161.98399353027344,162.04200744628906,0.0
2026-07-13 04:45:00+00:00,162.04200744628906,162.04800415039062,161.95599365234375,161.9969940185547,0.0
2026-07-13 05:00:00+00:00,161.98899841308594,162.00399780273438,161.93299865722656,161.95599365234375,0.0
2026-07-13 05:15:00+00:00,161.95599365234375,162.06700134277344,161.94400024414062,162.0489959716797,0.0
2026-07-13 05:30:00+00:00,162.04800415039062,162.072998046875,162.01400756835938,162.06399536132812,0.0
2026-07-13 05:45:00+00:00,162.0679931640625,162.33799743652344,162.03399658203125,162.25799560546875,0.0
2026-07-13 06:00:00+00:00,162.26199340820312,162.35899353027344,162.24000549316406,162.322998046875,0.0
2026-07-13 06:15:00+00:00,162.322998046875,162.3459930419922,162.21600341796875,162.26600646972656,0.0
2026-07-13 06:30:00+00:00,162.27099609375,162.31900024414062,162.19200134277344,162.23699951171875,0.0
2026-07-13 06:45:00+00:00,162.24200439453125,162.26699829101562,162.2010040283203,162.24099731445312,0.0
2026-07-13 07:00:00+00:00,162.23300170898438,162.28199768066406,161.822998046875,162.08799743652344,0.0
2026-07-13 07:15:00+00:00,162.0989990234375,162.1790008544922,162.07699584960938,162.125,0.0
2026-07-13 07:30:00+00:00,162.11300659179688,162.2259979248047,162.11300659179688,162.21600341796875,0.0
2026-07-13 07:45:00+00:00,162.2239990234375,162.23199462890625,162.08099365234375,162.0989990234375,0.0
2026-07-13 08:00:00+00:00,162.1020050048828,162.11900329589844,162.01100158691406,162.05099487304688,0.0
2026-07-13 08:15:00+00:00,162.0489959716797,162.1199951171875,162.01499938964844,162.10299682617188,0.0
2026-07-13 08:30:00+00:00,162.11199951171875,162.1439971923828,162.08900451660156,162.1060028076172,0.0
2026-07-13 08:45:00+00:00,162.10400390625,162.12100219726562,162.052001953125,162.0760040283203,0.0
2026-07-13 09:00:00+00:00,162.072998046875,162.10400390625,162.03199768066406,162.04200744628906,0.0
2026-07-13 09:15:00+00:00,162.03500366210938,162.052001953125,161.9720001220703,161.98599243164062,0.0
2026-07-13 09:30:00+00:00,161.99200439453125,162.03399658203125,161.9720001220703,161.99600219726562,0.0
2026-07-13 09:45:00+00:00,162.00599670410156,162.0229949951172,161.9709930419922,161.98599243164062,0.0
2026-07-13 10:00:00+00:00,161.9929962158203,162.0590057373047,161.98300170898438,162.0540008544922,0.0
2026-07-13 10:15:00+00:00,162.05099487304688,162.125,162.04600524902344,162.1179962158203,0.0
2026-07-13 10:30:00+00:00,162.11500549316406,162.12399291992188,162.0850067138672,162.10699462890625,0.0
2026-07-13 10:45:00+00:00,162.10400390625,162.12100219726562,162.0570068359375,162.05999755859375,0.0
2026-07-13 11:00:00+00:00,162.06500244140625,162.10400390625,162.0229949951172,162.0760040283203,0.0
2026-07-13 11:15:00+00:00,162.0760040283203,162.14599609375,162.0749969482422,162.09100341796875,0.0
2026-07-13 11:30:00+00:00,162.0919952392578,162.11900329589844,162.06300354003906,162.06500244140625,0.0
2026-07-13 11:45:00+00:00,162.0659942626953,162.1269989013672,162.06500244140625,162.11599731445312,0.0
2026-07-13 12:00:00+00:00,162.11199951171875,162.1820068359375,162.0919952392578,162.16600036621094,0.0
2026-07-13 12:15:00+00:00,162.16600036621094,162.1959991455078,162.1510009765625,162.1719970703125,0.0
2026-07-13 12:30:00+00:00,162.16799926757812,162.19200134277344,162.15199279785156,162.1699981689453,0.0
2026-07-13 12:45:00+00:00,162.1719970703125,162.17999267578125,162.1020050048828,162.10800170898438,0.0
2026-07-13 13:00:00+00:00,162.10800170898438,162.1439971923828,162.06700134277344,162.12899780273438,0.0
2026-07-13 13:15:00+00:00,162.13499450683594,162.1510009765625,162.1060028076172,162.1269989013672,0.0
2026-07-13 13:30:00+00:00,162.12100219726562,162.22900390625,162.11099243164062,162.19200134277344,0.0
2026-07-13 13:45:00+00:00,162.19200134277344,162.23199462890625,162.16799926757812,162.21800231933594,0.0
2026-07-13 14:00:00+00:00,162.218994140625,162.27699279785156,162.18099975585938,162.26100158691406,0.0
2026-07-13 14:15:00+00:00,162.25900268554688,162.38600158691406,162.2469940185547,162.29200744628906,0.0
2026-07-13 14:30:00+00:00,162.29200744628906,162.39199829101562,162.2790069580078,162.3719940185547,0.0
2026-07-13 14:45:00+00:00,162.3780059814453,162.41299438476562,162.33799743652344,162.34300231933594,0.0
2026-07-13 15:00:00+00:00,162.35000610351562,162.3820037841797,162.33999633789062,162.36900329589844,0.0
2026-07-13 15:15:00+00:00,162.36199951171875,162.3719940185547,162.2989959716797,162.31700134277344,0.0
2026-07-13 15:30:00+00:00,162.31199645996094,162.35000610351562,162.30599975585938,162.33399963378906,0.0
2026-07-13 15:45:00+00:00,162.33399963378906,162.375,162.30099487304688,162.32699584960938,0.0
2026-07-13 16:00:00+00:00,162.31700134277344,162.3509979248047,162.30299377441406,162.33399963378906,0.0
2026-07-13 16:15:00+00:00,162.3350067138672,162.41600036621094,162.33200073242188,162.4080047607422,0.0
2026-07-13 16:30:00+00:00,162.40699768066406,162.45199584960938,162.39100646972656,162.40199279785156,0.0
2026-07-13 16:45:00+00:00,162.4029998779297,162.4669952392578,162.38499450683594,162.44900512695312,0.0
2026-07-13 17:00:00+00:00,162.447998046875,162.468994140625,162.41900634765625,162.43699645996094,0.0
2026-07-13 17:15:00+00:00,162.4429931640625,162.4530029296875,162.42100524902344,162.44200134277344,0.0
2026-07-13 17:30:00+00:00,162.43299865722656,162.46600341796875,162.4320068359375,162.45700073242188,0.0
2026-07-13 17:45:00+00:00,162.45700073242188,162.46499633789062,162.4340057373047,162.4600067138672,0.0
2026-07-13 18:00:00+00:00,162.46400451660156,162.46800231933594,162.4199981689453,162.45700073242188,0.0
2026-07-13 18:15:00+00:00,162.4510040283203,162.4810028076172,162.4219970703125,162.42799377441406,0.0
2026-07-13 18:30:00+00:00,162.42799377441406,162.44200134277344,162.38900756835938,162.3979949951172,0.0
2026-07-13 18:45:00+00:00,162.4029998779297,162.42300415039062,162.3489990234375,162.3509979248047,0.0
2026-07-13 19:00:00+00:00,162.3509979248047,162.44900512695312,162.34800720214844,162.44200134277344,0.0
2026-07-13 19:15:00+00:00,162.44900512695312,162.4510040283203,162.41700744628906,162.43600463867188,0.0
2026-07-13 19:30:00+00:00,162.43499755859375,162.4510040283203,162.41400146484375,162.4459991455078,0.0
2026-07-13 19:45:00+00:00,162.43899536132812,162.4669952392578,162.43699645996094,162.4459991455078,0.0
2026-07-13 20:00:00+00:00,162.4459991455078,162.4770050048828,162.4219970703125,162.4739990234375,0.0
2026-07-13 20:15:00+00:00,162.46800231933594,162.48800659179688,162.44200134277344,162.4429931640625,0.0
2026-07-13 20:30:00+00:00,162.4429931640625,162.46499633789062,162.44200134277344,162.46299743652344,0.0
2026-07-13 20:45:00+00:00,162.447998046875,162.47900390625,162.38800048828125,162.4320068359375,0.0
2026-07-13 21:00:00+00:00,162.35899353027344,162.427001953125,162.31300354003906,162.3939971923828,0.0
2026-07-13 21:15:00+00:00,162.39199829101562,162.45899963378906,162.375,162.44200134277344,0.0
2026-07-13 21:30:00+00:00,162.44200134277344,162.45899963378906,162.3979949951172,162.4199981689453,0.0
2026-07-13 21:45:00+00:00,162.41600036621094,162.43099975585938,162.4040069580078,162.427001953125,0.0
2026-07-13 22:00:00+00:00,162.427001953125,162.47300720214844,162.4029998779297,162.4250030517578,0.0
2026-07-13 22:15:00+00:00,162.43899536132812,162.4459991455078,162.41400146484375,162.42799377441406,0.0
2026-07-13 22:30:00+00:00,162.4290008544922,162.43600463867188,162.4029998779297,162.40499877929688,0.0
2026-07-13 22:45:00+00:00,162.41600036621094,162.4499969482422,162.40499877929688,162.43499755859375,0.0
2026-07-13 23:00:00+00:00,162.44200134277344,162.45700073242188,162.40199279785156,162.42100524902344,0.0
2026-07-13 23:15:00+00:00,162.41600036621094,162.43800354003906,162.40499877929688,162.4080047607422,0.0
2026-07-13 23:30:00+00:00,162.4080047607422,162.4250030517578,162.38299560546875,162.3939971923828,0.0
2026-07-13 23:45:00+00:00,162.3939971923828,162.4409942626953,162.38299560546875,162.41400146484375,0.0
2026-07-14 00:00:00+00:00,162.41299438476562,162.44400024414062,162.38099670410156,162.39599609375,0.0
2026-07-14 00:15:00+00:00,162.39599609375,162.47000122070312,162.39300537109375,162.4239959716797,0.0
2026-07-14 00:30:00+00:00,162.427001953125,162.45199584960938,162.28900146484375,162.35400390625,0.0
2026-07-14 00:45:00+00:00,162.34800720214844,162.42599487304688,162.22300720214844,162.38400268554688,0.0
2026-07-14 01:00:00+00:00,162.3780059814453,162.38900756835938,162.322998046875,162.33999633789062,0.0
2026-07-14 01:15:00+00:00,162.33799743652344,162.39599609375,162.31700134277344,162.38900756835938,0.0
2026-07-14 01:30:00+00:00,162.38400268554688,162.42599487304688,162.33200073242188,162.39500427246094,0.0
2026-07-14 01:45:00+00:00,162.38699340820312,162.4219970703125,162.36900329589844,162.38699340820312,0.0
2026-07-14 02:00:00+00:00,162.38999938964844,162.4149932861328,162.33599853515625,162.3489990234375,0.0
2026-07-14 02:15:00+00:00,162.33900451660156,162.3719940185547,162.33200073242188,162.35299682617188,0.0
2026-07-14 02:30:00+00:00,162.3470001220703,162.3719940185547,162.33299255371094,162.343994140625,0.0
2026-07-14 02:45:00+00:00,162.33399963378906,162.3459930419922,162.30299377441406,162.322998046875,0.0
2026-07-14 03:00:00+00:00,162.31700134277344,162.37399291992188,162.31199645996094,162.3419952392578,0.0
2026-07-14 03:15:00+00:00,162.33299255371094,162.35899353027344,162.3209991455078,162.3300018310547,0.0
2026-07-14 03:30:00+00:00,162.32200622558594,162.33299255371094,162.2220001220703,162.2530059814453,0.0
2026-07-14 03:45:00+00:00,162.25399780273438,162.29299926757812,162.23500061035156,162.28799438476562,0.0
2026-07-14 04:00:00+00:00,162.28399658203125,162.31700134277344,162.25599670410156,162.29800415039062,0.0
2026-07-14 04:15:00+00:00,162.30099487304688,162.3179931640625,162.2790069580078,162.31700134277344,0.0
2026-07-14 04:30:00+00:00,162.31100463867188,162.32200622558594,162.2899932861328,162.3000030517578,0.0
2026-07-14 04:45:00+00:00,162.3040008544922,162.3419952392578,162.29600524902344,162.32000732421875,0.0
2026-07-14 05:00:00+00:00,162.31300354003906,162.31900024414062,162.28199768066406,162.30299377441406,0.0
2026-07-14 05:15:00+00:00,162.30299377441406,162.3070068359375,162.25599670410156,162.302001953125,0.0
2026-07-14 05:30:00+00:00,162.30299377441406,162.30299377441406,162.25599670410156,162.26699829101562,0.0
2026-07-14 05:45:00+00:00,162.25599670410156,162.3040008544922,162.23599243164062,162.28900146484375,0.0
2026-07-14 06:00:00+00:00,162.28399658203125,162.3280029296875,162.27000427246094,162.31399536132812,0.0
2026-07-14 06:15:00+00:00,162.3040008544922,162.3699951171875,162.29400634765625,162.36199951171875,0.0
2026-07-14 06:30:00+00:00,162.36000061035156,162.37100219726562,162.2899932861328,162.33299255371094,0.0
2026-07-14 06:45:00+00:00,162.33299255371094,162.3719940185547,162.31700134277344,162.3470001220703,0.0
2026-07-14 07:00:00+00:00,162.33900451660156,162.3730010986328,162.3300018310547,162.343994140625,0.0
2026-07-14 07:15:00+00:00,162.343994140625,162.37100219726562,162.2899932861328,162.3159942626953,0.0
2026-07-14 07:30:00+00:00,162.3090057373047,162.36700439453125,162.30799865722656,162.3520050048828,0.0
2026-07-14 07:45:00+00:00,162.34800720214844,162.35899353027344,162.30999755859375,162.33999633789062,0.0
2026-07-14 08:00:00+00:00,162.33799743652344,162.38800048828125,162.3350067138672,162.3470001220703,0.0
2026-07-14 08:15:00+00:00,162.35499572753906,162.3679962158203,162.322998046875,162.33599853515625,0.0
2026-07-14 08:30:00+00:00,162.32699584960938,162.34100341796875,162.0399932861328,162.20199584960938,0.0
2026-07-14 08:45:00+00:00,162.20199584960938,162.27699279785156,162.1739959716797,162.26600646972656,0.0
2026-07-14 09:00:00+00:00,162.27000427246094,162.2830047607422,162.1840057373047,162.197998046875,0.0
2026-07-14 09:15:00+00:00,162.18699645996094,162.2469940185547,162.18699645996094,162.22300720214844,0.0
2026-07-14 09:30:00+00:00,162.21400451660156,162.22900390625,162.1959991455078,162.20799255371094,0.0
2026-07-14 09:45:00+00:00,162.20700073242188,162.21600341796875,162.1490020751953,162.17799377441406,0.0
2026-07-14 10:00:00+00:00,162.17599487304688,162.21600341796875,162.1490020751953,162.20399475097656,0.0
2026-07-14 10:15:00+00:00,162.2050018310547,162.2220001220703,162.18600463867188,162.1999969482422,0.0
2026-07-14 10:30:00+00:00,162.1999969482422,162.25900268554688,162.19700622558594,162.23699951171875,0.0
2026-07-14 10:45:00+00:00,162.24400329589844,162.26400756835938,162.2259979248047,162.24400329589844,0.0
2026-07-14 11:00:00+00:00,162.2469940185547,162.27699279785156,162.22300720214844,162.23599243164062,0.0
2026-07-14 11:15:00+00:00,162.2449951171875,162.26300048828125,162.2169952392578,162.23699951171875,0.0
2026-07-14 11:30:00+00:00,162.23800659179688,162.24400329589844,162.197998046875,162.21200561523438,0.0
2026-07-14 11:45:00+00:00,162.21200561523438,162.22000122070312,162.177001953125,162.19500732421875,0.0
2026-07-14 12:00:00+00:00,162.1929931640625,162.2239990234375,162.16000366210938,162.2100067138672,0.0
2026-07-14 12:15:00+00:00,162.2010040283203,162.23500061035156,162.10299682617188,162.11000061035156,0.0
2026-07-14 12:30:00+00:00,162.09500122070312,162.1999969482422,161.58799743652344,161.72300720214844,0.0
2026-07-14 12:45:00+00:00,161.73500061035156,161.9499969482422,161.6840057373047,161.91200256347656,0.0
2026-07-14 13:00:00+00:00,161.90199279785156,161.95700073242188,161.822998046875,161.92100524902344,0.0
2026-07-14 13:15:00+00:00,161.91299438476562,161.9709930419922,161.8489990234375,161.86599731445312,0.0
2026-07-14 13:30:00+00:00,161.86399841308594,161.97900390625,161.8489990234375,161.94200134277344,0.0
2026-07-14 13:45:00+00:00,161.9499969482422,161.96800231933594,161.9029998779297,161.92599487304688,0.0
2026-07-14 14:00:00+00:00,161.91900634765625,161.93600463867188,161.8419952392578,161.8769989013672,0.0
2026-07-14 14:15:00+00:00,161.8780059814453,161.9969940185547,161.87600708007812,161.98899841308594,0.0
2026-07-14 14:30:00+00:00,161.98800659179688,162.01699829101562,161.82000732421875,161.9409942626953,0.0
2026-07-14 14:45:00+00:00,161.9409942626953,161.9770050048828,161.91799926757812,161.96499633789062,0.0
2026-07-14 15:00:00+00:00,161.96499633789062,162.031005859375,161.86900329589844,161.91799926757812,0.0
2026-07-14 15:15:00+00:00,161.91900634765625,161.9720001220703,161.8990020751953,161.9510040283203,0.0
2026-07-14 15:30:00+00:00,161.95199584960938,162.10699462890625,161.94000244140625,162.08799743652344,0.0
2026-07-14 15:45:00+00:00,162.08799743652344,162.17100524902344,162.03599548339844,162.14500427246094,0.0
2026-07-14 16:00:00+00:00,162.13800048828125,162.20199584960938,162.12899780273438,162.14700317382812,0.0
2026-07-14 16:15:00+00:00,162.14700317382812,162.16900634765625,162.1280059814453,162.16099548339844,0.0
2026-07-14 16:30:00+00:00,162.1540069580078,162.16200256347656,162.1009979248047,162.12600708007812,0.0
2026-07-14 16:45:00+00:00,162.13600158691406,162.1540069580078,162.1009979248047,162.10899353027344,0.0
2026-07-14 17:00:00+00:00,162.10699462890625,162.2030029296875,162.10699462890625,162.1909942626953,0.0
2026-07-14 17:15:00+00:00,162.1929931640625,162.23699951171875,162.1699981689453,162.17599487304688,0.0
2026-07-14 17:30:00+00:00,162.1790008544922,162.19900512695312,162.15499877929688,162.15699768066406,0.0
2026-07-14 17:45:00+00:00,162.1580047607422,162.19200134277344,162.14100646972656,162.19200134277344,0.0
2026-07-14 18:00:00+00:00,162.18800354003906,162.2030029296875,162.16000366210938,162.17599487304688,0.0
2026-07-14 18:15:00+00:00,162.1790008544922,162.21800231933594,162.156005859375,162.21099853515625,0.0
2026-07-14 18:30:00+00:00,162.20799255371094,162.28799438476562,162.1929931640625,162.2550048828125,0.0
2026-07-14 18:45:00+00:00,162.25599670410156,162.2570037841797,162.1820068359375,162.18699645996094,0.0
2026-07-14 19:00:00+00:00,162.19200134277344,162.19700622558594,162.13800048828125,162.15199279785156,0.0
2026-07-14 19:15:00+00:00,162.1510009765625,162.18699645996094,162.1269989013672,162.15899658203125,0.0
2026-07-14 19:30:00+00:00,162.156005859375,162.2030029296875,162.14999389648438,162.17100524902344,0.0
2026-07-14 19:45:00+00:00,162.16600036621094,162.21499633789062,162.13400268554688,162.2100067138672,0.0
2026-07-14 20:00:00+00:00,162.20399475097656,162.22999572753906,162.19900512695312,162.22999572753906,0.0
2026-07-14 20:15:00+00:00,162.2239990234375,162.24600219726562,162.2209930419922,162.24200439453125,0.0
2026-07-14 20:30:00+00:00,162.23800659179688,162.25599670410156,162.22799682617188,162.2429962158203,0.0
2026-07-14 20:45:00+00:00,162.23599243164062,162.27000427246094,162.22500610351562,162.23300170898438,0.0
2026-07-14 21:00:00+00:00,162.2239990234375,162.25399780273438,162.13400268554688,162.17100524902344,0.0
2026-07-14 21:15:00+00:00,162.16700744628906,162.17300415039062,162.13699340820312,162.1699981689453,0.0
2026-07-14 21:30:00+00:00,162.16900634765625,162.19900512695312,162.15499877929688,162.177001953125,0.0
2026-07-14 21:45:00+00:00,162.1790008544922,162.2030029296875,162.16600036621094,162.18800354003906,0.0
2026-07-14 22:00:00+00:00,162.18899536132812,162.26600646972656,162.1580047607422,162.23300170898438,0.0
2026-07-14 22:15:00+00:00,162.2519989013672,162.25799560546875,162.21200561523438,162.2310028076172,0.0
2026-07-14 22:30:00+00:00,162.21299743652344,162.23199462890625,162.19500732421875,162.21600341796875,0.0
2026-07-14 22:45:00+00:00,162.20700073242188,162.24200439453125,162.2030029296875,162.2259979248047,0.0
2026-07-14 23:00:00+00:00,162.2259979248047,162.24000549316406,162.2010040283203,162.21099853515625,0.0
2026-07-14 23:15:00+00:00,162.20199584960938,162.2259979248047,162.17799377441406,162.1959991455078,0.0
2026-07-14 23:30:00+00:00,162.18699645996094,162.2100067138672,162.156005859375,162.16099548339844,0.0
2026-07-14 23:45:00+00:00,162.16099548339844,162.19700622558594,162.16099548339844,162.18699645996094,0.0
2026-07-15 00:00:00+00:00,162.18899536132812,162.23699951171875,162.16700744628906,162.22500610351562,0.0
2026-07-15 00:15:00+00:00,162.22500610351562,162.24000549316406,162.11300659179688,162.1439971923828,0.0
2026-07-15 00:30:00+00:00,162.13699340820312,162.2310028076172,162.13299560546875,162.2100067138672,0.0
2026-07-15 00:45:00+00:00,162.218994140625,162.218994140625,162.07000732421875,162.0989990234375,0.0
2026-07-15 01:00:00+00:00,162.09800720214844,162.11399841308594,161.9759979248047,161.9949951171875,0.0
2026-07-15 01:15:00+00:00,161.98699951171875,162.0780029296875,161.95700073242188,162.0590057373047,0.0
2026-07-15 01:30:00+00:00,162.052001953125,162.11000061035156,162.0290069580078,162.08999633789062,0.0
2026-07-15 01:45:00+00:00,162.08200073242188,162.1280059814453,162.07899475097656,162.0970001220703,0.0
2026-07-15 02:00:00+00:00,162.08900451660156,162.11700439453125,162.02699279785156,162.1009979248047,0.0
2026-07-15 02:15:00+00:00,162.10899353027344,162.12399291992188,162.08999633789062,162.10000610351562,0.0
2026-07-15 02:30:00+00:00,162.10699462890625,162.11599731445312,162.04400634765625,162.0659942626953,0.0
2026-07-15 02:45:00+00:00,162.05799865722656,162.11000061035156,162.05599975585938,162.1020050048828,0.0
2026-07-15 03:00:00+00:00,162.10299682617188,162.15899658203125,162.0780029296875,162.13800048828125,0.0
2026-07-15 03:15:00+00:00,162.14700317382812,162.18099975585938,162.13499450683594,162.1540069580078,0.0
2026-07-15 03:30:00+00:00,162.15499877929688,162.1790008544922,162.1439971923828,162.1790008544922,0.0
2026-07-15 03:45:00+00:00,162.1750030517578,162.17999267578125,162.12899780273438,162.14300537109375,0.0
2026-07-15 04:00:00+00:00,162.13299560546875,162.1699981689453,162.1280059814453,162.16299438476562,0.0
2026-07-15 04:15:00+00:00,162.15899658203125,162.2209930419922,162.15199279785156,162.20799255371094,0.0
2026-07-15 04:30:00+00:00,162.20799255371094,162.22999572753906,162.18499755859375,162.21299743652344,0.0
2026-07-15 04:45:00+00:00,162.21299743652344,162.2220001220703,162.197998046875,162.21200561523438,0.0
2026-07-15 05:00:00+00:00,162.2050018310547,162.23699951171875,162.17100524902344,162.1750030517578,0.0
2026-07-15 05:15:00+00:00,162.1820068359375,162.21099853515625,162.16700744628906,162.20899963378906,0.0
2026-07-15 05:30:00+00:00,162.2030029296875,162.21099853515625,162.18099975585938,162.1840057373047,0.0
2026-07-15 05:45:00+00:00,162.18299865722656,162.21299743652344,162.16900634765625,162.1959991455078,0.0
2026-07-15 06:00:00+00:00,162.1959991455078,162.21200561523438,162.16200256347656,162.197998046875,0.0
2026-07-15 06:15:00+00:00,162.18800354003906,162.1999969482422,162.13400268554688,162.16299438476562,0.0
2026-07-15 06:30:00+00:00,162.16299438476562,162.197998046875,162.11599731445312,162.13099670410156,0.0
2026-07-15 06:45:00+00:00,162.1219940185547,162.21600341796875,162.09300231933594,162.20199584960938,0.0
2026-07-15 07:00:00+00:00,162.20799255371094,162.2449951171875,162.19000244140625,162.2209930419922,0.0
2026-07-15 07:15:00+00:00,162.2220001220703,162.31100463867188,162.21400451660156,162.26499938964844,0.0
2026-07-15 07:30:00+00:00,162.26100158691406,162.29800415039062,162.23199462890625,162.24400329589844,0.0
2026-07-15 07:45:00+00:00,162.23800659179688,162.28799438476562,162.23699951171875,162.26800537109375,0.0
2026-07-15 08:00:00+00:00,162.26100158691406,162.3509979248047,162.23800659179688,162.32899475097656,0.0
2026-07-15 08:15:00+00:00,162.33700561523438,162.35000610351562,162.2740020751953,162.2740020751953,0.0
2026-07-15 08:30:00+00:00,162.2740020751953,162.31500244140625,162.26300048828125,162.28900146484375,0.0
2026-07-15 08:45:00+00:00,162.28599548339844,162.33399963378906,162.28599548339844,162.2899932861328,0.0
2026-07-15 09:00:00+00:00,162.2899932861328,162.3260040283203,162.23599243164062,162.27999877929688,0.0
2026-07-15 09:15:00+00:00,162.281005859375,162.32200622558594,162.27000427246094,162.32200622558594,0.0
2026-07-15 09:30:00+00:00,162.31399536132812,162.33799743652344,162.3090057373047,162.31500244140625,0.0
2026-07-15 09:45:00+00:00,162.31300354003906,162.3730010986328,162.31300354003906,162.35800170898438,0.0
2026-07-15 10:00:00+00:00,162.35800170898438,162.39599609375,162.35400390625,162.3719940185547,0.0
2026-07-15 10:15:00+00:00,162.3730010986328,162.42300415039062,162.35499572753906,162.39700317382812,0.0
2026-07-15 10:30:00+00:00,162.38999938964844,162.41900634765625,162.3800048828125,162.41400146484375,0.0
2026-07-15 10:45:00+00:00,162.40699768066406,162.41600036621094,162.30299377441406,162.3280029296875,0.0
2026-07-15 11:00:00+00:00,162.3209991455078,162.36300659179688,162.28799438476562,162.33900451660156,0.0
2026-07-15 11:15:00+00:00,162.3470001220703,162.38400268554688,162.33700561523438,162.37100219726562,0.0
2026-07-15 11:30:00+00:00,162.3679962158203,162.39500427246094,162.3419952392578,162.36000061035156,0.0
2026-07-15 11:45:00+00:00,162.36000061035156,162.36900329589844,162.31700134277344,162.3459930419922,0.0
2026-07-15 12:00:00+00:00,162.3350067138672,162.39500427246094,162.32699584960938,162.36099243164062,0.0
2026-07-15 12:15:00+00:00,162.35800170898438,162.38400268554688,162.3419952392578,162.3419952392578,0.0
2026-07-15 12:30:00+00:00,162.343994140625,162.35299682617188,162.2270050048828,162.23699951171875,0.0
2026-07-15 12:45:00+00:00,162.22900390625,162.2550048828125,162.13400268554688,162.15699768066406,0.0
2026-07-15 13:00:00+00:00,162.156005859375,162.23599243164062,162.12399291992188,162.23399353027344,0.0
2026-07-15 13:15:00+00:00,162.2259979248047,162.27999877929688,162.17999267578125,162.26300048828125,0.0
2026-07-15 13:30:00+00:00,162.26199340820312,162.27499389648438,162.20599365234375,162.2429962158203,0.0
2026-07-15 13:45:00+00:00,162.24000549316406,162.25999450683594,162.14700317382812,162.2010040283203,0.0
2026-07-15 14:00:00+00:00,162.2010040283203,162.23599243164062,162.16900634765625,162.20700073242188,0.0
2026-07-15 14:15:00+00:00,162.19900512695312,162.23800659179688,162.16099548339844,162.22300720214844,0.0
2026-07-15 14:30:00+00:00,162.21400451660156,162.22999572753906,162.16000366210938,162.2010040283203,0.0
2026-07-15 14:45:00+00:00,162.19400024414062,162.1999969482422,162.11700439453125,162.14300537109375,0.0
2026-07-15 15:00:00+00:00,162.13499450683594,162.21099853515625,162.10400390625,162.19700622558594,0.0
2026-07-15 15:15:00+00:00,162.20599365234375,162.21600341796875,162.08599853515625,162.0919952392578,0.0
2026-07-15 15:30:00+00:00,162.09100341796875,162.14300537109375,162.06900024414062,162.1269989013672,0.0
2026-07-15 15:45:00+00:00,162.1219940185547,162.14500427246094,162.0850067138672,162.1269989013672,0.0
2026-07-15 16:00:00+00:00,162.125,162.17300415039062,162.11900329589844,162.16000366210938,0.0
2026-07-15 16:15:00+00:00,162.16099548339844,162.17100524902344,162.11000061035156,162.13699340820312,0.0
2026-07-15 16:30:00+00:00,162.13099670410156,162.19900512695312,162.1269989013672,162.18800354003906,0.0
2026-07-15 16:45:00+00:00,162.1909942626953,162.197998046875,162.1179962158203,162.1580047607422,0.0
2026-07-15 17:00:00+00:00,162.15899658203125,162.1699981689453,162.0679931640625,162.11700439453125,0.0
2026-07-15 17:15:00+00:00,162.11599731445312,162.1269989013672,162.07699584960938,162.0800018310547,0.0
2026-07-15 17:30:00+00:00,162.08799743652344,162.10899353027344,161.9770050048828,162.01800537109375,0.0
2026-07-15 17:45:00+00:00,162.02000427246094,162.0590057373047,161.96099853515625,161.97999572753906,0.0
2026-07-15 18:00:00+00:00,161.98699951171875,161.98800659179688,161.88499450683594,161.94500732421875,0.0
2026-07-15 18:15:00+00:00,161.9409942626953,161.96200561523438,161.88600158691406,161.9080047607422,0.0
2026-07-15 18:30:00+00:00,161.90699768066406,161.98699951171875,161.88999938964844,161.9810028076172,0.0
2026-07-15 18:45:00+00:00,161.97900390625,162.06199645996094,161.968994140625,162.04600524902344,0.0
2026-07-15 19:00:00+00:00,162.0399932861328,162.0590057373047,162.0050048828125,162.01499938964844,0.0
2026-07-15 19:15:00+00:00,162.02699279785156,162.10800170898438,162.01499938964844,162.0959930419922,0.0
2026-07-15 19:30:00+00:00,162.0970001220703,162.2570037841797,162.08900451660156,162.23800659179688,0.0
2026-07-15 19:45:00+00:00,162.23800659179688,162.28399658203125,162.1929931640625,162.2239990234375,0.0
2026-07-15 20:00:00+00:00,162.2239990234375,162.23300170898438,162.19500732421875,162.2169952392578,0.0
2026-07-15 20:15:00+00:00,162.21400451660156,162.22300720214844,162.18699645996094,162.19400024414062,0.0
2026-07-15 20:30:00+00:00,162.1999969482422,162.2239990234375,162.1909942626953,162.20399475097656,0.0
2026-07-15 20:45:00+00:00,162.20199584960938,162.21800231933594,162.1529998779297,162.1719970703125,0.0
2026-07-15 21:00:00+00:00,162.156005859375,162.25,162.0679931640625,162.1479949951172,0.0
2026-07-15 21:15:00+00:00,162.14599609375,162.1529998779297,162.0970001220703,162.125,0.0
2026-07-15 21:30:00+00:00,162.1230010986328,162.14300537109375,162.09300231933594,162.11199951171875,0.0
2026-07-15 21:45:00+00:00,162.13999938964844,162.13999938964844,162.08299255371094,162.1009979248047,0.0
2026-07-15 22:00:00+00:00,162.1009979248047,162.15199279785156,162.04400634765625,162.13699340820312,0.0
2026-07-15 22:15:00+00:00,162.13600158691406,162.13900756835938,162.06199645996094,162.08999633789062,0.0
2026-07-15 22:30:00+00:00,162.08999633789062,162.1280059814453,162.07699584960938,162.0959930419922,0.0
2026-07-15 22:45:00+00:00,162.10899353027344,162.14100646972656,162.0919952392578,162.11300659179688,0.0
2026-07-15 23:00:00+00:00,162.11199951171875,162.12399291992188,162.07899475097656,162.0919952392578,0.0
2026-07-15 23:15:00+00:00,162.08299255371094,162.10000610351562,162.0500030517578,162.08700561523438,0.0
2026-07-15 23:30:00+00:00,162.08099365234375,162.09800720214844,162.05799865722656,162.0679931640625,0.0
2026-07-15 23:45:00+00:00,162.0679931640625,162.07899475097656,162.0229949951172,162.07400512695312,0.0
2026-07-16 00:00:00+00:00,162.06700134277344,162.13099670410156,162.0570068359375,162.0780029296875,0.0
2026-07-16 00:15:00+00:00,162.07000732421875,162.1020050048828,162.0500030517578,162.072998046875,0.0
2026-07-16 00:30:00+00:00,162.06700134277344,162.1280059814453,162.06199645996094,162.08099365234375,0.0
2026-07-16 00:45:00+00:00,162.0780029296875,162.15499877929688,162.0449981689453,162.09300231933594,0.0
2026-07-16 01:00:00+00:00,162.09300231933594,162.10299682617188,162.0449981689453,162.05799865722656,0.0
2026-07-16 01:15:00+00:00,162.0659942626953,162.1009979248047,162.0229949951172,162.04299926757812,0.0
2026-07-16 01:30:00+00:00,162.04400634765625,162.08299255371094,162.0260009765625,162.06700134277344,0.0
2026-07-16 01:45:00+00:00,162.0659942626953,162.11900329589844,162.05499267578125,162.10899353027344,0.0
2026-07-16 02:00:00+00:00,162.10499572753906,162.16799926757812,162.0970001220703,162.156005859375,0.0
2026-07-16 02:15:00+00:00,162.156005859375,162.16900634765625,162.09300231933594,162.093994140625,0.0
2026-07-16 02:30:00+00:00,162.093994140625,162.1439971923828,162.08099365234375,162.125,0.0
2026-07-16 02:45:00+00:00,162.12399291992188,162.16600036621094,162.11900329589844,162.14500427246094,0.0
2026-07-16 03:00:00+00:00,162.1439971923828,162.16000366210938,162.1060028076172,162.1230010986328,0.0
2026-07-16 03:15:00+00:00,162.1269989013672,162.1280059814453,162.07899475097656,162.0850067138672,0.0
2026-07-16 03:30:00+00:00,162.08799743652344,162.0989990234375,162.06300354003906,162.09300231933594,0.0
2026-07-16 03:45:00+00:00,162.093994140625,162.10499572753906,162.07699584960938,162.08200073242188,0.0
2026-07-16 04:00:00+00:00,162.08200073242188,162.12600708007812,162.0749969482422,162.1230010986328,0.0
2026-07-16 04:15:00+00:00,162.11500549316406,162.13900756835938,162.10499572753906,162.1300048828125,0.0
2026-07-16 04:30:00+00:00,162.1300048828125,162.14199829101562,162.10299682617188,162.1219940185547,0.0
2026-07-16 04:45:00+00:00,162.11399841308594,162.1230010986328,162.0749969482422,162.0919952392578,0.0
2026-07-16 05:00:00+00:00,162.09300231933594,162.10699462890625,162.0780029296875,162.0970001220703,0.0
2026-07-16 05:15:00+00:00,162.08799743652344,162.12100219726562,162.0749969482422,162.1179962158203,0.0
2026-07-16 05:30:00+00:00,162.11099243164062,162.14199829101562,162.10299682617188,162.11500549316406,0.0
2026-07-16 05:45:00+00:00,162.11399841308594,162.1820068359375,162.0989990234375,162.15899658203125,0.0
2026-07-16 06:00:00+00:00,162.14999389648438,162.1719970703125,162.11399841308594,162.13600158691406,0.0
2026-07-16 06:15:00+00:00,162.13099670410156,162.1719970703125,162.1300048828125,162.14500427246094,0.0
2026-07-16 06:30:00+00:00,162.13499450683594,162.17599487304688,162.1320037841797,162.1479949951172,0.0
2026-07-16 06:45:00+00:00,162.156005859375,162.16000366210938,162.10400390625,162.11199951171875,0.0
2026-07-16 07:00:00+00:00,162.1199951171875,162.12899780273438,161.98199462890625,162.04200744628906,0.0
2026-07-16 07:15:00+00:00,162.03900146484375,162.09100341796875,161.9770050048828,162.08299255371094,0.0
2026-07-16 07:30:00+00:00,162.08999633789062,162.09800720214844,162.0449981689453,162.06399536132812,0.0
2026-07-16 07:45:00+00:00,162.06900024414062,162.0989990234375,162.00399780273438,162.0760040283203,0.0
2026-07-16 08:00:00+00:00,162.0760040283203,162.156005859375,162.0590057373047,162.13800048828125,0.0
2026-07-16 08:15:00+00:00,162.1439971923828,162.1490020751953,162.06700134277344,162.10499572753906,0.0
2026-07-16 08:30:00+00:00,162.10400390625,162.14599609375,162.08799743652344,162.14599609375,0.0
2026-07-16 08:45:00+00:00,162.13699340820312,162.1790008544922,162.1219940185547,162.14599609375,0.0
2026-07-16 09:00:00+00:00,162.13699340820312,162.1719970703125,162.11399841308594,162.1219940185547,0.0
2026-07-16 09:15:00+00:00,162.12399291992188,162.14599609375,162.10499572753906,162.13600158691406,0.0
2026-07-16 09:30:00+00:00,162.13600158691406,162.1959991455078,162.13400268554688,162.1739959716797,0.0
2026-07-16 09:45:00+00:00,162.17100524902344,162.1820068359375,162.14100646972656,162.16700744628906,0.0
2026-07-16 10:00:00+00:00,162.16900634765625,162.19400024414062,162.15899658203125,162.1909942626953,0.0
2026-07-16 10:15:00+00:00,162.18499755859375,162.19200134277344,162.15699768066406,162.1719970703125,0.0
2026-07-16 10:30:00+00:00,162.1649932861328,162.18499755859375,162.15899658203125,162.16400146484375,0.0
2026-07-16 10:45:00+00:00,162.16400146484375,162.18299865722656,162.1230010986328,162.14300537109375,0.0
2026-07-16 11:00:00+00:00,162.1439971923828,162.15899658203125,162.10800170898438,162.13999938964844,0.0
2026-07-16 11:15:00+00:00,162.13600158691406,162.18499755859375,162.1300048828125,162.18299865722656,0.0
2026-07-16 11:30:00+00:00,162.1750030517578,162.19200134277344,162.14300537109375,162.15699768066406,0.0
2026-07-16 11:45:00+00:00,162.16600036621094,162.23300170898438,162.13999938964844,162.1479949951172,0.0
2026-07-16 12:00:00+00:00,162.15499877929688,162.19900512695312,162.1439971923828,162.19000244140625,0.0
2026-07-16 12:15:00+00:00,162.18800354003906,162.21600341796875,162.125,162.1649932861328,0.0
2026-07-16 12:30:00+00:00,162.125,162.2830047607422,162.1230010986328,162.27099609375,0.0
2026-07-16 12:45:00+00:00,162.26499938964844,162.30099487304688,162.25599670410156,162.29600524902344,0.0
2026-07-16 13:00:00+00:00,162.2899932861328,162.31700134277344,162.22000122070312,162.24000549316406,0.0
2026-07-16 13:15:00+00:00,162.23800659179688,162.2689971923828,162.22300720214844,162.2259979248047,0.0
2026-07-16 13:30:00+00:00,162.22799682617188,162.27200317382812,162.20700073242188,162.27200317382812,0.0
2026-07-16 13:45:00+00:00,162.26400756835938,162.34800720214844,162.26400756835938,162.32400512695312,0.0
2026-07-16 14:00:00+00:00,162.3249969482422,162.40199279785156,162.30099487304688,162.36599731445312,0.0
2026-07-16 14:15:00+00:00,162.36500549316406,162.4010009765625,162.33099365234375,162.39700317382812,0.0
2026-07-16 14:30:00+00:00,162.40199279785156,162.42799377441406,162.35400390625,162.41400146484375,0.0
2026-07-16 14:45:00+00:00,162.406005859375,162.4530029296875,162.40499877929688,162.4409942626953,0.0
2026-07-16 15:00:00+00:00,162.44000244140625,162.4770050048828,162.4320068359375,162.447998046875,0.0
2026-07-16 15:15:00+00:00,162.447998046875,162.45799255371094,162.4149932861328,162.447998046875,0.0
2026-07-16 15:30:00+00:00,162.4550018310547,162.46600341796875,162.41799926757812,162.41900634765625,0.0
2026-07-16 15:45:00+00:00,162.41900634765625,162.43699645996094,162.4040069580078,162.41700744628906,0.0
2026-07-16 16:00:00+00:00,162.41700744628906,162.46099853515625,162.41299438476562,162.45199584960938,0.0
2026-07-16 16:15:00+00:00,162.45199584960938,162.54600524902344,162.45199584960938,162.52200317382812,0.0
2026-07-16 16:30:00+00:00,162.51600646972656,162.52200317382812,162.46600341796875,162.47799682617188,0.0
2026-07-16 16:45:00+00:00,162.47500610351562,162.49200439453125,162.4459991455078,162.46400451660156,0.0
2026-07-16 17:00:00+00:00,162.4759979248047,162.50599670410156,162.46400451660156,162.4929962158203,0.0
2026-07-16 17:15:00+00:00,162.4969940185547,162.5,162.4669952392578,162.4669952392578,0.0
2026-07-16 17:30:00+00:00,162.46800231933594,162.48699951171875,162.45199584960938,162.46600341796875,0.0
2026-07-16 17:45:00+00:00,162.46600341796875,162.47300720214844,162.38800048828125,162.40499877929688,0.0
2026-07-16 18:00:00+00:00,162.40499877929688,162.4250030517578,162.3679962158203,162.3719940185547,0.0
2026-07-16 18:15:00+00:00,162.37600708007812,162.41400146484375,162.36300659179688,162.3820037841797,0.0
2026-07-16 18:30:00+00:00,162.3820037841797,162.41400146484375,162.3769989013672,162.38099670410156,0.0
2026-07-16 18:45:00+00:00,162.3800048828125,162.406005859375,162.3780059814453,162.3820037841797,0.0
2026-07-16 19:00:00+00:00,162.38900756835938,162.41299438476562,162.37100219726562,162.3990020751953,0.0
2026-07-16 19:15:00+00:00,162.3939971923828,162.43299865722656,162.39300537109375,162.4199981689453,0.0
2026-07-16 19:30:00+00:00,162.41900634765625,162.427001953125,162.39500427246094,162.406005859375,0.0
2026-07-16 19:45:00+00:00,162.41000366210938,162.4149932861328,162.37899780273438,162.39500427246094,0.0
2026-07-16 20:00:00+00:00,162.3939971923828,162.406005859375,162.3730010986328,162.38800048828125,0.0
2026-07-16 20:15:00+00:00,162.3939971923828,162.3990020751953,162.36099243164062,162.3719940185547,0.0
2026-07-16 20:30:00+00:00,162.3769989013672,162.38900756835938,162.34800720214844,162.35400390625,0.0
2026-07-16 20:45:00+00:00,162.35400390625,162.38499450683594,162.33299255371094,162.3820037841797,0.0
2026-07-16 21:00:00+00:00,162.37600708007812,162.4250030517578,162.3300018310547,162.33999633789062,0.0
2026-07-16 21:15:00+00:00,162.34800720214844,162.36000061035156,162.33599853515625,162.34800720214844,0.0
2026-07-16 21:30:00+00:00,162.34800720214844,162.38900756835938,162.3280029296875,162.35400390625,0.0
2026-07-16 21:45:00+00:00,162.3350067138672,162.36300659179688,162.32400512695312,162.3520050048828,0.0
2026-07-16 22:00:00+00:00,162.343994140625,162.38299560546875,162.2949981689453,162.33900451660156,0.0
2026-07-16 22:15:00+00:00,162.31700134277344,162.36000061035156,162.3159942626953,162.3509979248047,0.0
2026-07-16 22:30:00+00:00,162.3489990234375,162.3699951171875,162.32699584960938,162.36900329589844,0.0
2026-07-16 22:45:00+00:00,162.36500549316406,162.3730010986328,162.35000610351562,162.36399841308594,0.0
2026-07-16 23:00:00+00:00,162.3520050048828,162.37100219726562,162.33599853515625,162.35499572753906,0.0
2026-07-16 23:15:00+00:00,162.3470001220703,162.35800170898438,162.3249969482422,162.34100341796875,0.0
2026-07-16 23:30:00+00:00,162.33399963378906,162.343994140625,162.31199645996094,162.33900451660156,0.0
2026-07-16 23:45:00+00:00,162.33799743652344,162.39500427246094,162.32200622558594,162.3730010986328,0.0
2026-07-17 00:00:00+00:00,162.37399291992188,162.4250030517578,162.36000061035156,162.38800048828125,0.0
2026-07-17 00:15:00+00:00,162.38600158691406,162.42999267578125,162.3679962158203,162.39999389648438,0.0
2026-07-17 00:30:00+00:00,162.39599609375,162.42300415039062,162.3520050048828,162.38299560546875,0.0
2026-07-17 00:45:00+00:00,162.38400268554688,162.45599365234375,162.3520050048828,162.42100524902344,0.0
2026-07-17 01:00:00+00:00,162.4149932861328,162.46600341796875,162.4029998779297,162.4459991455078,0.0
2026-07-17 01:15:00+00:00,162.43800354003906,162.447998046875,162.40899658203125,162.44000244140625,0.0
2026-07-17 01:30:00+00:00,162.43299865722656,162.46800231933594,162.41900634765625,162.43800354003906,0.0
2026-07-17 01:45:00+00:00,162.43899536132812,162.47500610351562,162.43600463867188,162.4669952392578,0.0
2026-07-17 02:00:00+00:00,162.46299743652344,162.468994140625,162.41200256347656,162.43099975585938,0.0
2026-07-17 02:15:00+00:00,162.42799377441406,162.44200134277344,162.40499877929688,162.43299865722656,0.0
2026-07-17 02:30:00+00:00,162.4340057373047,162.44000244140625,162.39500427246094,162.40499877929688,0.0
2026-07-17 02:45:00+00:00,162.4080047607422,162.42100524902344,162.33399963378906,162.36399841308594,0.0
2026-07-17 03:00:00+00:00,162.36399841308594,162.38600158691406,162.35400390625,162.3699951171875,0.0
2026-07-17 03:15:00+00:00,162.36700439453125,162.39100646972656,162.3509979248047,162.3780059814453,0.0
2026-07-17 03:30:00+00:00,162.3769989013672,162.3979949951172,162.3699951171875,162.39599609375,0.0
2026-07-17 03:45:00+00:00,162.38999938964844,162.41099548339844,162.38099670410156,162.38800048828125,0.0
2026-07-17 04:00:00+00:00,162.3939971923828,162.4149932861328,162.36199951171875,162.4029998779297,0.0
2026-07-17 04:15:00+00:00,162.4029998779297,162.4239959716797,162.3990020751953,162.41900634765625,0.0
2026-07-17 04:30:00+00:00,162.42100524902344,162.43099975585938,162.40499877929688,162.41000366210938,0.0
2026-07-17 04:45:00+00:00,162.41400146484375,162.4219970703125,162.3939971923828,162.41799926757812,0.0
2026-07-17 05:00:00+00:00,162.4149932861328,162.4219970703125,162.39999389648438,162.40899658203125,0.0
2026-07-17 09:15:00+00:00,162.44700622558594,162.4510040283203,162.41000366210938,162.42300415039062,0.0
2026-07-17 09:30:00+00:00,162.41900634765625,162.4530029296875,162.41700744628906,162.41700744628906,0.0
2026-07-17 09:45:00+00:00,162.41799926757812,162.42599487304688,162.3489990234375,162.35699462890625,0.0
2026-07-17 10:00:00+00:00,162.36300659179688,162.39500427246094,162.34800720214844,162.3699951171875,0.0
2026-07-17 10:15:00+00:00,162.36900329589844,162.41900634765625,162.35499572753906,162.406005859375,0.0
2026-07-17 10:30:00+00:00,162.40499877929688,162.41600036621094,162.3820037841797,162.39300537109375,0.0
2026-07-17 10:45:00+00:00,162.3939971923828,162.4080047607422,162.3509979248047,162.35899353027344,0.0
2026-07-17 11:00:00+00:00,162.36000061035156,162.3719940185547,162.3000030517578,162.34100341796875,0.0
2026-07-17 11:15:00+00:00,162.34100341796875,162.36300659179688,162.31399536132812,162.3249969482422,0.0
2026-07-17 11:30:00+00:00,162.3300018310547,162.3459930419922,162.2949981689453,162.31100463867188,0.0
2026-07-17 11:45:00+00:00,162.30299377441406,162.3679962158203,162.2949981689453,162.36199951171875,0.0
2026-07-17 12:00:00+00:00,162.3560028076172,162.36900329589844,162.33099365234375,162.35699462890625,0.0
2026-07-17 12:15:00+00:00,162.35699462890625,162.36900329589844,162.2949981689453,162.322998046875,0.0
2026-07-17 12:30:00+00:00,162.31900024414062,162.39100646972656,162.31100463867188,162.38099670410156,0.0
2026-07-17 12:45:00+00:00,162.38099670410156,162.41900634765625,162.37899780273438,162.4040069580078,0.0
2026-07-17 13:00:00+00:00,162.41099548339844,162.43899536132812,162.39100646972656,162.41200256347656,0.0
2026-07-17 13:15:00+00:00,162.41099548339844,162.44400024414062,162.39300537109375,162.41700744628906,0.0
2026-07-17 13:30:00+00:00,162.41600036621094,162.4429931640625,162.3159942626953,162.35000610351562,0.0
2026-07-17 13:45:00+00:00,162.3560028076172,162.4040069580078,162.33099365234375,162.3520050048828,0.0
2026-07-17 14:00:00+00:00,162.33700561523438,162.3800048828125,162.32200622558594,162.35400390625,0.0
2026-07-17 14:15:00+00:00,162.34800720214844,162.40499877929688,162.33299255371094,162.39100646972656,0.0
2026-07-17 14:30:00+00:00,162.39700317382812,162.4029998779297,162.35899353027344,162.3719940185547,0.0
2026-07-17 14:45:00+00:00,162.3719940185547,162.41200256347656,162.35499572753906,162.4040069580078,0.0
2026-07-17 15:00:00+00:00,162.4029998779297,162.4239959716797,162.34800720214844,162.38900756835938,0.0
2026-07-17 15:15:00+00:00,162.38900756835938,162.38900756835938,162.3419952392578,162.35699462890625,0.0
2026-07-17 15:30:00+00:00,162.36199951171875,162.42300415039062,162.3459930419922,162.41200256347656,0.0
2026-07-17 15:45:00+00:00,162.4080047607422,162.44000244140625,162.3939971923828,162.4239959716797,0.0
2026-07-17 16:00:00+00:00,162.42799377441406,162.49600219726562,162.427001953125,162.46099853515625,0.0
2026-07-17 16:15:00+00:00,162.46099853515625,162.4949951171875,162.46099853515625,162.47000122070312,0.0
2026-07-17 16:30:00+00:00,162.46400451660156,162.5,162.46099853515625,162.48800659179688,0.0
2026-07-17 16:45:00+00:00,162.48800659179688,162.5189971923828,162.42300415039062,162.43299865722656,0.0
2026-07-17 17:00:00+00:00,162.4219970703125,162.45899963378906,162.39599609375,162.44500732421875,0.0
2026-07-17 17:15:00+00:00,162.4459991455078,162.4770050048828,162.43600463867188,162.44700622558594,0.0
2026-07-17 17:30:00+00:00,162.4459991455078,162.4669952392578,162.43600463867188,162.45700073242188,0.0
2026-07-17 17:45:00+00:00,162.4600067138672,162.47300720214844,162.43800354003906,162.4409942626953,0.0
2026-07-17 18:00:00+00:00,162.4459991455078,162.46099853515625,162.4080047607422,162.4239959716797,0.0
2026-07-17 18:15:00+00:00,162.43499755859375,162.45799255371094,162.42300415039062,162.427001953125,0.0
2026-07-17 18:30:00+00:00,162.4239959716797,162.447998046875,162.4219970703125,162.43600463867188,0.0
2026-07-17 18:45:00+00:00,162.44400024414062,162.44700622558594,162.41900634765625,162.43800354003906,0.0
2026-07-17 19:00:00+00:00,162.44400024414062,162.4499969482422,162.40899658203125,162.44500732421875,0.0
2026-07-17 19:15:00+00:00,162.44000244140625,162.47500610351562,162.43899536132812,162.4530029296875,0.0
2026-07-17 19:30:00+00:00,162.4530029296875,162.4720001220703,162.43499755859375,162.4530029296875,0.0
2026-07-17 19:45:00+00:00,162.45199584960938,162.47000122070312,162.3769989013672,162.3800048828125,0.0
2026-07-17 20:00:00+00:00,162.3800048828125,162.40899658203125,162.3560028076172,162.3939971923828,0.0
2026-07-17 20:15:00+00:00,162.39500427246094,162.44500732421875,162.38699340820312,162.42300415039062,0.0
2026-07-17 20:30:00+00:00,162.4199981689453,162.4340057373047,162.4010009765625,162.406005859375,0.0
2026-07-17 20:45:00+00:00,162.406005859375,162.42999267578125,162.33399963378906,162.35299682617188,0.0
2026-07-19 23:00:00+00:00,162.50399780273438,162.53599548339844,162.4720001220703,162.52999877929688,0.0
2026-07-19 23:15:00+00:00,162.52499389648438,162.53700256347656,162.49600219726562,162.5279998779297,0.0
2026-07-19 23:30:00+00:00,162.52499389648438,162.54800415039062,162.51100158691406,162.51300048828125,0.0
2026-07-19 23:45:00+00:00,162.51800537109375,162.5469970703125,162.4969940185547,162.51199340820312,0.0
2026-07-20 00:00:00+00:00,162.51199340820312,162.53799438476562,162.48899841308594,162.49400329589844,0.0
2026-07-20 00:15:00+00:00,162.4980010986328,162.49899291992188,162.447998046875,162.45199584960938,0.0
2026-07-20 00:30:00+00:00,162.4530029296875,162.46400451660156,162.4010009765625,162.42100524902344,0.0
2026-07-20 00:45:00+00:00,162.4199981689453,162.4239959716797,162.32000732421875,162.33900451660156,0.0
2026-07-20 01:00:00+00:00,162.32699584960938,162.3520050048828,162.2969970703125,162.35000610351562,0.0
2026-07-20 01:15:00+00:00,162.33999633789062,162.41299438476562,162.33599853515625,162.37899780273438,0.0
2026-07-20 01:30:00+00:00,162.37899780273438,162.38800048828125,162.33700561523438,162.34800720214844,0.0
2026-07-20 01:45:00+00:00,162.34500122070312,162.38800048828125,162.34100341796875,162.36099243164062,0.0
2026-07-20 02:00:00+00:00,162.3560028076172,162.3730010986328,162.3249969482422,162.35000610351562,0.0
2026-07-20 02:15:00+00:00,162.34300231933594,162.35800170898438,162.3280029296875,162.33399963378906,0.0
2026-07-20 02:30:00+00:00,162.33900451660156,162.36300659179688,162.32699584960938,162.36099243164062,0.0
2026-07-20 02:45:00+00:00,162.3560028076172,162.37399291992188,162.33399963378906,162.36700439453125,0.0
2026-07-20 03:00:00+00:00,162.36300659179688,162.375,162.3459930419922,162.35800170898438,0.0
2026-07-20 03:15:00+00:00,162.36099243164062,162.3800048828125,162.3520050048828,162.36300659179688,0.0
2026-07-20 03:30:00+00:00,162.36700439453125,162.3719940185547,162.34800720214844,162.3520050048828,0.0
2026-07-20 03:45:00+00:00,162.35699462890625,162.3730010986328,162.3470001220703,162.36700439453125,0.0
2026-07-20 04:00:00+00:00,162.36700439453125,162.38600158691406,162.35499572753906,162.36900329589844,0.0
2026-07-20 04:15:00+00:00,162.36900329589844,162.38099670410156,162.3419952392578,162.3679962158203,0.0
2026-07-20 04:30:00+00:00,162.36399841308594,162.3699951171875,162.3350067138672,162.35000610351562,0.0
2026-07-20 04:45:00+00:00,162.3470001220703,162.35699462890625,162.32000732421875,162.3350067138672,0.0
2026-07-20 05:00:00+00:00,162.33099365234375,162.3470001220703,162.31199645996094,162.3419952392578,0.0
2026-07-20 05:15:00+00:00,162.33900451660156,162.36199951171875,162.33299255371094,162.3509979248047,0.0
2026-07-20 05:30:00+00:00,162.3520050048828,162.35800170898438,162.3249969482422,162.3419952392578,0.0
2026-07-20 05:45:00+00:00,162.34300231933594,162.375,162.33799743652344,162.37399291992188,0.0
2026-07-20 06:00:00+00:00,162.36399841308594,162.40899658203125,162.35499572753906,162.39500427246094,0.0
2026-07-20 06:15:00+00:00,162.39500427246094,162.4040069580078,162.36500549316406,162.38499450683594,0.0
2026-07-20 06:30:00+00:00,162.38400268554688,162.39300537109375,162.3560028076172,162.36199951171875,0.0
2026-07-20 06:45:00+00:00,162.36900329589844,162.41600036621094,162.35000610351562,162.40499877929688,0.0
2026-07-20 07:00:00+00:00,162.4040069580078,162.44900512695312,162.3800048828125,162.43600463867188,0.0
2026-07-20 07:15:00+00:00,162.43499755859375,162.4530029296875,162.39199829101562,162.3990020751953,0.0
2026-07-20 07:30:00+00:00,162.39599609375,162.40499877929688,162.30799865722656,162.31700134277344,0.0
2026-07-20 07:45:00+00:00,162.31900024414062,162.375,162.3090057373047,162.35699462890625,0.0
2026-07-20 08:00:00+00:00,162.35800170898438,162.37899780273438,162.34800720214844,162.34800720214844,0.0
2026-07-20 08:15:00+00:00,162.3509979248047,162.375,162.32699584960938,162.3699951171875,0.0
2026-07-20 08:30:00+00:00,162.37100219726562,162.3780059814453,162.33700561523438,162.35400390625,0.0
2026-07-20 08:45:00+00:00,162.35400390625,162.3719940185547,162.33700561523438,162.37100219726562,0.0
2026-07-20 09:00:00+00:00,162.36300659179688,162.4040069580078,162.35899353027344,162.37600708007812,0.0
2026-07-20 09:15:00+00:00,162.375,162.406005859375,162.3679962158203,162.3979949951172,0.0
2026-07-20 09:30:00+00:00,162.4040069580078,162.4199981689453,162.39500427246094,162.4040069580078,0.0
2026-07-20 09:45:00+00:00,162.41000366210938,162.43600463867188,162.4029998779297,162.40899658203125,0.0
2026-07-20 10:00:00+00:00,162.41000366210938,162.42999267578125,162.38499450683594,162.39700317382812,0.0
2026-07-20 10:15:00+00:00,162.4040069580078,162.406005859375,162.38299560546875,162.4029998779297,0.0
2026-07-20 10:30:00+00:00,162.39700317382812,162.40699768066406,162.3820037841797,162.4010009765625,0.0
2026-07-20 10:45:00+00:00,162.39599609375,162.406005859375,162.38299560546875,162.39999389648438,0.0
2026-07-20 11:00:00+00:00,162.3979949951172,162.42799377441406,162.38299560546875,162.41200256347656,0.0
2026-07-20 11:15:00+00:00,162.41299438476562,162.4250030517578,162.39599609375,162.3990020751953,0.0
2026-07-20 11:30:00+00:00,162.3990020751953,162.406005859375,162.18800354003906,162.30799865722656,0.0
2026-07-20 11:45:00+00:00,162.31199645996094,162.35499572753906,162.30799865722656,162.3419952392578,0.0
2026-07-20 12:00:00+00:00,162.34500122070312,162.41000366210938,162.33700561523438,162.38600158691406,0.0
2026-07-20 12:15:00+00:00,162.38600158691406,162.43099975585938,162.38099670410156,162.39999389648438,0.0
2026-07-20 12:30:00+00:00,162.4010009765625,162.4199981689453,162.37899780273438,162.41200256347656,0.0
2026-07-20 12:45:00+00:00,162.41000366210938,162.4149932861328,162.38099670410156,162.40199279785156,0.0
2026-07-20 13:00:00+00:00,162.406005859375,162.42799377441406,162.3979949951172,162.41299438476562,0.0
2026-07-20 13:15:00+00:00,162.41400146484375,162.4250030517578,162.39500427246094,162.41799926757812,0.0
2026-07-20 13:30:00+00:00,162.41200256347656,162.4250030517578,162.38299560546875,162.41400146484375,0.0
2026-07-20 13:45:00+00:00,162.41000366210938,162.47799682617188,162.3820037841797,162.468994140625,0.0
2026-07-20 14:00:00+00:00,162.4770050048828,162.5659942626953,162.45899963378906,162.5290069580078,0.0
2026-07-20 14:15:00+00:00,162.5279998779297,162.55599975585938,162.50999450683594,162.53900146484375,0.0
2026-07-20 14:30:00+00:00,162.5399932861328,162.58900451660156,162.53700256347656,162.5659942626953,0.0
2026-07-20 14:45:00+00:00,162.56700134277344,162.58700561523438,162.50100708007812,162.5189971923828,0.0
2026-07-20 15:00:00+00:00,162.51699829101562,162.5749969482422,162.51600646972656,162.5659942626953,0.0
2026-07-20 15:15:00+00:00,162.56300354003906,162.57699584960938,162.53900146484375,162.552001953125,0.0
2026-07-20 15:30:00+00:00,162.552001953125,162.58700561523438,162.54299926757812,162.56500244140625,0.0
2026-07-20 15:45:00+00:00,162.55499267578125,162.57400512695312,162.53799438476562,162.56300354003906,0.0
2026-07-20 16:00:00+00:00,162.56300354003906,162.60000610351562,162.5260009765625,162.5290069580078,0.0
2026-07-20 16:15:00+00:00,162.5279998779297,162.56199645996094,162.5260009765625,162.5399932861328,0.0
2026-07-20 16:30:00+00:00,162.5399932861328,162.5780029296875,162.5260009765625,162.52999877929688,0.0
2026-07-20 16:45:00+00:00,162.5399932861328,162.55599975585938,162.51600646972656,162.51600646972656,0.0
2026-07-20 17:00:00+00:00,162.52099609375,162.531005859375,162.4720001220703,162.49200439453125,0.0
2026-07-20 17:15:00+00:00,162.5019989013672,162.5030059814453,162.4499969482422,162.4669952392578,0.0
2026-07-20 17:30:00+00:00,162.4669952392578,162.49400329589844,162.45899963378906,162.46800231933594,0.0
2026-07-20 17:45:00+00:00,162.46800231933594,162.4810028076172,162.45199584960938,162.45899963378906,0.0
2026-07-20 18:00:00+00:00,162.45799255371094,162.468994140625,162.43600463867188,162.43899536132812,0.0
2026-07-20 18:15:00+00:00,162.43899536132812,162.48500061035156,162.41400146484375,162.45899963378906,0.0
2026-07-20 18:30:00+00:00,162.4600067138672,162.50399780273438,162.45799255371094,162.50399780273438,0.0
2026-07-20 18:45:00+00:00,162.49400329589844,162.53399658203125,162.48899841308594,162.49899291992188,0.0
2026-07-20 19:00:00+00:00,162.49899291992188,162.51300048828125,162.4810028076172,162.49600219726562,0.0
2026-07-20 19:15:00+00:00,162.5050048828125,162.51199340820312,162.45700073242188,162.4739990234375,0.0
2026-07-20 19:30:00+00:00,162.46499633789062,162.5,162.45199584960938,162.49200439453125,0.0
2026-07-20 19:45:00+00:00,162.49600219726562,162.51699829101562,162.46200561523438,162.51699829101562,0.0
2026-07-20 20:00:00+00:00,162.51100158691406,162.5229949951172,162.48199462890625,162.50100708007812,0.0
2026-07-20 20:15:00+00:00,162.5030059814453,162.5290069580078,162.49400329589844,162.50999450683594,0.0
2026-07-20 20:30:00+00:00,162.5030059814453,162.531005859375,162.49899291992188,162.5229949951172,0.0
2026-07-20 20:45:00+00:00,162.5240020751953,162.53199768066406,162.46800231933594,162.47500610351562,0.0
2026-07-20 21:00:00+00:00,162.4770050048828,162.4770050048828,162.43699645996094,162.46400451660156,0.0
2026-07-20 21:15:00+00:00,162.46499633789062,162.5030059814453,162.45700073242188,162.48800659179688,0.0
2026-07-20 21:30:00+00:00,162.48699951171875,162.50999450683594,162.447998046875,162.48199462890625,0.0
2026-07-20 21:45:00+00:00,162.4499969482422,162.49400329589844,162.4409942626953,162.48500061035156,0.0
2026-07-20 22:00:00+00:00,162.4409942626953,162.50900268554688,162.41000366210938,162.48399353027344,0.0
2026-07-20 22:15:00+00:00,162.48399353027344,162.5050048828125,162.4709930419922,162.48800659179688,0.0
2026-07-20 22:30:00+00:00,162.4810028076172,162.51699829101562,162.47999572753906,162.5070037841797,0.0
2026-07-20 22:45:00+00:00,162.49600219726562,162.50599670410156,162.47500610351562,162.4980010986328,0.0
2026-07-20 23:00:00+00:00,162.49099731445312,162.50900268554688,162.48199462890625,162.50399780273438,0.0
2026-07-20 23:15:00+00:00,162.49400329589844,162.50900268554688,162.48399353027344,162.4969940185547,0.0
2026-07-20 23:30:00+00:00,162.49400329589844,162.50799560546875,162.49000549316406,162.4929962158203,0.0
2026-07-20 23:45:00+00:00,162.49200439453125,162.5070037841797,162.47900390625,162.47999572753906,0.0
2026-07-21 00:00:00+00:00,162.47999572753906,162.49400329589844,162.43800354003906,162.47900390625,0.0
2026-07-21 00:15:00+00:00,162.47900390625,162.51199340820312,162.4759979248047,162.5030059814453,0.0
2026-07-21 00:30:00+00:00,162.50599670410156,162.53599548339844,162.50100708007812,162.50799560546875,0.0
2026-07-21 00:45:00+00:00,162.5050048828125,162.53599548339844,162.4770050048828,162.5290069580078,0.0
2026-07-21 01:00:00+00:00,162.5290069580078,162.53700256347656,162.48899841308594,162.51100158691406,0.0
2026-07-21 01:15:00+00:00,162.5030059814453,162.51800537109375,162.42599487304688,162.47300720214844,0.0
2026-07-21 01:30:00+00:00,162.4770050048828,162.5260009765625,162.44900512695312,162.50399780273438,0.0
2026-07-21 01:45:00+00:00,162.5050048828125,162.5229949951172,162.48699951171875,162.5019989013672,0.0
2026-07-21 02:00:00+00:00,162.50100708007812,162.5260009765625,162.4929962158203,162.50999450683594,0.0
2026-07-21 02:15:00+00:00,162.5070037841797,162.51499938964844,162.4810028076172,162.49899291992188,0.0
2026-07-21 02:30:00+00:00,162.49899291992188,162.50599670410156,162.47999572753906,162.49000549316406,0.0
2026-07-21 02:45:00+00:00,162.49000549316406,162.5019989013672,162.4770050048828,162.48800659179688,0.0
2026-07-21 03:00:00+00:00,162.48800659179688,162.51699829101562,162.47900390625,162.51199340820312,0.0
2026-07-21 03:15:00+00:00,162.5050048828125,162.51499938964844,162.48699951171875,162.49099731445312,0.0
2026-07-21 03:30:00+00:00,162.49200439453125,162.5,162.46499633789062,162.468994140625,0.0
2026-07-21 03:45:00+00:00,162.46600341796875,162.48699951171875,162.4459991455078,162.48599243164062,0.0
2026-07-21 04:00:00+00:00,162.48199462890625,162.49099731445312,162.46499633789062,162.4720001220703,0.0
2026-07-21 04:15:00+00:00,162.47900390625,162.48399353027344,162.46800231933594,162.4759979248047,0.0
2026-07-21 04:30:00+00:00,162.4739990234375,162.5,162.46400451660156,162.48599243164062,0.0
2026-07-21 04:45:00+00:00,162.48399353027344,162.4949951171875,162.47799682617188,162.48300170898438,0.0
2026-07-21 05:00:00+00:00,162.48300170898438,162.51699829101562,162.4810028076172,162.5070037841797,0.0
2026-07-21 05:15:00+00:00,162.51100158691406,162.52699279785156,162.5030059814453,162.50799560546875,0.0
2026-07-21 05:30:00+00:00,162.51100158691406,162.51499938964844,162.46600341796875,162.47300720214844,0.0
2026-07-21 05:45:00+00:00,162.4709930419922,162.5189971923828,162.46200561523438,162.5070037841797,0.0
2026-07-21 06:00:00+00:00,162.5030059814453,162.52699279785156,162.47999572753906,162.52099609375,0.0
2026-07-21 06:15:00+00:00,162.51499938964844,162.5290069580078,162.5050048828125,162.51800537109375,0.0
2026-07-21 06:30:00+00:00,162.51800537109375,162.5540008544922,162.51300048828125,162.5399932861328,0.0
2026-07-21 06:45:00+00:00,162.54400634765625,162.5590057373047,162.50999450683594,162.52099609375,0.0
2026-07-21 07:00:00+00:00,162.52000427246094,162.56500244140625,162.51600646972656,162.552001953125,0.0
2026-07-21 07:15:00+00:00,162.55299377441406,162.58999633789062,162.54100036621094,162.58900451660156,0.0
2026-07-21 07:30:00+00:00,162.58399963378906,162.6009979248047,162.5489959716797,162.58200073242188,0.0
2026-07-21 07:45:00+00:00,162.58200073242188,162.6179962158203,162.5749969482422,162.59500122070312,0.0
2026-07-21 08:00:00+00:00,162.5959930419922,162.64700317382812,162.57699584960938,162.63499450683594,0.0
2026-07-21 08:15:00+00:00,162.63499450683594,162.67799377441406,162.6320037841797,162.66700744628906,0.0
2026-07-21 08:30:00+00:00,162.6739959716797,162.6959991455078,162.66400146484375,162.67599487304688,0.0
2026-07-21 08:45:00+00:00,162.67999267578125,162.6999969482422,162.6719970703125,162.68600463867188,0.0
2026-07-21 09:00:00+00:00,162.677001953125,162.6959991455078,162.6649932861328,162.69400024414062,0.0
2026-07-21 09:15:00+00:00,162.6909942626953,162.6959991455078,162.60899353027344,162.67799377441406,0.0
2026-07-21 09:30:00+00:00,162.6820068359375,162.6929931640625,162.64599609375,162.66799926757812,0.0
2026-07-21 09:45:00+00:00,162.6649932861328,162.6840057373047,162.6490020751953,162.66200256347656,0.0
2026-07-21 10:00:00+00:00,162.66200256347656,162.68699645996094,162.63499450683594,162.6649932861328,0.0
2026-07-21 10:15:00+00:00,162.6649932861328,162.67799377441406,162.63900756835938,162.6510009765625,0.0
2026-07-21 10:30:00+00:00,162.6479949951172,162.7010040283203,162.63800048828125,162.6820068359375,0.0
2026-07-21 10:45:00+00:00,162.6820068359375,162.70599365234375,162.6490020751953,162.67100524902344,0.0
2026-07-21 11:00:00+00:00,162.66200256347656,162.7449951171875,162.64599609375,162.71800231933594,0.0
2026-07-21 11:15:00+00:00,162.72000122070312,162.75399780273438,162.71499633789062,162.75,0.0
2026-07-21 11:30:00+00:00,162.73500061035156,162.75799560546875,162.7220001220703,162.73399353027344,0.0
2026-07-21 11:45:00+00:00,162.73300170898438,162.75799560546875,162.7220001220703,162.7259979248047,0.0
2026-07-21 12:00:00+00:00,162.7239990234375,162.75799560546875,162.71400451660156,162.73599243164062,0.0
2026-07-21 12:15:00+00:00,162.73500061035156,162.7969970703125,162.72900390625,162.78399658203125,0.0
2026-07-21 12:30:00+00:00,162.78599548339844,162.80099487304688,162.76699829101562,162.78900146484375,0.0
2026-07-21 12:45:00+00:00,162.78799438476562,162.78900146484375,162.69000244140625,162.71800231933594,0.0
2026-07-21 13:00:00+00:00,162.7209930419922,162.76699829101562,162.71800231933594,162.7519989013672,0.0
2026-07-21 13:15:00+00:00,162.75,162.8040008544922,162.74600219726562,162.79800415039062,0.0
2026-07-21 13:30:00+00:00,162.7949981689453,162.83700561523438,162.76499938964844,162.82400512695312,0.0
2026-07-21 13:45:00+00:00,162.822998046875,162.8939971923828,162.79200744628906,162.86399841308594,0.0
2026-07-21 14:00:00+00:00,162.86500549316406,162.92799377441406,162.85299682617188,162.89500427246094,0.0
2026-07-21 14:15:00+00:00,162.8939971923828,162.9510040283203,162.89199829101562,162.94200134277344,0.0
2026-07-21 14:30:00+00:00,162.94200134277344,162.98899841308594,162.91799926757812,162.96200561523438,0.0
2026-07-21 14:45:00+00:00,162.95799255371094,163.04200744628906,162.88900756835938,163.01100158691406,0.0
2026-07-21 15:00:00+00:00,163.01499938964844,163.02000427246094,162.95399475097656,162.96299743652344,0.0
2026-07-21 15:15:00+00:00,162.95799255371094,162.96600341796875,162.9080047607422,162.95899963378906,0.0
2026-07-21 15:30:00+00:00,162.9600067138672,163.0189971923828,162.9459991455078,163.00900268554688,0.0
2026-07-21 15:45:00+00:00,163.01499938964844,163.03799438476562,163.00100708007812,163.01499938964844,0.0
2026-07-21 16:00:00+00:00,163.01199340820312,163.0279998779297,162.9969940185547,163.01600646972656,0.0
2026-07-21 16:15:00+00:00,163.01300048828125,163.02999877929688,162.98199462890625,162.99899291992188,0.0
2026-07-21 16:30:00+00:00,162.99400329589844,163.0050048828125,162.9499969482422,162.9669952392578,0.0
2026-07-21 16:45:00+00:00,162.9669952392578,163.00900268554688,162.9530029296875,163.00100708007812,0.0
2026-07-21 17:00:00+00:00,163.0050048828125,163.01800537109375,162.96800231933594,163.01600646972656,0.0
2026-07-21 17:15:00+00:00,163.01199340820312,163.0189971923828,162.9720001220703,162.97500610351562,0.0
2026-07-21 17:30:00+00:00,162.97500610351562,163.01600646972656,162.97500610351562,162.99899291992188,0.0
2026-07-21 17:45:00+00:00,163.0019989013672,163.02999877929688,162.9980010986328,163.0260009765625,0.0
2026-07-21 18:00:00+00:00,163.0279998779297,163.2209930419922,163.02099609375,163.13099670410156,0.0
2026-07-21 18:15:00+00:00,163.13099670410156,163.1790008544922,163.1230010986328,163.1479949951172,0.0
2026-07-21 18:30:00+00:00,163.1479949951172,163.23300170898438,163.14100646972656,163.22300720214844,0.0
2026-07-21 18:45:00+00:00,163.2259979248047,163.23699951171875,163.1719970703125,163.18299865722656,0.0
2026-07-21 19:00:00+00:00,163.1820068359375,163.2209930419922,163.1580047607422,163.21200561523438,0.0
2026-07-21 19:15:00+00:00,163.21400451660156,163.2169952392578,163.15699768066406,163.16799926757812,0.0
2026-07-21 19:30:00+00:00,163.16799926757812,163.20599365234375,163.15699768066406,163.2010040283203,0.0
2026-07-21 19:45:00+00:00,163.19700622558594,163.21099853515625,163.18099975585938,163.1999969482422,0.0
2026-07-21 20:00:00+00:00,163.20199584960938,163.22999572753906,163.19200134277344,163.2239990234375,0.0
2026-07-21 20:15:00+00:00,163.218994140625,163.23899841308594,163.218994140625,163.2259979248047,0.0
2026-07-21 20:30:00+00:00,163.2259979248047,163.23800659179688,163.19000244140625,163.20599365234375,0.0
2026-07-21 20:45:00+00:00,163.2100067138672,163.218994140625,163.1540069580078,163.16900634765625,0.0
2026-07-21 21:00:00+00:00,163.14999389648438,163.17999267578125,163.11000061035156,163.13400268554688,0.0
2026-07-21 21:15:00+00:00,163.1479949951172,163.1820068359375,163.1060028076172,163.1820068359375,0.0
2026-07-21 21:30:00+00:00,163.16799926757812,163.1820068359375,163.125,163.1439971923828,0.0
2026-07-21 21:45:00+00:00,163.14500427246094,163.156005859375,163.1300048828125,163.14100646972656,0.0
2026-07-21 22:00:00+00:00,163.14100646972656,163.19400024414062,163.13600158691406,163.1820068359375,0.0
2026-07-21 22:15:00+00:00,163.177001953125,163.19500732421875,163.16900634765625,163.1820068359375,0.0
2026-07-21 22:30:00+00:00,163.1840057373047,163.197998046875,163.16900634765625,163.19000244140625,0.0
2026-07-21 22:45:00+00:00,163.18800354003906,163.21499633789062,163.17799377441406,163.19900512695312,0.0
2026-07-21 23:00:00+00:00,163.19900512695312,163.22300720214844,163.19000244140625,163.1999969482422,0.0
2026-07-21 23:15:00+00:00,163.1999969482422,163.22799682617188,163.19400024414062,163.20700073242188,0.0
2026-07-21 23:30:00+00:00,163.19900512695312,163.22000122070312,163.1929931640625,163.21800231933594,0.0
2026-07-21 23:45:00+00:00,163.2169952392578,163.218994140625,163.1790008544922,163.18299865722656,0.0
2026-07-22 00:00:00+00:00,163.18499755859375,163.20700073242188,163.0959930419922,163.10899353027344,0.0
2026-07-22 00:15:00+00:00,163.1060028076172,163.1300048828125,163.02200317382812,163.0570068359375,0.0
2026-07-22 00:30:00+00:00,163.05799865722656,163.14700317382812,163.04299926757812,163.11399841308594,0.0
2026-07-22 00:45:00+00:00,163.11399841308594,163.1840057373047,163.0959930419922,163.13099670410156,0.0
2026-07-22 01:00:00+00:00,163.1320037841797,163.16099548339844,163.09800720214844,163.13999938964844,0.0
2026-07-22 01:15:00+00:00,163.14100646972656,163.18699645996094,163.12899780273438,163.16799926757812,0.0
2026-07-22 01:30:00+00:00,163.16900634765625,163.20399475097656,163.15699768066406,163.1739959716797,0.0
2026-07-22 01:45:00+00:00,163.1699981689453,163.17999267578125,163.14199829101562,163.14300537109375,0.0
2026-07-22 02:00:00+00:00,163.1439971923828,163.17999267578125,163.14100646972656,163.16799926757812,0.0
2026-07-22 02:15:00+00:00,163.16200256347656,163.1699981689453,163.0659942626953,163.0919952392578,0.0
2026-07-22 02:30:00+00:00,163.0919952392578,163.11199951171875,163.0780029296875,163.09500122070312,0.0
2026-07-22 02:45:00+00:00,163.09100341796875,163.13099670410156,163.0800018310547,163.1199951171875,0.0
2026-07-22 03:00:00+00:00,163.11599731445312,163.156005859375,163.10699462890625,163.14599609375,0.0
2026-07-22 03:15:00+00:00,163.13800048828125,163.15499877929688,163.1230010986328,163.125,0.0
2026-07-22 03:30:00+00:00,163.12600708007812,163.14500427246094,163.10899353027344,163.13299560546875,0.0
2026-07-22 03:45:00+00:00,163.13999938964844,163.16799926757812,163.13099670410156,163.1540069580078,0.0
2026-07-22 04:00:00+00:00,163.14999389648438,163.19700622558594,163.14300537109375,163.18299865722656,0.0
2026-07-22 04:15:00+00:00,163.18299865722656,163.1959991455078,163.16900634765625,163.1719970703125,0.0
2026-07-22 04:30:00+00:00,163.1750030517578,163.18299865722656,163.14599609375,163.1540069580078,0.0
2026-07-22 04:45:00+00:00,163.1510009765625,163.18099975585938,163.14599609375,163.1699981689453,0.0
2026-07-22 05:00:00+00:00,163.16700744628906,163.17799377441406,163.14700317382812,163.1490020751953,0.0
2026-07-22 05:15:00+00:00,163.14999389648438,163.1739959716797,163.14100646972656,163.16799926757812,0.0
2026-07-22 05:30:00+00:00,163.17100524902344,163.18800354003906,163.13499450683594,163.1439971923828,0.0
2026-07-22 05:45:00+00:00,163.14500427246094,163.16600036621094,163.07699584960938,163.08700561523438,0.0
2026-07-22 06:00:00+00:00,163.08200073242188,163.09500122070312,163.04200744628906,163.072998046875,0.0
2026-07-22 06:15:00+00:00,163.07400512695312,163.125,163.06700134277344,163.10299682617188,0.0
2026-07-22 06:30:00+00:00,163.10299682617188,163.14500427246094,163.08700561523438,163.11199951171875,0.0
2026-07-22 06:45:00+00:00,163.11199951171875,163.13800048828125,163.08399963378906,163.0850067138672,0.0
2026-07-22 07:00:00+00:00,163.08900451660156,163.11599731445312,163.06100463867188,163.0749969482422,0.0
2026-07-22 07:15:00+00:00,163.0749969482422,163.13699340820312,163.0749969482422,163.12600708007812,0.0
2026-07-22 07:30:00+00:00,163.125,163.13299560546875,162.66200256347656,162.93899536132812,0.0
2026-07-22 07:45:00+00:00,162.93800354003906,162.9770050048828,162.89100646972656,162.93600463867188,0.0
2026-07-22 08:00:00+00:00,162.94200134277344,163.0590057373047,162.9040069580078,163.0469970703125,0.0
2026-07-22 08:15:00+00:00,163.04800415039062,163.11300659179688,163.0449981689453,163.06700134277344,0.0
2026-07-22 08:30:00+00:00,163.06700134277344,163.0760040283203,162.9949951171875,163.00599670410156,0.0
2026-07-22 08:45:00+00:00,163.00599670410156,163.03799438476562,162.94500732421875,162.95899963378906,0.0
2026-07-22 09:00:00+00:00,162.95700073242188,162.99200439453125,162.93800354003906,162.9810028076172,0.0
2026-07-22 09:15:00+00:00,162.97500610351562,162.9949951171875,162.95199584960938,162.9770050048828,0.0
2026-07-22 09:30:00+00:00,162.9720001220703,163.0290069580078,162.9720001220703,162.99899291992188,0.0
2026-07-22 09:45:00+00:00,162.99600219726562,163.052001953125,162.98300170898438,163.02699279785156,0.0
2026-07-22 10:00:00+00:00,163.02699279785156,163.07699584960938,163.0070037841797,163.07200622558594,0.0
2026-07-22 10:15:00+00:00,163.07200622558594,163.07699584960938,163.03199768066406,163.04299926757812,0.0
2026-07-22 10:30:00+00:00,163.03700256347656,163.05499267578125,163.00599670410156,163.0279998779297,0.0
2026-07-22 10:45:00+00:00,163.0279998779297,163.06700134277344,163.0,163.01600646972656,0.0
2026-07-22 11:00:00+00:00,163.01600646972656,163.03599548339844,162.98699951171875,163.00599670410156,0.0
2026-07-22 11:15:00+00:00,163.0070037841797,163.04400634765625,163.0019989013672,163.03500366210938,0.0
2026-07-22 11:30:00+00:00,163.03500366210938,163.06700134277344,163.00399780273438,163.04600524902344,0.0
2026-07-22 11:45:00+00:00,163.04400634765625,163.0800018310547,163.0290069580078,163.07000732421875,0.0
2026-07-22 12:00:00+00:00,163.07000732421875,163.07899475097656,163.04200744628906,163.0449981689453,0.0
2026-07-22 12:15:00+00:00,163.0449981689453,163.0760040283203,163.04200744628906,163.05799865722656,0.0
2026-07-22 12:30:00+00:00,163.06399536132812,163.0659942626953,163.0330047607422,163.05299377441406,0.0
2026-07-22 12:45:00+00:00,163.04800415039062,163.13600158691406,163.04600524902344,163.1020050048828,0.0
2026-07-22 13:00:00+00:00,163.0989990234375,163.10800170898438,163.06300354003906,163.0919952392578,0.0
2026-07-22 13:15:00+00:00,163.08900451660156,163.10899353027344,163.04800415039062,163.06700134277344,0.0
2026-07-22 13:30:00+00:00,163.05999755859375,163.072998046875,163.0050048828125,163.0240020751953,0.0
2026-07-22 13:45:00+00:00,163.02000427246094,163.08799743652344,163.01699829101562,163.052001953125,0.0
2026-07-22 14:00:00+00:00,163.052001953125,163.0850067138672,163.04200744628906,163.05099487304688,0.0
2026-07-22 14:15:00+00:00,163.05099487304688,163.08200073242188,163.04200744628906,163.07000732421875,0.0
2026-07-22 14:30:00+00:00,163.0679931640625,163.08099365234375,163.04600524902344,163.0570068359375,0.0
2026-07-22 14:45:00+00:00,163.0500030517578,163.1199951171875,163.03399658203125,163.11500549316406,0.0
2026-07-22 15:00:00+00:00,163.11300659179688,163.11700439453125,163.0709991455078,163.0970001220703,0.0
2026-07-22 15:15:00+00:00,163.09500122070312,163.1219940185547,163.09300231933594,163.10800170898438,0.0
2026-07-22 15:30:00+00:00,163.10400390625,163.13299560546875,163.09100341796875,163.10400390625,0.0
2026-07-22 15:45:00+00:00,163.10000610351562,163.11700439453125,163.06199645996094,163.07899475097656,0.0
2026-07-22 16:00:00+00:00,163.0760040283203,163.10699462890625,163.05999755859375,163.10499572753906,0.0
2026-07-22 16:15:00+00:00,163.10000610351562,163.12600708007812,163.08099365234375,163.08999633789062,0.0
2026-07-22 16:30:00+00:00,163.08999633789062,163.11599731445312,163.0749969482422,163.10400390625,0.0
2026-07-22 16:45:00+00:00,163.10299682617188,163.11399841308594,163.08799743652344,163.11000061035156,0.0
2026-07-22 17:00:00+00:00,163.1060028076172,163.13600158691406,163.1009979248047,163.1300048828125,0.0
2026-07-22 17:15:00+00:00,163.1300048828125,163.14700317382812,163.11599731445312,163.1320037841797,0.0
2026-07-22 17:30:00+00:00,163.13499450683594,163.17799377441406,163.1269989013672,163.15699768066406,0.0
2026-07-22 17:45:00+00:00,163.15699768066406,163.1649932861328,163.14100646972656,163.156005859375,0.0
2026-07-22 18:00:00+00:00,163.1529998779297,163.1739959716797,163.14100646972656,163.15699768066406,0.0
2026-07-22 18:15:00+00:00,163.14999389648438,163.17100524902344,163.12100219726562,163.12600708007812,0.0
2026-07-22 18:30:00+00:00,163.12399291992188,163.13699340820312,163.10800170898438,163.11599731445312,0.0
2026-07-22 18:45:00+00:00,163.1179962158203,163.13900756835938,163.10000610351562,163.1230010986328,0.0
2026-07-22 19:00:00+00:00,163.1269989013672,163.14599609375,163.11199951171875,163.14300537109375,0.0
2026-07-22 19:15:00+00:00,163.14500427246094,163.14700317382812,163.12399291992188,163.14100646972656,0.0
2026-07-22 19:30:00+00:00,163.13800048828125,163.1529998779297,163.1269989013672,163.1490020751953,0.0
2026-07-22 19:45:00+00:00,163.14500427246094,163.16099548339844,163.13499450683594,163.14700317382812,0.0
2026-07-22 20:00:00+00:00,163.1479949951172,163.1529998779297,163.1269989013672,163.14300537109375,0.0
2026-07-22 20:15:00+00:00,163.14199829101562,163.1540069580078,163.1320037841797,163.14199829101562,0.0
2026-07-22 20:30:00+00:00,163.14199829101562,163.15199279785156,163.13400268554688,163.1510009765625,0.0
2026-07-22 20:45:00+00:00,163.13800048828125,163.16600036621094,163.1269989013672,163.13099670410156,0.0
2026-07-22 21:00:00+00:00,163.11599731445312,163.12899780273438,163.06500244140625,163.06500244140625,0.0
2026-07-22 21:15:00+00:00,163.1020050048828,163.11599731445312,163.06500244140625,163.08799743652344,0.0
2026-07-22 21:30:00+00:00,163.11000061035156,163.11700439453125,163.0540008544922,163.05799865722656,0.0
2026-07-22 21:45:00+00:00,163.05799865722656,163.1230010986328,163.05499267578125,163.08900451660156,0.0
2026-07-22 22:00:00+00:00,163.08099365234375,163.1320037841797,163.05099487304688,163.0919952392578,0.0
2026-07-22 22:15:00+00:00,163.07200622558594,163.1060028076172,163.06399536132812,163.1009979248047,0.0
2026-07-22 22:30:00+00:00,163.09800720214844,163.15199279785156,163.08399963378906,163.11599731445312,0.0
2026-07-22 22:45:00+00:00,163.12399291992188,163.1300048828125,163.09800720214844,163.1199951171875,0.0
2026-07-22 23:00:00+00:00,163.1060028076172,163.125,163.08099365234375,163.10699462890625,0.0
2026-07-22 23:15:00+00:00,163.10699462890625,163.1179962158203,163.08700561523438,163.1020050048828,0.0
2026-07-22 23:30:00+00:00,163.10699462890625,163.11500549316406,163.08799743652344,163.09500122070312,0.0
2026-07-22 23:45:00+00:00,163.093994140625,163.11300659179688,163.08099365234375,163.08099365234375,0.0
2026-07-23 00:00:00+00:00,163.08999633789062,163.1060028076172,163.05799865722656,163.093994140625,0.0
2026-07-23 00:15:00+00:00,163.1020050048828,163.11500549316406,163.0749969482422,163.09500122070312,0.0
2026-07-23 00:30:00+00:00,163.093994140625,163.10699462890625,163.08099365234375,163.08900451660156,0.0
2026-07-23 00:45:00+00:00,163.0919952392578,163.13999938964844,163.03599548339844,163.04600524902344,0.0
2026-07-23 01:00:00+00:00,163.04600524902344,163.08700561523438,163.01800537109375,163.06100463867188,0.0
2026-07-23 01:15:00+00:00,163.06700134277344,163.07400512695312,163.04200744628906,163.06700134277344,0.0
2026-07-23 01:30:00+00:00,163.0679931640625,163.06900024414062,162.98699951171875,163.01600646972656,0.0
2026-07-23 01:45:00+00:00,163.02699279785156,163.0659942626953,163.0189971923828,163.06399536132812,0.0
2026-07-23 02:00:00+00:00,163.052001953125,163.07699584960938,163.04200744628906,163.05599975585938,0.0
2026-07-23 02:15:00+00:00,163.05999755859375,163.07699584960938,163.0399932861328,163.06399536132812,0.0
2026-07-23 02:30:00+00:00,163.06399536132812,163.10000610351562,163.05299377441406,163.07200622558594,0.0
2026-07-23 02:45:00+00:00,163.07400512695312,163.08700561523438,163.05499267578125,163.06399536132812,0.0
2026-07-23 03:00:00+00:00,163.06900024414062,163.08599853515625,163.0540008544922,163.0780029296875,0.0
2026-07-23 03:15:00+00:00,163.07899475097656,163.08599853515625,163.03799438476562,163.052001953125,0.0
2026-07-23 03:30:00+00:00,163.05599975585938,163.06399536132812,163.03500366210938,163.04299926757812,0.0
2026-07-23 03:45:00+00:00,163.0469970703125,163.05999755859375,163.0260009765625,163.04299926757812,0.0
2026-07-23 04:00:00+00:00,163.03900146484375,163.05999755859375,163.02200317382812,163.0469970703125,0.0
2026-07-23 04:15:00+00:00,163.05099487304688,163.06199645996094,163.03599548339844,163.03799438476562,0.0
2026-07-23 04:30:00+00:00,163.03799438476562,163.06199645996094,163.03700256347656,163.0449981689453,0.0
2026-07-23 04:45:00+00:00,163.052001953125,163.08399963378906,163.0449981689453,163.07200622558594,0.0
2026-07-23 05:00:00+00:00,163.0659942626953,163.08599853515625,163.05999755859375,163.07400512695312,0.0
2026-07-23 05:15:00+00:00,163.07400512695312,163.10899353027344,163.07200622558594,163.08799743652344,0.0
2026-07-23 05:30:00+00:00,163.08999633789062,163.0959930419922,163.06199645996094,163.08399963378906,0.0
2026-07-23 05:45:00+00:00,163.07899475097656,163.11000061035156,163.0749969482422,163.10899353027344,0.0
2026-07-23 06:00:00+00:00,163.10400390625,163.1199951171875,163.0659942626953,163.0709991455078,0.0
2026-07-23 06:15:00+00:00,163.0709991455078,163.10000610351562,163.06399536132812,163.06700134277344,0.0
2026-07-23 06:30:00+00:00,163.06700134277344,163.09800720214844,163.06300354003906,163.08299255371094,0.0
2026-07-23 06:45:00+00:00,163.08900451660156,163.11599731445312,163.07899475097656,163.10400390625,0.0
2026-07-23 07:00:00+00:00,163.10400390625,163.156005859375,163.10400390625,163.1280059814453,0.0
2026-07-23 07:15:00+00:00,163.1280059814453,163.17300415039062,163.1280059814453,163.16200256347656,0.0
2026-07-23 07:30:00+00:00,163.16200256347656,163.26400756835938,163.15499877929688,163.2259979248047,0.0
2026-07-23 07:45:00+00:00,163.22999572753906,163.427001953125,163.1840057373047,163.31199645996094,0.0
2026-07-23 08:00:00+00:00,163.31100463867188,163.3979949951172,163.2779998779297,163.37600708007812,0.0
2026-07-23 08:15:00+00:00,163.38400268554688,163.4010009765625,163.35499572753906,163.39700317382812,0.0
2026-07-23 08:30:00+00:00,163.39100646972656,163.4409942626953,163.36500549316406,163.38999938964844,0.0
2026-07-23 08:45:00+00:00,163.38999938964844,163.4010009765625,163.32899475097656,163.33399963378906,0.0
2026-07-23 09:00:00+00:00,163.3300018310547,163.36399841308594,163.2830047607422,163.3560028076172,0.0
2026-07-23 09:15:00+00:00,163.3560028076172,163.39700317382812,163.33299255371094,163.375,0.0
2026-07-23 09:30:00+00:00,163.37100219726562,163.3820037841797,163.31399536132812,163.33399963378906,0.0
2026-07-23 09:45:00+00:00,163.33700561523438,163.38099670410156,163.3280029296875,163.37100219726562,0.0
2026-07-23 10:00:00+00:00,163.3679962158203,163.38400268554688,163.35000610351562,163.35899353027344,0.0
2026-07-23 10:15:00+00:00,163.35400390625,163.37100219726562,163.33999633789062,163.3560028076172,0.0
2026-07-23 10:30:00+00:00,163.3560028076172,163.375,163.34300231933594,163.3560028076172,0.0
2026-07-23 10:45:00+00:00,163.35299682617188,163.3820037841797,163.3489990234375,163.3679962158203,0.0
2026-07-23 11:00:00+00:00,163.3679962158203,163.3820037841797,163.3520050048828,163.35400390625,0.0
2026-07-23 11:15:00+00:00,163.35800170898438,163.42599487304688,163.35499572753906,163.41299438476562,0.0
2026-07-23 11:30:00+00:00,163.41400146484375,163.6479949951172,163.4080047607422,163.5800018310547,0.0
2026-07-23 11:45:00+00:00,163.5800018310547,163.5919952392578,163.2989959716797,163.48199462890625,0.0
2026-07-23 12:00:00+00:00,163.49000549316406,163.51400756835938,163.44700622558594,163.47000122070312,0.0
2026-07-23 12:15:00+00:00,163.4669952392578,163.593994140625,163.45899963378906,163.55799865722656,0.0
2026-07-23 12:30:00+00:00,163.56900024414062,163.75799560546875,163.56700134277344,163.70399475097656,0.0
2026-07-23 12:45:00+00:00,163.70399475097656,163.72300720214844,163.64500427246094,163.66600036621094,0.0
2026-07-23 13:00:00+00:00,163.6739959716797,163.85000610351562,163.65899658203125,163.80499267578125,0.0
2026-07-23 13:15:00+00:00,163.8070068359375,163.8260040283203,163.76800537109375,163.78399658203125,0.0
2026-07-23 13:30:00+00:00,163.78799438476562,163.84500122070312,163.72900390625,163.84500122070312,0.0
2026-07-23 13:45:00+00:00,163.83700561523438,163.96499633789062,163.83599853515625,163.95799255371094,0.0
2026-07-23 14:00:00+00:00,163.96299743652344,163.96299743652344,163.875,163.8939971923828,0.0
2026-07-23 14:15:00+00:00,163.89300537109375,163.94900512695312,163.86599731445312,163.92999267578125,0.0
2026-07-23 14:30:00+00:00,163.92999267578125,163.9530029296875,163.88800048828125,163.92999267578125,0.0
2026-07-23 14:45:00+00:00,163.9320068359375,163.98800659179688,163.91600036621094,163.91799926757812,0.0
2026-07-23 15:00:00+00:00,163.91700744628906,163.95399475097656,163.84300231933594,163.8520050048828,0.0
2026-07-23 15:15:00+00:00,163.85699462890625,163.88600158691406,163.7689971923828,163.8679962158203,0.0
2026-07-23 15:30:00+00:00,163.86900329589844,163.9149932861328,163.78500366210938,163.81900024414062,0.0
2026-07-23 15:45:00+00:00,163.81500244140625,163.84300231933594,163.781005859375,163.8000030517578,0.0
2026-07-23 16:00:00+00:00,163.7989959716797,163.8350067138672,163.7729949951172,163.7830047607422,0.0
2026-07-23 16:15:00+00:00,163.78199768066406,163.83099365234375,163.73599243164062,163.73800659179688,0.0
2026-07-23 16:30:00+00:00,163.73699951171875,163.7969970703125,163.71299743652344,163.75,0.0
2026-07-23 16:45:00+00:00,163.7530059814453,163.77999877929688,163.74400329589844,163.76400756835938,0.0
2026-07-23 17:00:00+00:00,163.76400756835938,163.78900146484375,163.7100067138672,163.76800537109375,0.0
2026-07-23 17:15:00+00:00,163.76100158691406,163.78500366210938,163.73399353027344,163.7790069580078,0.0
2026-07-23 17:30:00+00:00,163.7729949951172,163.80799865722656,163.77200317382812,163.80499267578125,0.0
2026-07-23 17:45:00+00:00,163.80099487304688,163.843994140625,163.79800415039062,163.84100341796875,0.0
2026-07-23 18:00:00+00:00,163.83900451660156,163.8470001220703,163.79800415039062,163.80299377441406,0.0
2026-07-23 18:15:00+00:00,163.80299377441406,163.81100463867188,163.7740020751953,163.79299926757812,0.0
2026-07-23 18:30:00+00:00,163.78700256347656,163.8179931640625,163.77099609375,163.7899932861328,0.0
2026-07-23 18:45:00+00:00,163.79100036621094,163.82000732421875,163.78500366210938,163.7969970703125,0.0
2026-07-23 19:00:00+00:00,163.80299377441406,163.82000732421875,163.77099609375,163.82000732421875,0.0
2026-07-23 19:15:00+00:00,163.81300354003906,163.83700561523438,163.8000030517578,163.80299377441406,0.0
2026-07-23 19:30:00+00:00,163.80499267578125,163.843994140625,163.76400756835938,163.83799743652344,0.0
2026-07-23 19:45:00+00:00,163.8419952392578,163.85699462890625,163.80099487304688,163.81900024414062,0.0
2026-07-23 20:00:00+00:00,163.81700134277344,163.8260040283203,163.79200744628906,163.82200622558594,0.0
2026-07-23 20:15:00+00:00,163.8209991455078,163.83999633789062,163.8090057373047,163.81900024414062,0.0
2026-07-23 20:30:00+00:00,163.82000732421875,163.8769989013672,163.81199645996094,163.86399841308594,0.0
2026-07-23 20:45:00+00:00,163.86900329589844,163.87600708007812,163.82200622558594,163.85299682617188,0.0
2026-07-23 21:00:00+00:00,163.81399536132812,163.91600036621094,163.7989959716797,163.81100463867188,0.0
2026-07-23 21:15:00+00:00,163.80999755859375,163.85699462890625,163.80599975585938,163.81900024414062,0.0
2026-07-23 21:30:00+00:00,163.81900024414062,163.83900451660156,163.75,163.80099487304688,0.0
2026-07-23 21:45:00+00:00,163.7830047607422,163.802001953125,163.73500061035156,163.7790069580078,0.0
2026-07-23 22:00:00+00:00,163.7830047607422,163.84500122070312,163.74000549316406,163.8179931640625,0.0
2026-07-23 22:15:00+00:00,163.8300018310547,163.8489990234375,163.8159942626953,163.8470001220703,0.0
2026-07-23 22:30:00+00:00,163.83999633789062,163.8509979248047,163.81100463867188,163.81700134277344,0.0
2026-07-23 22:45:00+00:00,163.8179931640625,163.85000610351562,163.8159942626953,163.843994140625,0.0
2026-07-23 23:00:00+00:00,163.83599853515625,163.8509979248047,163.8260040283203,163.82699584960938,0.0
2026-07-23 23:15:00+00:00,163.82699584960938,163.83900451660156,163.8070068359375,163.80999755859375,0.0
2026-07-23 23:30:00+00:00,163.80999755859375,163.8350067138672,163.7969970703125,163.82899475097656,0.0
2026-07-23 23:45:00+00:00,163.82899475097656,163.8699951171875,163.8159942626953,163.83599853515625,0.0
2026-07-24 00:00:00+00:00,163.83200073242188,163.9080047607422,163.78900146484375,163.8520050048828,0.0
2026-07-24 00:15:00+00:00,163.8509979248047,163.89700317382812,163.8249969482422,163.85499572753906,0.0
2026-07-24 00:30:00+00:00,163.85800170898438,163.92599487304688,163.83599853515625,163.91900634765625,0.0
2026-07-24 00:45:00+00:00,163.92100524902344,163.94000244140625,163.8090057373047,163.8179931640625,0.0
2026-07-24 01:00:00+00:00,163.81199645996094,163.86199951171875,163.79800415039062,163.8419952392578,0.0
2026-07-24 01:15:00+00:00,163.84500122070312,163.85499572753906,163.7740020751953,163.8350067138672,0.0
2026-07-24 01:30:00+00:00,163.83599853515625,163.84800720214844,163.71800231933594,163.73699951171875,0.0
2026-07-24 01:45:00+00:00,163.73199462890625,163.78199768066406,163.7270050048828,163.7689971923828,0.0
2026-07-24 02:00:00+00:00,163.77200317382812,163.80799865722656,163.75599670410156,163.77000427246094,0.0
2026-07-24 02:15:00+00:00,163.77000427246094,163.78700256347656,163.7429962158203,163.77000427246094,0.0
2026-07-24 02:30:00+00:00,163.7790069580078,163.78199768066406,163.7220001220703,163.7570037841797,0.0
2026-07-24 02:45:00+00:00,163.7570037841797,163.78500366210938,163.74600219726562,163.77000427246094,0.0
2026-07-24 03:00:00+00:00,163.77099609375,163.82699584960938,163.76400756835938,163.81399536132812,0.0
2026-07-24 03:15:00+00:00,163.81399536132812,163.86700439453125,163.81100463867188,163.85400390625,0.0
2026-07-24 03:30:00+00:00,163.85299682617188,163.86099243164062,163.80499267578125,163.81100463867188,0.0
2026-07-24 03:45:00+00:00,163.81100463867188,163.82699584960938,163.78700256347656,163.80299377441406,0.0
2026-07-24 04:00:00+00:00,163.8040008544922,163.82000732421875,163.7740020751953,163.8090057373047,0.0
2026-07-24 04:15:00+00:00,163.802001953125,163.83599853515625,163.802001953125,163.8280029296875,0.0
2026-07-24 04:30:00+00:00,163.8280029296875,163.84300231933594,163.8070068359375,163.83200073242188,0.0
2026-07-24 04:45:00+00:00,163.8249969482422,163.8470001220703,163.81900024414062,163.8280029296875,0.0
2026-07-24 05:00:00+00:00,163.8209991455078,163.83200073242188,163.7969970703125,163.81399536132812,0.0
2026-07-24 05:15:00+00:00,163.81100463867188,163.8280029296875,163.7949981689453,163.8040008544922,0.0
2026-07-24 05:30:00+00:00,163.8000030517578,163.8249969482422,163.7899932861328,163.81199645996094,0.0
2026-07-24 05:45:00+00:00,163.81300354003906,163.8470001220703,163.7969970703125,163.8419952392578,0.0
2026-07-24 06:00:00+00:00,163.83299255371094,163.84800720214844,163.77000427246094,163.80299377441406,0.0
2026-07-24 06:15:00+00:00,163.7989959716797,163.8090057373047,163.75999450683594,163.781005859375,0.0
2026-07-24 06:30:00+00:00,163.781005859375,163.80599975585938,163.76800537109375,163.7729949951172,0.0
2026-07-24 06:45:00+00:00,163.7790069580078,163.7969970703125,163.75799560546875,163.75900268554688,0.0
2026-07-24 07:00:00+00:00,163.75999450683594,163.7790069580078,163.6439971923828,163.68600463867188,0.0
2026-07-24 07:15:00+00:00,163.6909942626953,163.7550048828125,163.68299865722656,163.68699645996094,0.0
2026-07-24 07:30:00+00:00,163.69200134277344,163.7949981689453,163.65699768066406,163.76100158691406,0.0
2026-07-24 07:45:00+00:00,163.76499938964844,163.802001953125,163.7519989013672,163.76100158691406,0.0
2026-07-24 08:00:00+00:00,163.75999450683594,163.81199645996094,163.7480010986328,163.76400756835938,0.0
2026-07-24 08:15:00+00:00,163.76100158691406,163.79299926757812,163.72900390625,163.72900390625,0.0
2026-07-24 08:30:00+00:00,163.73399353027344,163.78700256347656,163.71800231933594,163.77000427246094,0.0
2026-07-24 08:45:00+00:00,163.77000427246094,163.8040008544922,163.7169952392578,163.7259979248047,0.0
2026-07-24 09:00:00+00:00,163.7239990234375,163.76600646972656,163.7239990234375,163.72900390625,0.0
2026-07-24 09:15:00+00:00,163.72999572753906,163.7519989013672,163.7220001220703,163.74200439453125,0.0
2026-07-24 09:30:00+00:00,163.73800659179688,163.76199340820312,163.71800231933594,163.72799682617188,0.0
2026-07-24 09:45:00+00:00,163.72799682617188,163.7449951171875,163.67799377441406,163.68299865722656,0.0
2026-07-24 10:00:00+00:00,163.68899536132812,163.73500061035156,163.66900634765625,163.72500610351562,0.0
2026-07-24 10:15:00+00:00,163.7209930419922,163.72999572753906,163.6999969482422,163.7209930419922,0.0
2026-07-24 10:30:00+00:00,163.7220001220703,163.76100158691406,163.6999969482422,163.74899291992188,0.0
2026-07-24 10:45:00+00:00,163.75399780273438,163.80599975585938,163.74899291992188,163.78799438476562,0.0
2026-07-24 11:00:00+00:00,163.78599548339844,163.8000030517578,163.75399780273438,163.75900268554688,0.0
2026-07-24 11:15:00+00:00,163.76600646972656,163.78700256347656,163.75399780273438,163.7790069580078,0.0
2026-07-24 11:30:00+00:00,163.78199768066406,163.802001953125,163.75399780273438,163.80099487304688,0.0
2026-07-24 11:45:00+00:00,163.79100036621094,163.83999633789062,163.7760009765625,163.79600524902344,0.0
2026-07-24 12:00:00+00:00,163.802001953125,163.83200073242188,163.79400634765625,163.79800415039062,0.0
2026-07-24 12:15:00+00:00,163.7969970703125,163.83999633789062,163.79299926757812,163.82899475097656,0.0
2026-07-24 12:30:00+00:00,163.82699584960938,163.8459930419922,163.79600524902344,163.82699584960938,0.0
2026-07-24 12:45:00+00:00,163.822998046875,163.86399841308594,163.81900024414062,163.8459930419922,0.0
2026-07-24 13:00:00+00:00,163.84800720214844,163.8800048828125,163.83299255371094,163.83900451660156,0.0
2026-07-24 13:15:00+00:00,163.83900451660156,163.87399291992188,163.8350067138672,163.86099243164062,0.0
2026-07-24 13:30:00+00:00,163.86099243164062,163.8719940185547,163.81700134277344,163.83200073242188,0.0
2026-07-24 13:45:00+00:00,163.8419952392578,163.86300659179688,163.7729949951172,163.7790069580078,0.0
2026-07-24 14:00:00+00:00,163.77699279785156,163.83599853515625,163.7519989013672,163.8280029296875,0.0
2026-07-24 14:15:00+00:00,163.82699584960938,163.82699584960938,163.77099609375,163.78199768066406,0.0
2026-07-24 14:30:00+00:00,163.78399658203125,163.802001953125,163.75100708007812,163.76300048828125,0.0
2026-07-24 14:45:00+00:00,163.76400756835938,163.77200317382812,163.68800354003906,163.75399780273438,0.0
2026-07-24 15:00:00+00:00,163.7550048828125,163.7729949951172,163.6580047607422,163.677001953125,0.0
2026-07-24 15:15:00+00:00,163.67599487304688,163.70700073242188,163.63600158691406,163.6929931640625,0.0
2026-07-24 15:30:00+00:00,163.68899536132812,163.75100708007812,163.6790008544922,163.72999572753906,0.0
2026-07-24 15:45:00+00:00,163.72500610351562,163.74000549316406,163.70199584960938,163.70399475097656,0.0
2026-07-24 16:00:00+00:00,163.71099853515625,163.7449951171875,163.70199584960938,163.70799255371094,0.0
2026-07-24 16:15:00+00:00,163.7050018310547,163.73500061035156,163.697998046875,163.72500610351562,0.0
2026-07-24 16:30:00+00:00,163.72000122070312,163.75900268554688,163.7100067138672,163.75,0.0
2026-07-24 16:45:00+00:00,163.7449951171875,163.77999877929688,163.74200439453125,163.7779998779297,0.0
2026-07-24 17:00:00+00:00,163.7790069580078,163.82400512695312,163.76800537109375,163.81500244140625,0.0
2026-07-24 17:15:00+00:00,163.81199645996094,163.83099365234375,163.7969970703125,163.81100463867188,0.0
2026-07-24 17:30:00+00:00,163.80499267578125,163.83900451660156,163.8040008544922,163.82200622558594,0.0
2026-07-24 17:45:00+00:00,163.8209991455078,163.83799743652344,163.80599975585938,163.81300354003906,0.0
2026-07-24 18:00:00+00:00,163.8070068359375,163.8280029296875,163.80499267578125,163.81399536132812,0.0
2026-07-24 18:15:00+00:00,163.8090057373047,163.83900451660156,163.79200744628906,163.83700561523438,0.0
2026-07-24 18:30:00+00:00,163.83399963378906,163.8560028076172,163.8209991455078,163.84100341796875,0.0
2026-07-24 18:45:00+00:00,163.8350067138672,163.84800720214844,163.82200622558594,163.83599853515625,0.0
2026-07-24 19:00:00+00:00,163.8419952392578,163.84300231933594,163.80299377441406,163.82400512695312,0.0
2026-07-24 19:15:00+00:00,163.8249969482422,163.85299682617188,163.82200622558594,163.84500122070312,0.0
2026-07-24 19:30:00+00:00,163.84500122070312,163.85400390625,163.80999755859375,163.82200622558594,0.0
2026-07-24 19:45:00+00:00,163.82200622558594,163.8520050048828,163.82000732421875,163.84800720214844,0.0
2026-07-24 20:00:00+00:00,163.8470001220703,163.86000061035156,163.83399963378906,163.85000610351562,0.0
2026-07-24 20:15:00+00:00,163.8509979248047,163.86500549316406,163.84500122070312,163.85400390625,0.0
2026-07-24 20:30:00+00:00,163.85499572753906,163.86700439453125,163.843994140625,163.8459930419922,0.0
2026-07-24 20:45:00+00:00,163.8470001220703,163.8699951171875,163.79100036621094,163.79100036621094,0.0
2026-07-26 23:00:00+00:00,163.69000244140625,163.6999969482422,163.6649932861328,163.677001953125,0.0
2026-07-26 23:15:00+00:00,163.67599487304688,163.68899536132812,163.66099548339844,163.6840057373047,0.0
2026-07-26 23:30:00+00:00,163.6739959716797,163.68699645996094,163.63800048828125,163.6540069580078,0.0
2026-07-26 23:45:00+00:00,163.6540069580078,163.66600036621094,163.6020050048828,163.61099243164062,0.0
2026-07-27 00:00:00+00:00,163.61599731445312,163.6219940185547,163.5290069580078,163.52999877929688,0.0
2026-07-27 00:15:00+00:00,163.52999877929688,163.5959930419922,163.52000427246094,163.53199768066406,0.0
2026-07-27 00:30:00+00:00,163.54100036621094,163.59300231933594,163.51300048828125,163.56500244140625,0.0
2026-07-27 00:45:00+00:00,163.5679931640625,163.65499877929688,163.55499267578125,163.62899780273438,0.0
2026-07-27 01:00:00+00:00,163.6269989013672,163.63800048828125,163.55499267578125,163.55799865722656,0.0
2026-07-27 01:15:00+00:00,163.55799865722656,163.58299255371094,163.53900146484375,163.5590057373047,0.0
2026-07-27 01:30:00+00:00,163.55999755859375,163.5780029296875,163.52499389648438,163.54600524902344,0.0
2026-07-27 01:45:00+00:00,163.54800415039062,163.56199645996094,163.4720001220703,163.4720001220703,0.0
2026-07-27 02:00:00+00:00,163.47300720214844,163.5500030517578,163.44900512695312,163.54800415039062,0.0
2026-07-27 02:15:00+00:00,163.54299926757812,163.55299377441406,163.50999450683594,163.51699829101562,0.0
2026-07-27 02:30:00+00:00,163.51600646972656,163.5469970703125,163.4949951171875,163.5260009765625,0.0
2026-07-27 02:45:00+00:00,163.5260009765625,163.58200073242188,163.52000427246094,163.57000732421875,0.0
2026-07-27 03:00:00+00:00,163.57000732421875,163.59500122070312,163.5469970703125,163.58399963378906,0.0
2026-07-27 03:15:00+00:00,163.58299255371094,163.60400390625,163.56700134277344,163.58599853515625,0.0
2026-07-27 03:30:00+00:00,163.58299255371094,163.61399841308594,163.58099365234375,163.593994140625,0.0
2026-07-27 03:45:00+00:00,163.593994140625,163.6009979248047,163.5590057373047,163.572998046875,0.0
2026-07-27 04:00:00+00:00,163.5709991455078,163.57899475097656,163.54400634765625,163.5570068359375,0.0
2026-07-27 04:15:00+00:00,163.5540008544922,163.58599853515625,163.54400634765625,163.572998046875,0.0
2026-07-27 04:30:00+00:00,163.57200622558594,163.59100341796875,163.56700134277344,163.58599853515625,0.0
2026-07-27 04:45:00+00:00,163.58599853515625,163.59800720214844,163.5679931640625,163.57200622558594,0.0
2026-07-27 05:00:00+00:00,163.572998046875,163.59800720214844,163.55599975585938,163.55799865722656,0.0
2026-07-27 05:15:00+00:00,163.55799865722656,163.58799743652344,163.55799865722656,163.56100463867188,0.0
2026-07-27 05:30:00+00:00,163.56100463867188,163.5959930419922,163.55299377441406,163.58799743652344,0.0
2026-07-27 05:45:00+00:00,163.58799743652344,163.60699462890625,163.57699584960938,163.58399963378906,0.0
2026-07-27 06:00:00+00:00,163.58399963378906,163.60400390625,163.52499389648438,163.52499389648438,0.0
2026-07-27 06:15:00+00:00,163.52699279785156,163.5659942626953,163.51800537109375,163.56199645996094,0.0
2026-07-27 06:30:00+00:00,163.5590057373047,163.59100341796875,163.51499938964844,163.52699279785156,0.0
2026-07-27 06:45:00+00:00,163.52099609375,163.55099487304688,163.5030059814453,163.5070037841797,0.0
2026-07-27 07:00:00+00:00,163.51499938964844,163.53799438476562,163.46600341796875,163.47300720214844,0.0
2026-07-27 07:15:00+00:00,163.46499633789062,163.5,163.3209991455078,163.33200073242188,0.0
2026-07-27 07:30:00+00:00,163.3260040283203,163.47300720214844,163.32400512695312,163.4550018310547,0.0
2026-07-27 07:45:00+00:00,163.45799255371094,163.5279998779297,163.4340057373047,163.52099609375,0.0
2026-07-27 08:00:00+00:00,163.52000427246094,163.5399932861328,163.48699951171875,163.5229949951172,0.0
2026-07-27 08:15:00+00:00,163.52000427246094,163.552001953125,163.51300048828125,163.5399932861328,0.0
2026-07-27 08:30:00+00:00,163.53599548339844,163.5570068359375,163.49600219726562,163.52200317382812,0.0
2026-07-27 08:45:00+00:00,163.51600646972656,163.5449981689453,163.50100708007812,163.52000427246094,0.0
2026-07-27 09:00:00+00:00,163.51600646972656,163.5780029296875,163.49000549316406,163.572998046875,0.0
2026-07-27 09:15:00+00:00,163.57000732421875,163.60699462890625,163.5290069580078,163.57200622558594,0.0
2026-07-27 09:30:00+00:00,163.5679931640625,163.58900451660156,163.5449981689453,163.5489959716797,0.0
2026-07-27 09:45:00+00:00,163.5449981689453,163.57699584960938,163.4980010986328,163.52499389648438,0.0
2026-07-27 10:00:00+00:00,163.52499389648438,163.5989990234375,163.52499389648438,163.5570068359375,0.0
2026-07-27 10:15:00+00:00,163.5590057373047,163.56399536132812,163.52699279785156,163.552001953125,0.0
2026-07-27 10:30:00+00:00,163.54100036621094,163.5749969482422,163.53900146484375,163.5500030517578,0.0
2026-07-27 10:45:00+00:00,163.55099487304688,163.60000610351562,163.55099487304688,163.5919952392578,0.0
2026-07-27 11:00:00+00:00,163.5850067138672,163.64500427246094,163.58200073242188,163.62399291992188,0.0
2026-07-27 11:15:00+00:00,163.625,163.64100646972656,163.6060028076172,163.64100646972656,0.0
2026-07-27 11:30:00+00:00,163.63699340820312,163.6490020751953,163.57699584960938,163.59500122070312,0.0
2026-07-27 11:45:00+00:00,163.59500122070312,163.6510009765625,163.5919952392578,163.63999938964844,0.0
2026-07-27 12:00:00+00:00,163.63999938964844,163.68699645996094,163.6199951171875,163.6750030517578,0.0
2026-07-27 12:15:00+00:00,163.6719970703125,163.68800354003906,163.64500427246094,163.66200256347656,0.0
2026-07-27 12:30:00+00:00,163.66799926757812,163.70599365234375,163.64700317382812,163.68499755859375,0.0
2026-07-27 12:45:00+00:00,163.6820068359375,163.69700622558594,163.66200256347656,163.68600463867188,0.0
2026-07-27 13:00:00+00:00,163.68600463867188,163.69900512695312,163.64700317382812,163.66400146484375,0.0
2026-07-27 13:15:00+00:00,163.66200256347656,163.7220001220703,163.6490020751953,163.70199584960938,0.0
2026-07-27 13:30:00+00:00,163.70799255371094,163.7259979248047,163.6750030517578,163.6959991455078,0.0
2026-07-27 13:45:00+00:00,163.69900512695312,163.75900268554688,163.69200134277344,163.7429962158203,0.0
2026-07-27 14:00:00+00:00,163.74400329589844,163.76800537109375,163.7050018310547,163.71800231933594,0.0
2026-07-27 14:15:00+00:00,163.71800231933594,163.76199340820312,163.71800231933594,163.7550048828125,0.0
2026-07-27 14:30:00+00:00,163.7550048828125,163.76800537109375,163.71499633789062,163.74899291992188,0.0
2026-07-27 14:45:00+00:00,163.7469940185547,163.76199340820312,163.68800354003906,163.697998046875,0.0
2026-07-27 15:00:00+00:00,163.70199584960938,163.7239990234375,163.67799377441406,163.70399475097656,0.0
2026-07-27 15:15:00+00:00,163.70399475097656,163.70899963378906,163.65199279785156,163.66200256347656,0.0
2026-07-27 15:30:00+00:00,163.66200256347656,163.69900512695312,163.66099548339844,163.6739959716797,0.0
2026-07-27 15:45:00+00:00,163.66799926757812,163.71400451660156,163.66299438476562,163.70899963378906,0.0
2026-07-27 16:00:00+00:00,163.70899963378906,163.71499633789062,163.68600463867188,163.697998046875,0.0
2026-07-27 16:15:00+00:00,163.69200134277344,163.69900512695312,163.60800170898438,163.625,0.0
2026-07-27 16:30:00+00:00,163.6219940185547,163.6269989013672,163.57899475097656,163.61599731445312,0.0
2026-07-27 16:45:00+00:00,163.6230010986328,163.66099548339844,163.61500549316406,163.6490020751953,0.0
2026-07-27 17:00:00+00:00,163.65199279785156,163.7010040283203,163.64599609375,163.69200134277344,0.0
2026-07-27 17:15:00+00:00,163.69500732421875,163.71499633789062,163.68899536132812,163.70599365234375,0.0
2026-07-27 17:30:00+00:00,163.70399475097656,163.7239990234375,163.69000244140625,163.7220001220703,0.0
2026-07-27 17:45:00+00:00,163.72300720214844,163.73500061035156,163.7050018310547,163.72300720214844,0.0
2026-07-27 18:00:00+00:00,163.72300720214844,163.72900390625,163.6909942626953,163.70199584960938,0.0
2026-07-27 18:15:00+00:00,163.7030029296875,163.74099731445312,163.6999969482422,163.7270050048828,0.0
2026-07-27 18:30:00+00:00,163.72799682617188,163.7429962158203,163.6840057373047,163.72799682617188,0.0
2026-07-27 18:45:00+00:00,163.72799682617188,163.7899932861328,163.7259979248047,163.7760009765625,0.0
2026-07-27 19:00:00+00:00,163.7760009765625,163.7760009765625,163.74000549316406,163.75,0.0
2026-07-27 19:15:00+00:00,163.75,163.75399780273438,163.7239990234375,163.7259979248047,0.0
2026-07-27 19:30:00+00:00,163.7259979248047,163.7270050048828,163.6909942626953,163.6999969482422,0.0
2026-07-27 19:45:00+00:00,163.6999969482422,163.73399353027344,163.6959991455078,163.73300170898438,0.0
2026-07-27 20:00:00+00:00,163.73399353027344,163.74400329589844,163.7270050048828,163.74200439453125,0.0
2026-07-27 20:15:00+00:00,163.73800659179688,163.7429962158203,163.72300720214844,163.73800659179688,0.0
2026-07-27 20:30:00+00:00,163.73699951171875,163.7689971923828,163.73300170898438,163.75999450683594,0.0
2026-07-27 20:45:00+00:00,163.75999450683594,163.7689971923828,163.71800231933594,163.7449951171875,0.0
2026-07-27 21:00:00+00:00,163.67300415039062,163.68499755859375,163.6540069580078,163.67300415039062,0.0
2026-07-27 21:15:00+00:00,163.67999267578125,163.6909942626953,163.6719970703125,163.68099975585938,0.0
2026-07-27 21:30:00+00:00,163.68699645996094,163.718994140625,163.67599487304688,163.7169952392578,0.0
2026-07-27 21:45:00+00:00,163.7050018310547,163.71400451660156,163.6790008544922,163.71299743652344,0.0
2026-07-27 22:00:00+00:00,163.71200561523438,163.76199340820312,163.6929931640625,163.74600219726562,0.0
2026-07-27 22:15:00+00:00,163.73199462890625,163.75999450683594,163.72799682617188,163.7429962158203,0.0
2026-07-27 22:30:00+00:00,163.75399780273438,163.75900268554688,163.72799682617188,163.73399353027344,0.0
2026-07-27 22:45:00+00:00,163.74200439453125,163.7519989013672,163.73399353027344,163.74000549316406,0.0
2026-07-27 23:00:00+00:00,163.74000549316406,163.74899291992188,163.7100067138672,163.7220001220703,0.0
2026-07-27 23:15:00+00:00,163.71600341796875,163.73899841308594,163.71400451660156,163.72900390625,0.0
2026-07-27 23:30:00+00:00,163.72500610351562,163.76400756835938,163.72300720214844,163.74400329589844,0.0
2026-07-27 23:45:00+00:00,163.74000549316406,163.78599548339844,163.72799682617188,163.77099609375,0.0
2026-07-28 00:00:00+00:00,163.77099609375,163.84300231933594,163.7689971923828,163.8159942626953,0.0
2026-07-28 00:15:00+00:00,163.8090057373047,163.8209991455078,163.7519989013672,163.77999877929688,0.0
2026-07-28 00:30:00+00:00,163.77999877929688,163.79100036621094,163.7530059814453,163.76699829101562,0.0
2026-07-28 00:45:00+00:00,163.76800537109375,163.82200622558594,163.7310028076172,163.73800659179688,0.0
2026-07-28 01:00:00+00:00,163.7449951171875,163.76100158691406,163.70799255371094,163.7469940185547,0.0
2026-07-28 01:15:00+00:00,163.7469940185547,163.76800537109375,163.72999572753906,163.7480010986328,0.0
2026-07-28 01:30:00+00:00,163.74099731445312,163.7779998779297,163.73199462890625,163.75599670410156,0.0
2026-07-28 01:45:00+00:00,163.7550048828125,163.79200744628906,163.74400329589844,163.76800537109375,0.0
2026-07-28 02:00:00+00:00,163.75900268554688,163.79200744628906,163.75599670410156,163.77999877929688,0.0
2026-07-28 02:15:00+00:00,163.7790069580078,163.78199768066406,163.73300170898438,163.75599670410156,0.0
2026-07-28 02:30:00+00:00,163.7480010986328,163.77000427246094,163.73199462890625,163.73599243164062,0.0
2026-07-28 02:45:00+00:00,163.73599243164062,163.75,163.66900634765625,163.70799255371094,0.0
2026-07-28 03:00:00+00:00,163.70700073242188,163.74099731445312,163.6929931640625,163.73300170898438,0.0
2026-07-28 03:15:00+00:00,163.73599243164062,163.74200439453125,163.71299743652344,163.71600341796875,0.0
2026-07-28 03:30:00+00:00,163.71800231933594,163.76400756835938,163.70599365234375,163.75799560546875,0.0
2026-07-28 03:45:00+00:00,163.75799560546875,163.7689971923828,163.7449951171875,163.75599670410156,0.0
2026-07-28 04:00:00+00:00,163.75599670410156,163.7760009765625,163.75,163.76400756835938,0.0
2026-07-28 04:15:00+00:00,163.76400756835938,163.7779998779297,163.7519989013672,163.76800537109375,0.0
2026-07-28 04:30:00+00:00,163.76699829101562,163.7760009765625,163.74400329589844,163.7530059814453,0.0
2026-07-28 04:45:00+00:00,163.7530059814453,163.76600646972656,163.73899841308594,163.7449951171875,0.0
2026-07-28 05:00:00+00:00,163.74400329589844,163.76699829101562,163.73800659179688,163.75799560546875,0.0
2026-07-28 05:15:00+00:00,163.76199340820312,163.77200317382812,163.7209930419922,163.7270050048828,0.0
2026-07-28 05:30:00+00:00,163.7209930419922,163.7530059814453,163.7169952392578,163.74400329589844,0.0
2026-07-28 05:45:00+00:00,163.74600219726562,163.76499938964844,163.7169952392578,163.73300170898438,0.0
2026-07-28 06:00:00+00:00,163.73300170898438,163.74200439453125,163.68499755859375,163.69000244140625,0.0
2026-07-28 06:15:00+00:00,163.68800354003906,163.72799682617188,163.6739959716797,163.6909942626953,0.0
2026-07-28 06:30:00+00:00,163.6909942626953,163.71600341796875,163.66200256347656,163.68899536132812,0.0
2026-07-28 06:45:00+00:00,163.68800354003906,163.71099853515625,163.66400146484375,163.70899963378906,0.0
2026-07-28 07:00:00+00:00,163.70399475097656,163.75100708007812,163.70399475097656,163.74000549316406,0.0
2026-07-28 07:15:00+00:00,163.72900390625,163.76699829101562,163.7169952392578,163.7519989013672,0.0
2026-07-28 07:30:00+00:00,163.75900268554688,163.7740020751953,163.74000549316406,163.76300048828125,0.0
2026-07-28 07:45:00+00:00,163.76300048828125,163.79400634765625,163.76300048828125,163.78399658203125,0.0
2026-07-28 08:00:00+00:00,163.7790069580078,163.7949981689453,163.75399780273438,163.79299926757812,0.0
2026-07-28 08:15:00+00:00,163.78799438476562,163.843994140625,163.781005859375,163.8350067138672,0.0
2026-07-28 08:30:00+00:00,163.8350067138672,163.85299682617188,163.81700134277344,163.8350067138672,0.0
2026-07-28 08:45:00+00:00,163.83599853515625,163.83999633789062,163.80499267578125,163.81900024414062,0.0
2026-07-28 09:00:00+00:00,163.8209991455078,163.83099365234375,163.8040008544922,163.8159942626953,0.0
2026-07-28 09:15:00+00:00,163.81900024414062,163.83099365234375,163.8040008544922,163.8280029296875,0.0
2026-07-28 09:30:00+00:00,163.82699584960938,163.85499572753906,163.822998046875,163.83700561523438,0.0
2026-07-28 09:45:00+00:00,163.8350067138672,163.88900756835938,163.83200073242188,163.87399291992188,0.0
2026-07-28 10:00:00+00:00,163.875,163.9010009765625,163.85899353027344,163.88600158691406,0.0
2026-07-28 10:15:00+00:00,163.89500427246094,163.93600463867188,163.88600158691406,163.92999267578125,0.0
2026-07-28 10:30:00+00:00,163.92300415039062,163.9429931640625,163.9040069580078,163.93899536132812,0.0
2026-07-28 10:45:00+00:00,163.93899536132812,163.94900512695312,163.91700744628906,163.9320068359375,0.0
2026-07-28 11:00:00+00:00,163.93099975585938,163.93800354003906,163.91299438476562,163.92799377441406,0.0
2026-07-28 11:15:00+00:00,163.9320068359375,163.93699645996094,163.89999389648438,163.9219970703125,0.0
2026-07-28 11:30:00+00:00,163.91600036621094,163.93099975585938,163.89999389648438,163.92799377441406,0.0
2026-07-28 11:45:00+00:00,163.92599487304688,163.93800354003906,163.91400146484375,163.927001953125,0.0
2026-07-28 12:00:00+00:00,163.927001953125,163.9340057373047,163.906005859375,163.91700744628906,0.0
2026-07-28 12:15:00+00:00,163.91700744628906,163.92599487304688,163.8730010986328,163.89199829101562,0.0
2026-07-28 12:30:00+00:00,163.88499450683594,163.9040069580078,163.8730010986328,163.88400268554688,0.0
2026-07-28 12:45:00+00:00,163.88299560546875,163.88600158691406,163.83700561523438,163.8719940185547,0.0
2026-07-28 13:00:00+00:00,163.875,163.88499450683594,163.84800720214844,163.8679962158203,0.0
2026-07-28 13:15:00+00:00,163.8699951171875,163.875,163.83399963378906,163.86500549316406,0.0
2026-07-28 13:30:00+00:00,163.8699951171875,163.87899780273438,163.83999633789062,163.84800720214844,0.0
2026-07-28 13:45:00+00:00,163.8470001220703,163.86000061035156,163.81199645996094,163.8179931640625,0.0
2026-07-28 14:00:00+00:00,163.82699584960938,163.86099243164062,163.81199645996094,163.8560028076172,0.0
2026-07-28 14:15:00+00:00,163.85400390625,163.86099243164062,163.8260040283203,163.84300231933594,0.0
2026-07-28 14:30:00+00:00,163.84300231933594,163.85699462890625,163.8260040283203,163.84800720214844,0.0
2026-07-28 14:45:00+00:00,163.84500122070312,163.8820037841797,163.84500122070312,163.86300659179688,0.0
2026-07-28 15:00:00+00:00,163.86300659179688,163.86599731445312,163.73199462890625,163.7469940185547,0.0
2026-07-28 15:15:00+00:00,163.74600219726562,163.75900268554688,163.63800048828125,163.69400024414062,0.0
2026-07-28 15:30:00+00:00,163.68800354003906,163.71299743652344,163.6490020751953,163.66400146484375,0.0
2026-07-28 15:45:00+00:00,163.66400146484375,163.71200561523438,163.64300537109375,163.6510009765625,0.0
2026-07-28 16:00:00+00:00,163.64999389648438,163.69700622558594,163.63800048828125,163.6699981689453,0.0
2026-07-28 16:15:00+00:00,163.66799926757812,163.68800354003906,163.65199279785156,163.67799377441406,0.0
2026-07-28 16:30:00+00:00,163.67300415039062,163.70700073242188,163.66400146484375,163.69900512695312,0.0
2026-07-28 16:45:00+00:00,163.6999969482422,163.7480010986328,163.697998046875,163.73699951171875,0.0
2026-07-28 17:00:00+00:00,163.73699951171875,163.7530059814453,163.71200561523438,163.74899291992188,0.0
2026-07-28 17:15:00+00:00,163.74400329589844,163.77999877929688,163.71800231933594,163.7689971923828,0.0
2026-07-28 17:30:00+00:00,163.7689971923828,163.78900146484375,163.7570037841797,163.781005859375,0.0
2026-07-28 17:45:00+00:00,163.781005859375,163.81500244140625,163.7689971923828,163.8000030517578,0.0
2026-07-28 18:00:00+00:00,163.79800415039062,163.8159942626953,163.76499938964844,163.79200744628906,0.0
2026-07-28 18:15:00+00:00,163.78799438476562,163.82000732421875,163.77099609375,163.81500244140625,0.0
2026-07-28 18:30:00+00:00,163.8159942626953,163.83299255371094,163.8070068359375,163.83099365234375,0.0
2026-07-28 18:45:00+00:00,163.82899475097656,163.86099243164062,163.822998046875,163.8560028076172,0.0
2026-07-28 19:00:00+00:00,163.85299682617188,163.87100219726562,163.82000732421875,163.8520050048828,0.0
2026-07-28 19:15:00+00:00,163.8489990234375,163.85299682617188,163.822998046875,163.8470001220703,0.0
2026-07-28 19:30:00+00:00,163.84300231933594,163.8509979248047,163.8209991455078,163.83700561523438,0.0
2026-07-28 19:45:00+00:00,163.83399963378906,163.86099243164062,163.82200622558594,163.85499572753906,0.0
2026-07-28 20:00:00+00:00,163.85400390625,163.8769989013672,163.84300231933594,163.843994140625,0.0
2026-07-28 20:15:00+00:00,163.8459930419922,163.8679962158203,163.83599853515625,163.86099243164062,0.0
2026-07-28 20:30:00+00:00,163.86000061035156,163.88900756835938,163.8509979248047,163.8509979248047,0.0
2026-07-28 20:45:00+00:00,163.8509979248047,163.8679962158203,163.80799865722656,163.81100463867188,0.0
2026-07-28 21:00:00+00:00,163.781005859375,163.83999633789062,163.64999389648438,163.83900451660156,0.0
2026-07-28 21:15:00+00:00,163.82699584960938,163.83700561523438,163.75599670410156,163.78900146484375,0.0
2026-07-28 21:30:00+00:00,163.75799560546875,163.80999755859375,163.75100708007812,163.76400756835938,0.0
2026-07-28 21:45:00+00:00,163.75100708007812,163.81900024414062,163.7429962158203,163.79400634765625,0.0
2026-07-28 22:00:00+00:00,163.7790069580078,163.83900451660156,163.7689971923828,163.83200073242188,0.0
2026-07-28 22:15:00+00:00,163.83299255371094,163.88999938964844,163.8260040283203,163.84800720214844,0.0
2026-07-28 22:30:00+00:00,163.83900451660156,163.86900329589844,163.83599853515625,163.86700439453125,0.0
2026-07-28 22:45:00+00:00,163.85299682617188,163.8719940185547,163.83799743652344,163.8419952392578,0.0
2026-07-28 23:00:00+00:00,163.8489990234375,163.86599731445312,163.83700561523438,163.85000610351562,0.0
2026-07-28 23:15:00+00:00,163.8470001220703,163.8719940185547,163.8459930419922,163.86000061035156,0.0
2026-07-28 23:30:00+00:00,163.85299682617188,163.8699951171875,163.84800720214844,163.85000610351562,0.0
2026-07-28 23:45:00+00:00,163.85400390625,163.87399291992188,163.843994140625,163.85899353027344,0.0
2026-07-29 00:00:00+00:00,163.85899353027344,163.88299560546875,163.84300231933594,163.8679962158203,0.0
2026-07-29 00:15:00+00:00,163.8679962158203,163.87899780273438,163.7899932861328,163.7989959716797,0.0
2026-07-29 00:30:00+00:00,163.79800415039062,163.8179931640625,163.7550048828125,163.76699829101562,0.0
2026-07-29 00:45:00+00:00,163.76600646972656,163.77699279785156,163.66200256347656,163.69500732421875,0.0
2026-07-29 01:00:00+00:00,163.7050018310547,163.74099731445312,163.677001953125,163.72799682617188,0.0
2026-07-29 01:15:00+00:00,163.7270050048828,163.76300048828125,163.7030029296875,163.73599243164062,0.0
2026-07-29 01:30:00+00:00,163.73599243164062,163.77999877929688,163.72000122070312,163.7689971923828,0.0
2026-07-29 01:45:00+00:00,163.76199340820312,163.7729949951172,163.69700622558594,163.71299743652344,0.0
2026-07-29 02:00:00+00:00,163.718994140625,163.7530059814453,163.68699645996094,163.7030029296875,0.0
2026-07-29 02:15:00+00:00,163.7030029296875,163.7270050048828,163.67599487304688,163.70199584960938,0.0
2026-07-29 02:30:00+00:00,163.6999969482422,163.71800231933594,163.6510009765625,163.6959991455078,0.0
2026-07-29 02:45:00+00:00,163.68899536132812,163.73599243164062,163.68899536132812,163.7169952392578,0.0
2026-07-29 03:00:00+00:00,163.71400451660156,163.72300720214844,163.68499755859375,163.68800354003906,0.0
2026-07-29 03:15:00+00:00,163.69400024414062,163.7010040283203,163.65699768066406,163.66900634765625,0.0
2026-07-29 03:30:00+00:00,163.66799926757812,163.68699645996094,163.6219940185547,163.63099670410156,0.0
2026-07-29 03:45:00+00:00,163.6300048828125,163.6320037841797,163.55499267578125,163.62600708007812,0.0
2026-07-29 04:00:00+00:00,163.6179962158203,163.625,163.5330047607422,163.552001953125,0.0
2026-07-29 04:15:00+00:00,163.5489959716797,163.56399536132812,163.4759979248047,163.50999450683594,0.0
2026-07-29 04:30:00+00:00,163.50399780273438,163.52499389648438,163.2899932861328,163.29400634765625,0.0
2026-07-29 04:45:00+00:00,163.30099487304688,163.52000427246094,163.27200317382812,163.42300415039062,0.0
2026-07-29 05:00:00+00:00,163.41799926757812,163.4550018310547,163.38999938964844,163.41600036621094,0.0
2026-07-29 05:15:00+00:00,163.41400146484375,163.4199981689453,163.33700561523438,163.3769989013672,0.0
2026-07-29 05:30:00+00:00,163.3769989013672,163.48300170898438,163.37399291992188,163.4149932861328,0.0
2026-07-29 05:45:00+00:00,163.41200256347656,163.4969940185547,163.39500427246094,163.49400329589844,0.0
2026-07-29 06:00:00+00:00,163.49400329589844,163.5709991455078,163.4459991455078,163.50999450683594,0.0
2026-07-29 06:15:00+00:00,163.5030059814453,163.56100463867188,163.4720001220703,163.5500030517578,0.0
2026-07-29 06:30:00+00:00,163.54100036621094,163.58099365234375,163.46099853515625,163.48899841308594,0.0
2026-07-29 06:45:00+00:00,163.48899841308594,163.552001953125,163.48899841308594,163.52999877929688,0.0
2026-07-29 07:00:00+00:00,163.52499389648438,163.56300354003906,163.50799560546875,163.53700256347656,0.0
2026-07-29 07:15:00+00:00,163.54299926757812,163.593994140625,163.48899841308594,163.58200073242188,0.0
2026-07-29 07:30:00+00:00,163.58200073242188,163.61000061035156,163.54600524902344,163.593994140625,0.0
2026-07-29 07:45:00+00:00,163.59500122070312,163.6929931640625,163.5800018310547,163.6790008544922,0.0
2026-07-29 08:00:00+00:00,163.67300415039062,163.69400024414062,163.64500427246094,163.64599609375,0.0
2026-07-29 08:15:00+00:00,163.64599609375,163.656005859375,163.6020050048828,163.61099243164062,0.0
2026-07-29 08:30:00+00:00,163.6020050048828,163.6439971923828,163.58099365234375,163.58900451660156,0.0
2026-07-29 08:45:00+00:00,163.58999633789062,163.60400390625,163.5500030517578,163.5780029296875,0.0
2026-07-29 09:00:00+00:00,163.57899475097656,163.6179962158203,163.53599548339844,163.5399932861328,0.0
2026-07-29 09:15:00+00:00,163.53700256347656,163.56300354003906,163.52099609375,163.5290069580078,0.0
2026-07-29 09:30:00+00:00,163.53500366210938,163.5780029296875,163.4969940185547,163.55999755859375,0.0
2026-07-29 09:45:00+00:00,163.5590057373047,163.61399841308594,163.5469970703125,163.60499572753906,0.0
2026-07-29 10:00:00+00:00,163.60699462890625,163.64599609375,163.5970001220703,163.63800048828125,0.0
2026-07-29 10:15:00+00:00,163.63499450683594,163.66900634765625,163.61300659179688,163.6529998779297,0.0
2026-07-29 10:30:00+00:00,163.65199279785156,163.6959991455078,163.63699340820312,163.67300415039062,0.0
2026-07-29 10:45:00+00:00,163.67300415039062,163.6929931640625,163.6479949951172,163.65199279785156,0.0
2026-07-29 11:00:00+00:00,163.66099548339844,163.68800354003906,163.64300537109375,163.6750030517578,0.0
2026-07-29 11:15:00+00:00,163.6750030517578,163.68600463867188,163.63600158691406,163.63800048828125,0.0
2026-07-29 11:30:00+00:00,163.63499450683594,163.67999267578125,163.63299560546875,163.66400146484375,0.0
2026-07-29 11:45:00+00:00,163.66900634765625,163.68099975585938,163.63800048828125,163.63900756835938,0.0
2026-07-29 12:00:00+00:00,163.63699340820312,163.718994140625,163.62600708007812,163.6909942626953,0.0
2026-07-29 12:15:00+00:00,163.6909942626953,163.7689971923828,163.68899536132812,163.7530059814453,0.0
2026-07-29 12:30:00+00:00,163.7530059814453,163.79299926757812,163.7310028076172,163.76499938964844,0.0
2026-07-29 12:45:00+00:00,163.77099609375,163.8209991455078,163.75900268554688,163.8000030517578,0.0
2026-07-29 13:00:00+00:00,163.79200744628906,163.81199645996094,163.76699829101562,163.76699829101562,0.0
2026-07-29 13:15:00+00:00,163.77000427246094,163.7790069580078,163.72500610351562,163.74200439453125,0.0
2026-07-29 13:30:00+00:00,163.74400329589844,163.7830047607422,163.72300720214844,163.72799682617188,0.0
2026-07-29 13:45:00+00:00,163.72900390625,163.76800537109375,163.72500610351562,163.7449951171875,0.0
2026-07-29 14:00:00+00:00,163.74400329589844,163.78599548339844,163.7310028076172,163.77999877929688,0.0
2026-07-29 14:15:00+00:00,163.7790069580078,163.79299926757812,163.74400329589844,163.7530059814453,0.0
2026-07-29 14:30:00+00:00,163.75399780273438,163.83999633789062,163.74400329589844,163.82200622558594,0.0
2026-07-29 14:45:00+00:00,163.8209991455078,163.88699340820312,163.81700134277344,163.88299560546875,0.0
2026-07-29 15:00:00+00:00,163.8820037841797,163.88800048828125,163.822998046875,163.83700561523438,0.0
2026-07-29 15:15:00+00:00,163.83299255371094,163.87399291992188,163.8249969482422,163.85000610351562,0.0
2026-07-29 15:30:00+00:00,163.8509979248047,163.86900329589844,163.83700561523438,163.8560028076172,0.0
2026-07-29 15:45:00+00:00,163.85699462890625,163.87100219726562,163.83700561523438,163.85800170898438,0.0
2026-07-29 16:00:00+00:00,163.85299682617188,163.9040069580078,163.8520050048828,163.88999938964844,0.0
2026-07-29 16:15:00+00:00,163.88800048828125,163.89700317382812,163.86099243164062,163.8769989013672,0.0
2026-07-29 16:30:00+00:00,163.875,163.89700317382812,163.85800170898438,163.8719940185547,0.0
2026-07-29 16:45:00+00:00,163.875,163.89500427246094,163.86500549316406,163.88800048828125,0.0
2026-07-29 17:00:00+00:00,163.88600158691406,163.89700317382812,163.83700561523438,163.8459930419922,0.0
2026-07-29 17:15:00+00:00,163.83700561523438,163.85499572753906,163.8179931640625,163.83900451660156,0.0
2026-07-29 17:30:00+00:00,163.83599853515625,163.8560028076172,163.80799865722656,163.8179931640625,0.0
2026-07-29 17:45:00+00:00,163.81199645996094,163.82699584960938,163.75999450683594,163.76300048828125,0.0
2026-07-29 18:00:00+00:00,163.78399658203125,163.8470001220703,163.44200134277344,163.50100708007812,0.0
2026-07-29 18:15:00+00:00,163.50399780273438,163.61300659179688,163.47300720214844,163.54600524902344,0.0
2026-07-29 18:30:00+00:00,163.54299926757812,163.656005859375,163.4320068359375,163.44000244140625,0.0
2026-07-29 18:45:00+00:00,163.4499969482422,163.45799255371094,163.30999755859375,163.31700134277344,0.0
2026-07-29 19:00:00+00:00,163.31199645996094,163.4459991455078,163.2239990234375,163.36099243164062,0.0
2026-07-29 19:15:00+00:00,163.36000061035156,163.43800354003906,163.2480010986328,163.38900756835938,0.0
2026-07-29 19:30:00+00:00,163.38800048828125,163.5030059814453,163.3820037841797,163.41200256347656,0.0
2026-07-29 19:45:00+00:00,163.4149932861328,163.5189971923828,163.40699768066406,163.50799560546875,0.0
2026-07-29 20:00:00+00:00,163.50799560546875,163.55099487304688,163.47300720214844,163.53399658203125,0.0
2026-07-29 20:15:00+00:00,163.5240020751953,163.57000732421875,163.51800537109375,163.5469970703125,0.0
2026-07-29 20:30:00+00:00,163.54100036621094,163.552001953125,163.4600067138672,163.46400451660156,0.0
2026-07-29 20:45:00+00:00,163.46800231933594,163.47500610351562,163.343994140625,163.3699951171875,0.0
2026-07-29 21:00:00+00:00,163.37600708007812,163.39599609375,163.33200073242188,163.3730010986328,0.0
2026-07-29 21:15:00+00:00,163.38299560546875,163.3939971923828,163.3489990234375,163.36399841308594,0.0
2026-07-29 21:30:00+00:00,163.3509979248047,163.41400146484375,163.33999633789062,163.35699462890625,0.0
2026-07-29 21:45:00+00:00,163.38400268554688,163.41000366210938,163.3470001220703,163.3769989013672,0.0
2026-07-29 22:00:00+00:00,163.37600708007812,163.43499755859375,163.35899353027344,163.41299438476562,0.0
2026-07-29 22:15:00+00:00,163.41299438476562,163.45399475097656,163.37899780273438,163.4320068359375,0.0
2026-07-29 22:30:00+00:00,163.4320068359375,163.4459991455078,163.3979949951172,163.4029998779297,0.0
2026-07-29 22:45:00+00:00,163.4029998779297,163.41700744628906,163.3719940185547,163.37600708007812,0.0
2026-07-29 23:00:00+00:00,163.375,163.38900756835938,163.2899932861328,163.34800720214844,0.0
2026-07-29 23:15:00+00:00,163.3489990234375,163.38800048828125,163.34800720214844,163.37100219726562,0.0
2026-07-29 23:30:00+00:00,163.36199951171875,163.38600158691406,163.35699462890625,163.3730010986328,0.0
2026-07-29 23:45:00+00:00,163.37600708007812,163.38600158691406,163.26300048828125,163.3000030517578,0.0
2026-07-30 00:00:00+00:00,163.30799865722656,163.31399536132812,163.20199584960938,163.25,0.0
2026-07-30 00:15:00+00:00,163.25399780273438,163.5019989013672,163.24400329589844,163.4949951171875,0.0
2026-07-30 00:30:00+00:00,163.48599243164062,163.51699829101562,163.43600463867188,163.44200134277344,0.0
2026-07-30 00:45:00+00:00,163.4499969482422,163.4980010986328,163.40199279785156,163.4929962158203,0.0
2026-07-30 01:00:00+00:00,163.48599243164062,163.49400329589844,163.4080047607422,163.42300415039062,0.0
2026-07-30 01:15:00+00:00,163.4290008544922,163.53500366210938,163.4250030517578,163.4810028076172,0.0
2026-07-30 01:30:00+00:00,163.48899841308594,163.4969940185547,163.40899658203125,163.4709930419922,0.0
2026-07-30 01:45:00+00:00,163.47000122070312,163.51800537109375,163.46099853515625,163.5019989013672,0.0
2026-07-30 02:00:00+00:00,163.4969940185547,163.50399780273438,163.44400024414062,163.4709930419922,0.0
2026-07-30 02:15:00+00:00,163.4709930419922,163.50599670410156,163.47000122070312,163.4929962158203,0.0
2026-07-30 02:30:00+00:00,163.48599243164062,163.4949951171875,163.45199584960938,163.468994140625,0.0
2026-07-30 02:45:00+00:00,163.47000122070312,163.49000549316406,163.45199584960938,163.48300170898438,0.0
2026-07-30 03:00:00+00:00,163.48300170898438,163.54100036621094,163.4810028076172,163.52000427246094,0.0
2026-07-30 03:15:00+00:00,163.52000427246094,163.5469970703125,163.49099731445312,163.51199340820312,0.0
2026-07-30 03:30:00+00:00,163.50999450683594,163.55299377441406,163.49899291992188,163.51199340820312,0.0
2026-07-30 03:45:00+00:00,163.50599670410156,163.51600646972656,163.49099731445312,163.49600219726562,0.0
2026-07-30 04:00:00+00:00,163.4949951171875,163.52000427246094,163.47799682617188,163.47799682617188,0.0
2026-07-30 04:15:00+00:00,163.47799682617188,163.49000549316406,163.45599365234375,163.4720001220703,0.0
2026-07-30 04:30:00+00:00,163.4720001220703,163.48699951171875,163.45599365234375,163.47300720214844,0.0
2026-07-30 04:45:00+00:00,163.47300720214844,163.51300048828125,163.47300720214844,163.48399353027344,0.0
2026-07-30 05:00:00+00:00,163.48500061035156,163.50399780273438,163.44900512695312,163.4530029296875,0.0
2026-07-30 05:15:00+00:00,163.4530029296875,163.49200439453125,163.4530029296875,163.48199462890625,0.0
2026-07-30 05:30:00+00:00,163.48800659179688,163.52099609375,163.47900390625,163.5030059814453,0.0
2026-07-30 05:45:00+00:00,163.4980010986328,163.54800415039062,163.4770050048828,163.53199768066406,0.0
2026-07-30 06:00:00+00:00,163.53199768066406,163.60499572753906,163.52699279785156,163.5989990234375,0.0
2026-07-30 06:15:00+00:00,163.593994140625,163.63400268554688,163.5780029296875,163.5919952392578,0.0
2026-07-30 06:30:00+00:00,163.5919952392578,163.62600708007812,163.5489959716797,163.572998046875,0.0
2026-07-30 06:45:00+00:00,163.5780029296875,163.6439971923828,163.55499267578125,163.63400268554688,0.0
2026-07-30 07:00:00+00:00,163.63099670410156,163.6479949951172,163.55299377441406,163.59500122070312,0.0
2026-07-30 07:15:00+00:00,163.59800720214844,163.6529998779297,163.59500122070312,163.64199829101562,0.0
2026-07-30 07:30:00+00:00,163.64199829101562,163.7030029296875,163.64100646972656,163.69500732421875,0.0
2026-07-30 07:45:00+00:00,163.7010040283203,163.73899841308594,163.69400024414062,163.73199462890625,0.0
2026-07-30 08:00:00+00:00,163.7220001220703,163.73500061035156,163.61900329589844,163.63699340820312,0.0
2026-07-30 08:15:00+00:00,163.63699340820312,163.66400146484375,163.6009979248047,163.60800170898438,0.0
2026-07-30 08:30:00+00:00,163.60699462890625,163.6529998779297,163.5989990234375,163.61599731445312,0.0
2026-07-30 08:45:00+00:00,163.61599731445312,163.66000366210938,163.6020050048828,163.6479949951172,0.0
2026-07-30 09:00:00+00:00,163.64500427246094,163.6510009765625,163.48199462890625,163.52499389648438,0.0
2026-07-30 09:15:00+00:00,163.52499389648438,163.54299926757812,163.45199584960938,163.46600341796875,0.0
2026-07-30 09:30:00+00:00,163.4669952392578,163.48599243164062,163.3780059814453,163.39199829101562,0.0
2026-07-30 09:45:00+00:00,163.39199829101562,163.41200256347656,163.27499389648438,163.30599975585938,0.0
2026-07-30 10:00:00+00:00,163.30099487304688,163.31399536132812,162.91600036621094,162.98500061035156,0.0
2026-07-30 10:15:00+00:00,162.97999572753906,162.99000549316406,162.25799560546875,162.85000610351562,0.0
2026-07-30 10:30:00+00:00,162.85000610351562,162.86900329589844,162.69700622558594,162.73599243164062,0.0
2026-07-30 10:45:00+00:00,162.73500061035156,162.85800170898438,162.68299865722656,162.81500244140625,0.0
2026-07-30 11:00:00+00:00,162.81700134277344,162.83599853515625,162.71200561523438,162.79400634765625,0.0
2026-07-30 11:15:00+00:00,162.7899932861328,162.97900390625,162.7689971923828,162.96299743652344,0.0
2026-07-30 11:30:00+00:00,162.9530029296875,163.04299926757812,162.9239959716797,162.97799682617188,0.0
2026-07-30 11:45:00+00:00,162.97799682617188,162.98500061035156,162.8699951171875,162.88699340820312,0.0
2026-07-30 12:00:00+00:00,162.88800048828125,162.947998046875,162.8470001220703,162.8769989013672,0.0
2026-07-30 12:15:00+00:00,162.8699951171875,162.93899536132812,162.86000061035156,162.8730010986328,0.0
2026-07-30 12:30:00+00:00,162.88299560546875,162.93299865722656,162.69500732421875,162.71299743652344,0.0
2026-07-30 12:45:00+00:00,162.7169952392578,162.95700073242188,162.68600463867188,162.95599365234375,0.0
2026-07-30 13:00:00+00:00,162.9510040283203,162.95899963378906,162.8419952392578,162.8719940185547,0.0
2026-07-30 13:15:00+00:00,162.8820037841797,162.90499877929688,162.70599365234375,162.77499389648438,0.0
2026-07-30 13:30:00+00:00,162.77200317382812,162.81199645996094,160.25,160.60499572753906,0.0
2026-07-30 13:45:00+00:00,160.60899353027344,161.18800354003906,159.7209930419922,159.7449951171875,0.0
2026-07-30 14:00:00+00:00,159.74000549316406,159.9550018310547,158.7449951171875,158.85800170898438,0.0
2026-07-30 14:15:00+00:00,158.86399841308594,159.36500549316406,157.92300415039062,159.23300170898438,0.0
2026-07-30 14:30:00+00:00,159.23199462890625,159.6580047607422,158.66099548339844,159.43899536132812,0.0
2026-07-30 14:45:00+00:00,159.44400024414062,159.677001953125,159.27099609375,159.2779998779297,0.0
2026-07-30 15:00:00+00:00,159.27999877929688,159.6219940185547,158.87399291992188,159.41400146484375,0.0
2026-07-30 15:15:00+00:00,159.4219970703125,159.5189971923828,159.3470001220703,159.44000244140625,0.0
2026-07-30 15:30:00+00:00,159.44000244140625,159.54600524902344,159.2760009765625,159.3040008544922,0.0
2026-07-30 15:45:00+00:00,159.3090057373047,159.48800659179688,159.2729949951172,159.4720001220703,0.0
2026-07-30 16:00:00+00:00,159.46299743652344,159.5290069580078,159.3780059814453,159.44400024414062,0.0
2026-07-30 16:15:00+00:00,159.43899536132812,159.5019989013672,159.36300659179688,159.43499755859375,0.0
2026-07-30 16:30:00+00:00,159.427001953125,159.6020050048828,159.4010009765625,159.59500122070312,0.0
2026-07-30 16:45:00+00:00,159.58799743652344,159.68899536132812,159.55999755859375,159.56199645996094,0.0
2026-07-30 17:00:00+00:00,159.57200622558594,159.69700622558594,159.5489959716797,159.66000366210938,0.0
2026-07-30 17:15:00+00:00,159.66200256347656,159.84500122070312,159.6580047607422,159.7830047607422,0.0
2026-07-30 17:30:00+00:00,159.7899932861328,159.82400512695312,158.4980010986328,158.78700256347656,0.0
2026-07-30 17:45:00+00:00,158.76600646972656,159.14199829101562,158.75100708007812,158.99600219726562,0.0
2026-07-30 18:00:00+00:00,158.9810028076172,159.0850067138672,158.83599853515625,158.8769989013672,0.0
2026-07-30 18:15:00+00:00,158.87399291992188,159.0959930419922,158.8419952392578,159.01100158691406,0.0
2026-07-30 18:30:00+00:00,159.00900268554688,159.0989990234375,158.93600463867188,159.02099609375,0.0
2026-07-30 18:45:00+00:00,159.0260009765625,159.07200622558594,158.87399291992188,158.88800048828125,0.0
2026-07-30 19:00:00+00:00,158.8820037841797,159.20899963378906,158.8820037841797,159.1750030517578,0.0
2026-07-30 19:15:00+00:00,159.1739959716797,159.33200073242188,159.16799926757812,159.30499267578125,0.0
2026-07-30 19:30:00+00:00,159.30499267578125,159.43099975585938,159.2989959716797,159.38999938964844,0.0
2026-07-30 19:45:00+00:00,159.39599609375,159.42599487304688,159.2729949951172,159.33700561523438,0.0
2026-07-30 20:00:00+00:00,159.3459930419922,159.39999389648438,159.33399963378906,159.38499450683594,0.0
2026-07-30 20:15:00+00:00,159.39500427246094,159.52000427246094,159.37600708007812,159.48899841308594,0.0
2026-07-30 20:30:00+00:00,159.4969940185547,159.54400634765625,159.33999633789062,159.54200744628906,0.0
2026-07-30 20:45:00+00:00,159.52000427246094,159.60499572753906,159.4409942626953,159.5240020751953,0.0
2026-07-30 21:00:00+00:00,159.52200317382812,159.52499389648438,159.42100524902344,159.46499633789062,0.0
2026-07-30 21:15:00+00:00,159.4709930419922,159.51499938964844,159.46299743652344,159.49400329589844,0.0
2026-07-30 21:30:00+00:00,159.50799560546875,159.5959930419922,159.49400329589844,159.56900024414062,0.0
2026-07-30 21:45:00+00:00,159.56900024414062,159.67100524902344,159.5399932861328,159.61900329589844,0.0
2026-07-30 22:00:00+00:00,159.64599609375,159.70199584960938,159.4010009765625,159.67999267578125,0.0
2026-07-30 22:15:00+00:00,159.6510009765625,159.78399658203125,159.64100646972656,159.70799255371094,0.0
2026-07-30 22:30:00+00:00,159.71800231933594,159.76199340820312,159.35299682617188,159.58299255371094,0.0
2026-07-30 22:45:00+00:00,159.58200073242188,159.7169952392578,159.54200744628906,159.70399475097656,0.0
2026-07-30 23:00:00+00:00,159.6439971923828,159.86900329589844,159.56399536132812,159.84100341796875,0.0
2026-07-30 23:15:00+00:00,159.83099365234375,159.9250030517578,159.76800537109375,159.91799926757812,0.0
2026-07-30 23:30:00+00:00,159.90699768066406,160.19500732421875,159.89700317382812,160.1929931640625,0.0
2026-07-30 23:45:00+00:00,160.1929931640625,160.21299743652344,160.11599731445312,160.1739959716797,0.0
2026-07-31 00:00:00+00:00,160.18699645996094,160.40699768066406,160.15499877929688,160.31300354003906,0.0
2026-07-31 00:15:00+00:00,160.31100463867188,160.36000061035156,160.13600158691406,160.25799560546875,0.0
2026-07-31 00:30:00+00:00,160.25599670410156,160.5469970703125,160.24099731445312,160.52099609375,0.0
2026-07-31 00:45:00+00:00,160.51600646972656,160.69000244140625,160.4239959716797,160.53599548339844,0.0
2026-07-31 01:00:00+00:00,160.531005859375,160.6439971923828,160.32400512695312,160.4770050048828,0.0
2026-07-31 01:15:00+00:00,160.48599243164062,160.58900451660156,160.41400146484375,160.4980010986328,0.0
2026-07-31 01:30:00+00:00,160.5050048828125,160.6179962158203,160.43899536132812,160.5989990234375,0.0
2026-07-31 01:45:00+00:00,160.59500122070312,160.74600219726562,160.57200622558594,160.7270050048828,0.0
2026-07-31 02:00:00+00:00,160.73800659179688,160.74000549316406,160.531005859375,160.55299377441406,0.0
2026-07-31 02:15:00+00:00,160.55599975585938,160.61700439453125,160.49600219726562,160.58799743652344,0.0
2026-07-31 02:30:00+00:00,160.58700561523438,160.63099670410156,160.46600341796875,160.61199951171875,0.0
2026-07-31 02:45:00+00:00,160.60299682617188,160.65699768066406,160.427001953125,160.51199340820312,0.0
2026-07-31 03:00:00+00:00,160.49000549316406,160.8780059814453,160.4550018310547,160.74400329589844,0.0
2026-07-31 03:15:00+00:00,160.7429962158203,160.84800720214844,160.69900512695312,160.83299255371094,0.0
2026-07-31 03:30:00+00:00,160.8280029296875,160.86500549316406,160.64700317382812,160.67100524902344,0.0
2026-07-31 03:45:00+00:00,160.6820068359375,160.6909942626953,160.49000549316406,160.60800170898438,0.0
2026-07-31 04:00:00+00:00,160.60299682617188,160.69200134277344,160.55499267578125,160.69000244140625,0.0
2026-07-31 04:15:00+00:00,160.6840057373047,160.74600219726562,160.63099670410156,160.72300720214844,0.0
2026-07-31 04:30:00+00:00,160.73199462890625,160.7550048828125,160.6840057373047,160.70199584960938,0.0
2026-07-31 04:45:00+00:00,160.70700073242188,160.80599975585938,160.65699768066406,160.6820068359375,0.0
2026-07-31 05:00:00+00:00,160.67300415039062,160.7050018310547,160.58399963378906,160.65899658203125,0.0
2026-07-31 05:15:00+00:00,160.65899658203125,160.74400329589844,160.58200073242188,160.73800659179688,0.0
2026-07-31 05:30:00+00:00,160.73500061035156,160.7480010986328,160.53599548339844,160.67799377441406,0.0
2026-07-31 05:45:00+00:00,160.67100524902344,160.7030029296875,160.5540008544922,160.5970001220703,0.0
2026-07-31 06:00:00+00:00,160.59300231933594,160.60800170898438,160.31199645996094,160.36900329589844,0.0
2026-07-31 06:15:00+00:00,160.3780059814453,160.53700256347656,160.2239990234375,160.3209991455078,0.0
2026-07-31 06:30:00+00:00,160.33599853515625,160.53799438476562,160.3260040283203,160.47500610351562,0.0
2026-07-31 06:45:00+00:00,160.47000122070312,160.4770050048828,159.92100524902344,160.28199768066406,0.0
2026-07-31 07:00:00+00:00,160.28900146484375,160.44700622558594,160.2830047607422,160.34800720214844,0.0
2026-07-31 07:15:00+00:00,160.35800170898438,160.51600646972656,160.27000427246094,160.48699951171875,0.0
2026-07-31 07:30:00+00:00,160.48800659179688,160.64700317382812,160.48699951171875,160.56900024414062,0.0
2026-07-31 07:45:00+00:00,160.57000732421875,160.60499572753906,160.19900512695312,160.1999969482422,0.0
2026-07-31 08:00:00+00:00,160.20399475097656,160.51800537109375,160.19700622558594,160.3489990234375,0.0
2026-07-31 08:15:00+00:00,160.3459930419922,160.36099243164062,160.15499877929688,160.2729949951172,0.0
2026-07-31 08:30:00+00:00,160.28500366210938,160.2969970703125,159.91799926757812,160.00599670410156,0.0
2026-07-31 08:45:00+00:00,159.99899291992188,160.15699768066406,158.51800537109375,158.92300415039062,0.0
2026-07-31 09:00:00+00:00,158.92100524902344,159.6439971923828,158.5500030517578,159.54800415039062,0.0
2026-07-31 09:15:00+00:00,159.53900146484375,159.86599731445312,159.45899963378906,159.85699462890625,0.0
2026-07-31 09:30:00+00:00,159.85299682617188,159.95799255371094,159.4040069580078,159.88299560546875,0.0
2026-07-31 09:45:00+00:00,159.8730010986328,160.08700561523438,159.80799865722656,159.98899841308594,0.0
2026-07-31 10:00:00+00:00,159.99600219726562,160.04800415039062,159.85299682617188,159.96099853515625,0.0
2026-07-31 10:15:00+00:00,159.9530029296875,160.14100646972656,159.93800354003906,159.95399475097656,0.0
2026-07-31 10:30:00+00:00,159.96400451660156,160.0189971923828,159.8769989013672,159.97799682617188,0.0
2026-07-31 10:45:00+00:00,159.97900390625,160.03199768066406,159.93899536132812,159.98500061035156,0.0
2026-07-31 11:00:00+00:00,159.98500061035156,160.10299682617188,159.98199462890625,160.0229949951172,0.0
2026-07-31 11:15:00+00:00,160.02999877929688,160.156005859375,159.99099731445312,160.13299560546875,0.0
2026-07-31 11:30:00+00:00,160.13299560546875,160.25799560546875,160.1009979248047,160.16799926757812,0.0
2026-07-31 11:45:00+00:00,160.16900634765625,160.2550048828125,160.13400268554688,160.20799255371094,0.0
2026-07-31 12:00:00+00:00,160.2050018310547,160.2740020751953,160.16099548339844,160.2429962158203,0.0
2026-07-31 12:15:00+00:00,160.2429962158203,160.3990020751953,160.18699645996094,160.34500122070312,0.0
2026-07-31 12:30:00+00:00,160.34800720214844,160.4530029296875,160.28700256347656,160.4290008544922,0.0
2026-07-31 12:45:00+00:00,160.4290008544922,160.45199584960938,160.31100463867188,160.36500549316406,0.0
2026-07-31 13:00:00+00:00,160.37399291992188,160.43899536132812,160.29100036621094,160.4320068359375,0.0
2026-07-31 13:15:00+00:00,160.427001953125,160.53900146484375,159.43299865722656,159.50900268554688,0.0
2026-07-31 13:30:00+00:00,159.5240020751953,159.6479949951172,159.1230010986328,159.58700561523438,0.0
2026-07-31 13:45:00+00:00,159.572998046875,159.8560028076172,159.37100219726562,159.48199462890625,0.0
2026-07-31 14:00:00+00:00,159.4949951171875,159.51199340820312,158.89500427246094,159.36000061035156,0.0
2026-07-31 14:15:00+00:00,159.36099243164062,159.4600067138672,159.17999267578125,159.23399353027344,0.0
2026-07-31 14:30:00+00:00,159.22999572753906,159.5290069580078,159.22900390625,159.36399841308594,0.0
2026-07-31 14:45:00+00:00,159.35299682617188,159.55799865722656,159.1820068359375,159.23699951171875,0.0
2026-07-31 15:00:00+00:00,159.24000549316406,159.3179931640625,158.84300231933594,159.15199279785156,0.0
2026-07-31 15:15:00+00:00,159.1510009765625,159.36599731445312,158.94000244140625,159.3459930419922,0.0
2026-07-31 15:30:00+00:00,159.35000610351562,159.4250030517578,159.1790008544922,159.2259979248047,0.0
2026-07-31 15:45:00+00:00,159.23599243164062,159.26400756835938,159.07200622558594,159.1649932861328,0.0
2026-07-31 16:00:00+00:00,159.15899658203125,159.2779998779297,159.11099243164062,159.2100067138672,0.0
2026-07-31 16:15:00+00:00,159.20899963378906,159.28399658203125,159.18600463867188,159.22000122070312,0.0
2026-07-31 16:30:00+00:00,159.2239990234375,159.2830047607422,159.17599487304688,159.27499389648438,0.0
2026-07-31 16:45:00+00:00,159.27499389648438,159.3699951171875,159.23500061035156,159.35899353027344,0.0
2026-07-31 17:00:00+00:00,159.35899353027344,159.50799560546875,159.31199645996094,159.42599487304688,0.0
2026-07-31 17:15:00+00:00,159.42100524902344,159.48399353027344,158.6820068359375,158.69700622558594,0.0
2026-07-31 17:30:00+00:00,158.69700622558594,158.76300048828125,158.1490020751953,158.1840057373047,0.0
2026-07-31 17:45:00+00:00,158.19500732421875,158.95700073242188,158.1540069580078,158.48899841308594,0.0
2026-07-31 18:00:00+00:00,158.48599243164062,158.82200622558594,158.302001953125,158.72799682617188,0.0
2026-07-31 18:15:00+00:00,158.71499633789062,158.8520050048828,158.58700561523438,158.79400634765625,0.0
2026-07-31 18:30:00+00:00,158.80499267578125,158.906005859375,158.75399780273438,158.90199279785156,0.0
2026-07-31 18:45:00+00:00,158.90199279785156,159.1300048828125,158.87399291992188,158.88299560546875,0.0
2026-07-31 19:00:00+00:00,158.8990020751953,159.01699829101562,158.84800720214844,158.9739990234375,0.0
2026-07-31 19:15:00+00:00,158.98699951171875,159.1060028076172,158.9739990234375,159.0229949951172,0.0
2026-07-31 19:30:00+00:00,159.0260009765625,159.24000549316406,159.0229949951172,159.0780029296875,0.0
2026-07-31 19:45:00+00:00,159.07699584960938,159.1840057373047,158.9709930419922,159.1750030517578,0.0
2026-07-31 20:00:00+00:00,159.16600036621094,159.20199584960938,158.49200439453125,158.5240020751953,0.0
2026-07-31 20:15:00+00:00,158.48899841308594,158.66200256347656,157.95199584960938,157.9969940185547,0.0
2026-07-31 20:30:00+00:00,158.03399658203125,158.19000244140625,157.60699462890625,157.60699462890625,0.0
2026-07-31 20:45:00+00:00,157.66400146484375,157.9250030517578,157.1510009765625,157.53799438476562,0.0
2026-07-31 21:00:00+00:00,157.39999389648438,157.39999389648438,157.39999389648438,157.39999389648438,0.0
2026-08-02 23:00:00+00:00,157.30099487304688,157.6199951171875,157.0469970703125,157.5449981689453,0.0
2026-08-02 23:15:00+00:00,157.55999755859375,157.86099243164062,157.52499389648438,157.71099853515625,0.0
2026-08-02 23:30:00+00:00,157.6999969482422,157.875,157.6009979248047,157.8350067138672,0.0
2026-08-02 23:45:00+00:00,157.8280029296875,157.8719940185547,157.55999755859375,157.58200073242188,0.0
2026-08-03 00:00:00+00:00,157.58700561523438,157.85800170898438,157.55799865722656,157.82000732421875,0.0
2026-08-03 00:15:00+00:00,157.8209991455078,157.88600158691406,156.5070037841797,156.65499877929688,0.0
2026-08-03 00:30:00+00:00,156.6479949951172,156.7010040283203,155.35299682617188,155.41000366210938,0.0
2026-08-03 00:45:00+00:00,155.42599487304688,156.2030029296875,155.21499633789062,156.11500549316406,0.0
2026-08-03 01:00:00+00:00,156.125,156.40699768066406,155.4149932861328,156.1060028076172,0.0
2026-08-03 01:15:00+00:00,156.1300048828125,156.33799743652344,156.0189971923828,156.22500610351562,0.0
2026-08-03 01:30:00+00:00,156.2220001220703,156.45700073242188,156.16299438476562,156.36199951171875,0.0
2026-08-03 01:45:00+00:00,156.34800720214844,156.38400268554688,156.21099853515625,156.34300231933594,0.0
2026-08-03 02:00:00+00:00,156.3419952392578,156.63099670410156,156.3419952392578,156.5189971923828,0.0
2026-08-03 02:15:00+00:00,156.52000427246094,156.55599975585938,156.4029998779297,156.46200561523438,0.0
2026-08-03 02:30:00+00:00,156.468994140625,156.49899291992188,156.20899963378906,156.41600036621094,0.0
2026-08-03 02:45:00+00:00,156.4199981689453,156.50799560546875,156.3979949951172,156.48500061035156,0.0
2026-08-03 03:00:00+00:00,156.47500610351562,156.64599609375,156.47300720214844,156.54200744628906,0.0
2026-08-03 03:15:00+00:00,156.53500366210938,156.5970001220703,156.44700622558594,156.53399658203125,0.0
2026-08-03 03:30:00+00:00,156.52200317382812,156.5850067138672,156.28900146484375,156.52699279785156,0.0
2026-08-03 03:45:00+00:00,156.5229949951172,156.5850067138672,156.48800659179688,156.5189971923828,0.0
2026-08-03 04:00:00+00:00,156.51800537109375,156.53799438476562,156.39700317382812,156.43800354003906,0.0
2026-08-03 04:15:00+00:00,156.4429931640625,156.5469970703125,156.41000366210938,156.5070037841797,0.0
2026-08-03 04:30:00+00:00,156.49899291992188,156.54400634765625,156.36599731445312,156.37399291992188,0.0
2026-08-03 04:45:00+00:00,156.3780059814453,156.5469970703125,156.36099243164062,156.4510040283203,0.0
2026-08-03 05:00:00+00:00,156.4510040283203,156.4980010986328,156.36000061035156,156.44900512695312,0.0
2026-08-03 05:15:00+00:00,156.4429931640625,156.50900268554688,156.38299560546875,156.46299743652344,0.0
2026-08-03 05:30:00+00:00,156.4550018310547,156.49200439453125,156.37600708007812,156.406005859375,0.0
2026-08-03 05:45:00+00:00,156.40699768066406,156.4530029296875,156.3780059814453,156.39700317382812,0.0
2026-08-03 06:00:00+00:00,156.3939971923828,156.47000122070312,156.31900024414062,156.41799926757812,0.0
2026-08-03 06:15:00+00:00,156.4199981689453,156.69700622558594,156.406005859375,156.63099670410156,0.0
2026-08-03 06:30:00+00:00,156.6219940185547,156.78500366210938,156.56900024414062,156.7480010986328,0.0
2026-08-03 06:45:00+00:00,156.73500061035156,156.8520050048828,156.73500061035156,156.76600646972656,0.0
2026-08-03 07:00:00+00:00,156.7740020751953,156.80299377441406,156.5659942626953,156.58200073242188,0.0
2026-08-03 07:15:00+00:00,156.58599853515625,156.75900268554688,156.53199768066406,156.60299682617188,0.0
2026-08-03 07:30:00+00:00,156.5959930419922,156.75,156.4709930419922,156.73899841308594,0.0
2026-08-03 07:45:00+00:00,156.7480010986328,156.79200744628906,156.69700622558594,156.77200317382812,0.0
2026-08-03 08:00:00+00:00,156.77699279785156,156.7899932861328,156.6490020751953,156.74600219726562,0.0
2026-08-03 08:15:00+00:00,156.73800659179688,156.81500244140625,156.7010040283203,156.78500366210938,0.0
2026-08-03 08:30:00+00:00,156.79100036621094,156.9219970703125,156.5540008544922,156.9219970703125,0.0
2026-08-03 08:45:00+00:00,156.91400146484375,156.98399353027344,156.86500549316406,156.9810028076172,0.0
2026-08-03 09:00:00+00:00,156.9770050048828,157.0399932861328,156.91200256347656,156.96299743652344,0.0
2026-08-03 09:15:00+00:00,156.96400451660156,157.00900268554688,156.88600158691406,156.98500061035156,0.0
2026-08-03 09:30:00+00:00,156.98399353027344,157.13600158691406,156.95899963378906,157.0749969482422,0.0
2026-08-03 09:45:00+00:00,157.0780029296875,157.10899353027344,156.8459930419922,157.08299255371094,0.0
2026-08-03 10:00:00+00:00,157.0919952392578,157.0959930419922,156.9320068359375,156.9499969482422,0.0
2026-08-03 10:15:00+00:00,156.9499969482422,157.00399780273438,156.90899658203125,156.9340057373047,0.0
2026-08-03 10:30:00+00:00,156.9250030517578,156.9709930419922,156.86500549316406,156.95199584960938,0.0
2026-08-03 10:45:00+00:00,156.95199584960938,157.01400756835938,156.6649932861328,156.81700134277344,0.0
2026-08-03 11:00:00+00:00,156.81500244140625,156.86900329589844,156.7519989013672,156.78500366210938,0.0
2026-08-03 11:15:00+00:00,156.7790069580078,156.96200561523438,156.75999450683594,156.95599365234375,0.0
2026-08-03 11:30:00+00:00,156.95599365234375,156.99400329589844,156.90899658203125,156.93699645996094,0.0
2026-08-03 11:45:00+00:00,156.93699645996094,156.94700622558594,156.5659942626953,156.65499877929688,0.0
2026-08-03 12:00:00+00:00,156.65499877929688,156.73800659179688,156.58200073242188,156.61500549316406,0.0
2026-08-03 12:15:00+00:00,156.60899353027344,156.7259979248047,156.6009979248047,156.69900512695312,0.0
2026-08-03 12:30:00+00:00,156.6909942626953,156.88400268554688,156.67799377441406,156.85699462890625,0.0
2026-08-03 12:45:00+00:00,156.8560028076172,156.89500427246094,156.7519989013672,156.82200622558594,0.0
2026-08-03 13:00:00+00:00,156.81399536132812,156.86199951171875,156.76400756835938,156.7779998779297,0.0
2026-08-03 13:15:00+00:00,156.7779998779297,156.79100036621094,156.38600158691406,156.468994140625,0.0
2026-08-03 13:30:00+00:00,156.46099853515625,156.52499389648438,156.2969970703125,156.35499572753906,0.0
2026-08-03 13:45:00+00:00,156.35000610351562,156.5189971923828,156.32200622558594,156.4340057373047,0.0
2026-08-03 14:00:00+00:00,156.47900390625,156.6179962158203,156.4290008544922,156.61599731445312,0.0
2026-08-03 14:15:00+00:00,156.61500549316406,156.6179962158203,156.2220001220703,156.53199768066406,0.0
2026-08-03 14:30:00+00:00,156.5260009765625,156.697998046875,156.46299743652344,156.6540069580078,0.0
2026-08-03 14:45:00+00:00,156.6510009765625,156.7530059814453,156.47999572753906,156.5500030517578,0.0
2026-08-03 15:00:00+00:00,156.55999755859375,156.77499389648438,156.54800415039062,156.76199340820312,0.0
2026-08-03 15:15:00+00:00,156.75799560546875,156.86500549316406,156.7310028076172,156.7779998779297,0.0
2026-08-03 15:30:00+00:00,156.77999877929688,156.9029998779297,156.71200561523438,156.8939971923828,0.0
2026-08-03 15:45:00+00:00,156.88699340820312,157.03500366210938,156.86599731445312,156.968994140625,0.0
2026-08-03 16:00:00+00:00,156.95799255371094,156.97500610351562,156.84100341796875,156.85499572753906,0.0
2026-08-03 16:15:00+00:00,156.8560028076172,156.91299438476562,156.57699584960938,156.86500549316406,0.0
2026-08-03 16:30:00+00:00,156.86300659179688,156.968994140625,156.83299255371094,156.8800048828125,0.0
2026-08-03 16:45:00+00:00,156.87600708007812,156.91700744628906,156.8470001220703,156.88800048828125,0.0
2026-08-03 17:00:00+00:00,156.89100646972656,156.9759979248047,156.8719940185547,156.93800354003906,0.0
2026-08-03 17:15:00+00:00,156.94700622558594,156.99400329589844,156.93699645996094,156.96800231933594,0.0
2026-08-03 17:30:00+00:00,156.96400451660156,157.01199340820312,156.9010009765625,156.95700073242188,0.0
2026-08-03 17:45:00+00:00,156.95399475097656,157.03799438476562,156.91200256347656,157.02499389648438,0.0
2026-08-03 18:00:00+00:00,157.01300048828125,157.08299255371094,156.92999267578125,156.95399475097656,0.0
2026-08-03 18:15:00+00:00,156.96299743652344,156.96299743652344,156.83299255371094,156.89300537109375,0.0
2026-08-03 18:30:00+00:00,156.8979949951172,156.91900634765625,156.8179931640625,156.84300231933594,0.0
2026-08-03 18:45:00+00:00,156.83700561523438,156.9029998779297,156.66600036621094,156.78500366210938,0.0
2026-08-03 19:00:00+00:00,156.7760009765625,156.86399841308594,156.74099731445312,156.8350067138672,0.0
2026-08-03 19:15:00+00:00,156.83399963378906,156.8769989013672,156.8260040283203,156.85400390625,0.0
2026-08-03 19:30:00+00:00,156.85000610351562,156.91000366210938,156.84800720214844,156.875,0.0
2026-08-03 19:45:00+00:00,156.8780059814453,156.96600341796875,156.87600708007812,156.9409942626953,0.0
2026-08-03 20:00:00+00:00,156.94900512695312,157.05299377441406,156.94200134277344,157.03799438476562,0.0
2026-08-03 20:15:00+00:00,157.03900146484375,157.22300720214844,156.8520050048828,157.1580047607422,0.0
2026-08-03 20:30:00+00:00,157.1790008544922,157.1959991455078,157.04800415039062,157.1300048828125,0.0
2026-08-03 20:45:00+00:00,157.12899780273438,157.2220001220703,157.1199951171875,157.19000244140625,0.0
2026-08-03 21:00:00+00:00,157.14300537109375,157.18899536132812,157.12899780273438,157.1529998779297,0.0
2026-08-03 21:15:00+00:00,157.15499877929688,157.17799377441406,157.13600158691406,157.1529998779297,0.0
2026-08-03 21:30:00+00:00,157.1529998779297,157.19400024414062,157.13800048828125,157.1719970703125,0.0
2026-08-03 21:45:00+00:00,157.1479949951172,157.19900512695312,157.13099670410156,157.16700744628906,0.0
2026-08-03 22:00:00+00:00,157.16700744628906,157.43800354003906,157.1439971923828,157.38900756835938,0.0
2026-08-03 22:15:00+00:00,157.40899658203125,157.41299438476562,157.343994140625,157.3769989013672,0.0
2026-08-03 22:30:00+00:00,157.38600158691406,157.4080047607422,157.28500366210938,157.37899780273438,0.0
2026-08-03 22:45:00+00:00,157.3800048828125,157.38600158691406,157.3280029296875,157.35899353027344,0.0
2026-08-03 23:00:00+00:00,157.33900451660156,157.36399841308594,157.28500366210938,157.33099365234375,0.0
2026-08-03 23:15:00+00:00,157.33900451660156,157.3800048828125,157.2480010986328,157.3769989013672,0.0
2026-08-03 23:30:00+00:00,157.36000061035156,157.55099487304688,157.35899353027344,157.5290069580078,0.0
2026-08-03 23:45:00+00:00,157.52699279785156,157.66900634765625,157.52000427246094,157.54400634765625,0.0
2026-08-04 00:00:00+00:00,157.54299926757812,157.552001953125,157.3249969482422,157.4149932861328,0.0
2026-08-04 00:15:00+00:00,157.43099975585938,157.4550018310547,157.21400451660156,157.32200622558594,0.0
2026-08-04 00:30:00+00:00,157.33099365234375,157.44700622558594,157.2899932861328,157.3939971923828,0.0
2026-08-04 00:45:00+00:00,157.40699768066406,157.54600524902344,157.375,157.48899841308594,0.0
2026-08-04 01:00:00+00:00,157.48899841308594,157.6230010986328,157.48899841308594,157.5800018310547,0.0
2026-08-04 01:15:00+00:00,157.57699584960938,157.58099365234375,157.45599365234375,157.54200744628906,0.0
2026-08-04 01:30:00+00:00,157.54299926757812,157.55099487304688,157.38299560546875,157.4290008544922,0.0
2026-08-04 01:45:00+00:00,157.41900634765625,157.61599731445312,157.41700744628906,157.60499572753906,0.0
2026-08-04 02:00:00+00:00,157.60400390625,157.72900390625,157.58099365234375,157.64100646972656,0.0
2026-08-04 02:15:00+00:00,157.6510009765625,157.7480010986328,157.5989990234375,157.69200134277344,0.0
2026-08-04 02:30:00+00:00,157.69900512695312,157.70199584960938,157.6280059814453,157.63099670410156,0.0
2026-08-04 02:45:00+00:00,157.64500427246094,157.73199462890625,157.61900329589844,157.7169952392578,0.0
2026-08-04 03:00:00+00:00,157.70899963378906,157.718994140625,157.63099670410156,157.6750030517578,0.0
2026-08-04 03:15:00+00:00,157.67599487304688,157.677001953125,157.5570068359375,157.58999633789062,0.0
2026-08-04 03:30:00+00:00,157.59100341796875,157.63800048828125,157.42599487304688,157.6009979248047,0.0
2026-08-04 03:45:00+00:00,157.6009979248047,157.66000366210938,157.57699584960938,157.6529998779297,0.0
2026-08-04 04:00:00+00:00,157.6510009765625,157.66700744628906,157.6009979248047,157.63299560546875,0.0
2026-08-04 04:15:00+00:00,157.63299560546875,157.6739959716797,157.5989990234375,157.61900329589844,0.0
2026-08-04 04:30:00+00:00,157.61399841308594,157.6280059814453,157.46600341796875,157.50599670410156,0.0
2026-08-04 04:45:00+00:00,157.50599670410156,157.56700134277344,157.47999572753906,157.53599548339844,0.0
2026-08-04 05:00:00+00:00,157.53799438476562,157.5970001220703,157.4949951171875,157.58399963378906,0.0
2026-08-04 05:15:00+00:00,157.58099365234375,157.63099670410156,157.54200744628906,157.57200622558594,0.0
2026-08-04 05:30:00+00:00,157.57000732421875,157.70599365234375,157.55499267578125,157.70399475097656,0.0
2026-08-04 05:45:00+00:00,157.6929931640625,157.74200439453125,157.6719970703125,157.7030029296875,0.0
2026-08-04 06:00:00+00:00,157.7030029296875,157.77000427246094,157.63099670410156,157.66600036621094,0.0
2026-08-04 06:15:00+00:00,157.6580047607422,157.69200134277344,157.54800415039062,157.68099975585938,0.0
2026-08-04 06:30:00+00:00,157.68099975585938,157.7519989013672,157.60699462890625,157.7169952392578,0.0
2026-08-04 06:45:00+00:00,157.718994140625,157.77000427246094,157.6320037841797,157.6719970703125,0.0
2026-08-04 07:00:00+00:00,157.68099975585938,157.76300048828125,157.6439971923828,157.74000549316406,0.0
2026-08-04 07:15:00+00:00,157.74000549316406,157.76100158691406,157.60899353027344,157.66799926757812,0.0
2026-08-04 07:30:00+00:00,157.66700744628906,157.84100341796875,157.60499572753906,157.81700134277344,0.0
2026-08-04 07:45:00+00:00,157.80799865722656,157.83099365234375,157.74600219726562,157.80499267578125,0.0
2026-08-04 08:00:00+00:00,157.8090057373047,157.81700134277344,157.77499389648438,157.78799438476562,0.0
2026-08-04 08:15:00+00:00,157.78799438476562,157.8179931640625,157.7169952392578,157.75,0.0
2026-08-04 08:30:00+00:00,157.7449951171875,157.81399536132812,157.73500061035156,157.7550048828125,0.0
2026-08-04 08:45:00+00:00,157.7480010986328,157.82000732421875,157.74400329589844,157.7969970703125,0.0
2026-08-04 09:00:00+00:00,157.79800415039062,157.9429931640625,157.78599548339844,157.88699340820312,0.0
2026-08-04 09:15:00+00:00,157.87899780273438,157.91600036621094,157.8419952392578,157.85800170898438,0.0
2026-08-04 09:30:00+00:00,157.86300659179688,157.91299438476562,157.8470001220703,157.90199279785156,0.0
2026-08-04 09:45:00+00:00,157.9029998779297,157.95799255371094,157.88699340820312,157.91299438476562,0.0
2026-08-04 10:00:00+00:00,157.90899658203125,157.95700073242188,157.85299682617188,157.9250030517578,0.0
2026-08-04 10:15:00+00:00,157.9250030517578,157.9550018310547,157.8679962158203,157.88299560546875,0.0
2026-08-04 10:30:00+00:00,157.88299560546875,157.90699768066406,157.7519989013672,157.81700134277344,0.0
2026-08-04 10:45:00+00:00,157.80999755859375,157.87399291992188,157.76199340820312,157.81900024414062,0.0
2026-08-04 11:00:00+00:00,157.8159942626953,157.85400390625,157.7480010986328,157.76800537109375,0.0
2026-08-04 11:15:00+00:00,157.76199340820312,157.78500366210938,157.67599487304688,157.68899536132812,0.0
2026-08-04 11:30:00+00:00,157.69200134277344,157.7469940185547,157.52000427246094,157.56900024414062,0.0
2026-08-04 11:45:00+00:00,157.5709991455078,157.6490020751953,157.33999633789062,157.4669952392578,0.0
2026-08-04 12:00:00+00:00,157.4550018310547,157.49200439453125,157.29600524902344,157.45599365234375,0.0
2026-08-04 12:15:00+00:00,157.4510040283203,157.593994140625,157.4459991455078,157.5800018310547,0.0
2026-08-04 12:30:00+00:00,157.5780029296875,157.5800018310547,157.43600463867188,157.47300720214844,0.0
2026-08-04 12:45:00+00:00,157.4810028076172,157.531005859375,157.3990020751953,157.52699279785156,0.0
2026-08-04 13:00:00+00:00,157.52200317382812,157.5540008544922,157.48699951171875,157.51800537109375,0.0
2026-08-04 13:15:00+00:00,157.51400756835938,157.5709991455078,157.35899353027344,157.41400146484375,0.0
2026-08-04 13:30:00+00:00,157.4219970703125,157.42300415039062,157.2050018310547,157.2969970703125,0.0
2026-08-04 13:45:00+00:00,157.28799438476562,157.45599365234375,157.28700256347656,157.4239959716797,0.0
2026-08-04 14:00:00+00:00,157.39500427246094,157.44500732421875,157.28799438476562,157.36199951171875,0.0
2026-08-04 14:15:00+00:00,157.36599731445312,157.49400329589844,157.30999755859375,157.47000122070312,0.0
2026-08-04 14:30:00+00:00,157.468994140625,157.5780029296875,157.447998046875,157.56100463867188,0.0
2026-08-04 14:45:00+00:00,157.55099487304688,157.63900756835938,157.54400634765625,157.5540008544922,0.0
2026-08-04 15:00:00+00:00,157.552001953125,157.6179962158203,157.50799560546875,157.53599548339844,0.0
2026-08-04 15:15:00+00:00,157.54100036621094,157.61300659179688,157.53199768066406,157.5469970703125,0.0
2026-08-04 15:30:00+00:00,157.5500030517578,157.55799865722656,157.3979949951172,157.40499877929688,0.0
2026-08-04 15:45:00+00:00,157.40199279785156,157.45899963378906,157.3719940185547,157.44000244140625,0.0
2026-08-04 16:00:00+00:00,157.43499755859375,157.5290069580078,157.427001953125,157.48399353027344,0.0
2026-08-04 16:15:00+00:00,157.48899841308594,157.5030059814453,157.42300415039062,157.46499633789062,0.0
2026-08-04 16:30:00+00:00,157.46499633789062,157.60499572753906,157.46200561523438,157.58399963378906,0.0
2026-08-04 16:45:00+00:00,157.58399963378906,157.63400268554688,157.56199645996094,157.5709991455078,0.0
2026-08-04 17:00:00+00:00,157.5709991455078,157.61599731445312,157.5189971923828,157.56100463867188,0.0
2026-08-04 17:15:00+00:00,157.56199645996094,157.64599609375,157.55999755859375,157.61099243164062,0.0
2026-08-04 17:30:00+00:00,157.61099243164062,157.63299560546875,157.57000732421875,157.5760040283203,0.0
2026-08-04 17:45:00+00:00,157.58099365234375,157.60699462890625,157.57200622558594,157.59800720214844,0.0
2026-08-04 18:00:00+00:00,157.5970001220703,157.6529998779297,157.5959930419922,157.6280059814453,0.0
2026-08-04 18:15:00+00:00,157.6230010986328,157.69900512695312,157.6230010986328,157.66600036621094,0.0
2026-08-04 18:30:00+00:00,157.66099548339844,157.6840057373047,157.64199829101562,157.6649932861328,0.0
2026-08-04 18:45:00+00:00,157.66700744628906,157.68800354003906,157.60299682617188,157.65199279785156,0.0
2026-08-04 19:00:00+00:00,157.6479949951172,157.79400634765625,157.6280059814453,157.78399658203125,0.0
2026-08-04 19:15:00+00:00,157.78399658203125,157.7969970703125,157.76199340820312,157.781005859375,0.0
2026-08-04 19:30:00+00:00,157.77200317382812,157.79299926757812,157.7449951171875,157.78900146484375,0.0
2026-08-04 19:45:00+00:00,157.78399658203125,157.8350067138672,157.71099853515625,157.7570037841797,0.0
2026-08-04 20:00:00+00:00,157.7570037841797,157.781005859375,157.72900390625,157.74099731445312,0.0
2026-08-04 20:15:00+00:00,157.73300170898438,157.74200439453125,157.66900634765625,157.7169952392578,0.0
2026-08-04 20:30:00+00:00,157.7100067138672,157.75599670410156,157.70700073242188,157.74099731445312,0.0
2026-08-04 20:45:00+00:00,157.74200439453125,157.7570037841797,157.6739959716797,157.74899291992188,0.0
2026-08-04 21:00:00+00:00,157.71299743652344,157.7899932861328,157.68899536132812,157.7729949951172,0.0
2026-08-04 21:15:00+00:00,157.76699829101562,157.7830047607422,157.68800354003906,157.69200134277344,0.0
2026-08-04 21:30:00+00:00,157.69200134277344,157.7689971923828,157.6909942626953,157.76400756835938,0.0
2026-08-04 21:45:00+00:00,157.76400756835938,157.7969970703125,157.68299865722656,157.7030029296875,0.0
2026-08-04 22:00:00+00:00,157.7030029296875,157.7469940185547,157.66099548339844,157.70399475097656,0.0
2026-08-04 22:15:00+00:00,157.70399475097656,157.75999450683594,157.6909942626953,157.73800659179688,0.0
2026-08-04 22:30:00+00:00,157.73800659179688,157.76400756835938,157.71400451660156,157.7169952392578,0.0
2026-08-04 22:45:00+00:00,157.71800231933594,157.73899841308594,157.69200134277344,157.71600341796875,0.0
2026-08-04 23:00:00+00:00,157.72000122070312,157.78799438476562,157.70399475097656,157.77499389648438,0.0
2026-08-04 23:15:00+00:00,157.77499389648438,157.7949981689453,157.75399780273438,157.79400634765625,0.0
2026-08-04 23:30:00+00:00,157.7790069580078,157.8090057373047,157.7689971923828,157.78900146484375,0.0
2026-08-04 23:45:00+00:00,157.78900146484375,157.8070068359375,157.6479949951172,157.70599365234375,0.0
2026-08-05 00:00:00+00:00,157.69200134277344,157.75599670410156,157.6580047607422,157.67799377441406,0.0
2026-08-05 00:15:00+00:00,157.6699981689453,157.71600341796875,157.5659942626953,157.63499450683594,0.0
2026-08-05 00:30:00+00:00,157.63600158691406,157.66600036621094,157.5709991455078,157.66000366210938,0.0
2026-08-05 00:45:00+00:00,157.6529998779297,157.6739959716797,157.4429931640625,157.552001953125,0.0
2026-08-05 01:00:00+00:00,157.56100463867188,157.63099670410156,157.52000427246094,157.53500366210938,0.0
2026-08-05 01:15:00+00:00,157.53500366210938,157.64700317382812,157.5019989013672,157.62899780273438,0.0
2026-08-05 01:30:00+00:00,157.61900329589844,157.68099975585938,157.593994140625,157.6300048828125,0.0
2026-08-05 01:45:00+00:00,157.62100219726562,157.64999389648438,157.5959930419922,157.6439971923828,0.0
2026-08-05 02:00:00+00:00,157.63499450683594,157.6999969482422,157.5590057373047,157.5679931640625,0.0
2026-08-05 02:15:00+00:00,157.5590057373047,157.58299255371094,157.38699340820312,157.48500061035156,0.0
2026-08-05 02:30:00+00:00,157.48599243164062,157.4980010986328,157.302001953125,157.30799865722656,0.0
2026-08-05 02:45:00+00:00,157.31300354003906,157.46099853515625,157.29800415039062,157.45799255371094,0.0
2026-08-05 03:00:00+00:00,157.4499969482422,157.46299743652344,157.3520050048828,157.3699951171875,0.0
2026-08-05 03:15:00+00:00,157.36900329589844,157.44200134277344,157.34800720214844,157.42599487304688,0.0
2026-08-05 03:30:00+00:00,157.42599487304688,157.53199768066406,157.4250030517578,157.4720001220703,0.0
2026-08-05 03:45:00+00:00,157.47999572753906,157.48899841308594,157.4010009765625,157.4149932861328,0.0
2026-08-05 04:00:00+00:00,157.41900634765625,157.42799377441406,157.36399841308594,157.38900756835938,0.0
2026-08-05 04:15:00+00:00,157.39199829101562,157.41900634765625,157.36399841308594,157.4029998779297,0.0
2026-08-05 04:30:00+00:00,157.4029998779297,157.56700134277344,157.4029998779297,157.5659942626953,0.0
2026-08-05 04:45:00+00:00,157.5590057373047,157.68299865722656,157.5570068359375,157.65199279785156,0.0
2026-08-05 05:00:00+00:00,157.6479949951172,157.70899963378906,157.64100646972656,157.6490020751953,0.0
2026-08-05 05:15:00+00:00,157.65199279785156,157.67799377441406,157.6060028076172,157.64999389648438,0.0
2026-08-05 05:30:00+00:00,157.64700317382812,157.68099975585938,157.60400390625,157.6230010986328,0.0
2026-08-05 05:45:00+00:00,157.6230010986328,157.66799926757812,157.58200073242188,157.63299560546875,0.0
2026-08-05 06:00:00+00:00,157.63400268554688,157.68600463867188,157.59800720214844,157.65499877929688,0.0
2026-08-05 06:15:00+00:00,157.6490020751953,157.76699829101562,157.6490020751953,157.6999969482422,0.0
2026-08-05 06:30:00+00:00,157.6999969482422,157.74099731445312,157.57000732421875,157.60899353027344,0.0
2026-08-05 06:45:00+00:00,157.60899353027344,157.66799926757812,157.5800018310547,157.61000061035156,0.0
2026-08-05 07:00:00+00:00,157.60899353027344,157.6959991455078,157.55499267578125,157.6909942626953,0.0
2026-08-05 07:15:00+00:00,157.6820068359375,157.70700073242188,157.5240020751953,157.68099975585938,0.0
2026-08-05 07:30:00+00:00,157.6750030517578,157.73800659179688,157.656005859375,157.71200561523438,0.0
2026-08-05 07:45:00+00:00,157.71600341796875,157.74000549316406,157.68099975585938,157.71099853515625,0.0
2026-08-05 08:00:00+00:00,157.71299743652344,157.79200744628906,157.69900512695312,157.79200744628906,0.0
2026-08-05 08:15:00+00:00,157.7830047607422,157.7949981689453,157.72799682617188,157.76699829101562,0.0
2026-08-05 08:30:00+00:00,157.77200317382812,157.86399841308594,157.7689971923828,157.83900451660156,0.0
2026-08-05 08:45:00+00:00,157.83299255371094,157.875,157.79800415039062,157.81399536132812,0.0
2026-08-05 09:00:00+00:00,157.81399536132812,157.86599731445312,157.7830047607422,157.8280029296875,0.0
2026-08-05 09:15:00+00:00,157.82200622558594,157.82899475097656,157.72999572753906,157.80499267578125,0.0
2026-08-05 09:30:00+00:00,157.79800415039062,157.8159942626953,157.7050018310547,157.7169952392578,0.0
2026-08-05 09:45:00+00:00,157.7169952392578,157.76600646972656,157.68699645996094,157.74899291992188,0.0
2026-08-05 10:00:00+00:00,157.74600219726562,157.81300354003906,157.72300720214844,157.79400634765625,0.0
2026-08-05 10:15:00+00:00,157.79400634765625,157.80599975585938,157.72900390625,157.7449951171875,0.0
2026-08-05 10:30:00+00:00,157.7480010986328,157.77699279785156,157.7209930419922,157.75799560546875,0.0
2026-08-05 10:45:00+00:00,157.75900268554688,157.76300048828125,157.68699645996094,157.69700622558594,0.0
2026-08-05 11:00:00+00:00,157.69700622558594,157.70399475097656,157.57200622558594,157.58900451660156,0.0
2026-08-05 11:15:00+00:00,157.58900451660156,157.60800170898438,157.4770050048828,157.55099487304688,0.0
2026-08-05 11:30:00+00:00,157.55099487304688,157.5800018310547,157.51400756835938,157.54200744628906,0.0
2026-08-05 11:45:00+00:00,157.53900146484375,157.60699462890625,157.51499938964844,157.55999755859375,0.0
2026-08-05 12:00:00+00:00,157.552001953125,157.60800170898438,157.53700256347656,157.5469970703125,0.0
2026-08-05 12:15:00+00:00,157.55999755859375,157.5749969482422,157.41000366210938,157.50999450683594,0.0
2026-08-05 12:30:00+00:00,157.50100708007812,157.593994140625,157.4759979248047,157.5780029296875,0.0
2026-08-05 12:45:00+00:00,157.5780029296875,157.63600158691406,157.55299377441406,157.62399291992188,0.0
2026-08-05 13:00:00+00:00,157.62100219726562,157.63099670410156,157.52999877929688,157.5780029296875,0.0
2026-08-05 13:15:00+00:00,157.58099365234375,157.6490020751953,157.5290069580078,157.53900146484375,0.0
2026-08-05 13:30:00+00:00,157.5399932861328,157.57400512695312,157.4199981689453,157.46299743652344,0.0
2026-08-05 13:45:00+00:00,157.46299743652344,157.56500244140625,157.45799255371094,157.53599548339844,0.0
2026-08-05 14:00:00+00:00,157.531005859375,157.54800415039062,157.3040008544922,157.3800048828125,0.0
2026-08-05 14:15:00+00:00,157.375,157.48599243164062,157.35299682617188,157.46400451660156,0.0
2026-08-05 14:30:00+00:00,157.47000122070312,157.54100036621094,157.45899963378906,157.49400329589844,0.0
2026-08-05 14:45:00+00:00,157.48899841308594,157.60699462890625,157.4810028076172,157.49400329589844,0.0
2026-08-05 15:00:00+00:00,157.49099731445312,157.56199645996094,157.4040069580078,157.5540008544922,0.0
2026-08-05 15:15:00+00:00,157.55599975585938,157.60299682617188,157.5449981689453,157.56399536132812,0.0
2026-08-05 15:30:00+00:00,157.5679931640625,157.60699462890625,157.53799438476562,157.56700134277344,0.0
2026-08-05 15:45:00+00:00,157.57200622558594,157.66600036621094,157.56199645996094,157.6580047607422,0.0
2026-08-05 16:00:00+00:00,157.656005859375,157.677001953125,157.60299682617188,157.63400268554688,0.0
2026-08-05 16:15:00+00:00,157.63400268554688,157.656005859375,157.59800720214844,157.64100646972656,0.0
2026-08-05 16:30:00+00:00,157.63600158691406,157.6909942626953,157.63400268554688,157.67999267578125,0.0
2026-08-05 16:45:00+00:00,157.6739959716797,157.75599670410156,157.66799926757812,157.7449951171875,0.0
2026-08-05 17:00:00+00:00,157.73699951171875,157.8000030517578,157.68699645996094,157.75900268554688,0.0
2026-08-05 17:15:00+00:00,157.75900268554688,157.78500366210938,157.70199584960938,157.70799255371094,0.0
2026-08-05 17:30:00+00:00,157.71400451660156,157.73800659179688,157.6719970703125,157.68499755859375,0.0
2026-08-05 17:45:00+00:00,157.68499755859375,157.71400451660156,157.6510009765625,157.67999267578125,0.0
2026-08-05 18:00:00+00:00,157.67999267578125,157.70899963378906,157.6300048828125,157.66799926757812,0.0
2026-08-05 18:15:00+00:00,157.6699981689453,157.7030029296875,157.61399841308594,157.62399291992188,0.0
2026-08-05 18:30:00+00:00,157.6280059814453,157.68800354003906,157.62100219726562,157.6840057373047,0.0
2026-08-05 18:45:00+00:00,157.68299865722656,157.69400024414062,157.63600158691406,157.66700744628906,0.0
2026-08-05 19:00:00+00:00,157.66900634765625,157.72799682617188,157.64500427246094,157.6999969482422,0.0
2026-08-05 19:15:00+00:00,157.6999969482422,157.74899291992188,157.69900512695312,157.73699951171875,0.0
2026-08-05 19:30:00+00:00,157.74000549316406,157.74400329589844,157.6719970703125,157.70599365234375,0.0
2026-08-05 19:45:00+00:00,157.70399475097656,157.74600219726562,157.69400024414062,157.7169952392578,0.0
2026-08-05 20:00:00+00:00,157.7169952392578,157.7729949951172,157.68600463867188,157.77099609375,0.0
2026-08-05 20:15:00+00:00,157.76600646972656,157.81399536132812,157.76400756835938,157.79600524902344,0.0
2026-08-05 20:30:00+00:00,157.79299926757812,157.80599975585938,157.7429962158203,157.76199340820312,0.0
2026-08-05 20:45:00+00:00,157.75999450683594,157.77499389648438,157.7220001220703,157.7270050048828,0.0
2026-08-05 21:00:00+00:00,157.72799682617188,157.72999572753906,157.65899658203125,157.6999969482422,0.0
2026-08-05 21:15:00+00:00,157.68099975585938,157.7259979248047,157.6750030517578,157.69900512695312,0.0
2026-08-05 21:30:00+00:00,157.718994140625,157.72500610351562,157.6649932861328,157.68600463867188,0.0
2026-08-05 21:45:00+00:00,157.69200134277344,157.7220001220703,157.61599731445312,157.66900634765625,0.0
2026-08-05 22:00:00+00:00,157.6699981689453,157.7169952392578,157.6540069580078,157.69000244140625,0.0
2026-08-05 22:15:00+00:00,157.68800354003906,157.7100067138672,157.6790008544922,157.69700622558594,0.0
2026-08-05 22:30:00+00:00,157.68600463867188,157.7100067138672,157.677001953125,157.69000244140625,0.0
2026-08-05 22:45:00+00:00,157.69000244140625,157.70199584960938,157.6540069580078,157.6580047607422,0.0
2026-08-05 23:00:00+00:00,157.66299438476562,157.6750030517578,157.6219940185547,157.62399291992188,0.0
2026-08-05 23:15:00+00:00,157.62399291992188,157.65699768066406,157.6219940185547,157.64700317382812,0.0
2026-08-05 23:30:00+00:00,157.64700317382812,157.65899658203125,157.6009979248047,157.60800170898438,0.0
2026-08-05 23:45:00+00:00,157.60499572753906,157.63299560546875,157.54800415039062,157.60400390625,0.0
2026-08-06 00:00:00+00:00,157.60000610351562,157.70799255371094,157.60000610351562,157.69000244140625,0.0
2026-08-06 00:15:00+00:00,157.6840057373047,157.72500610351562,157.6580047607422,157.68600463867188,0.0
2026-08-06 00:30:00+00:00,157.68600463867188,157.7169952392578,157.6540069580078,157.69200134277344,0.0
2026-08-06 00:45:00+00:00,157.68099975585938,157.75999450683594,157.64500427246094,157.72999572753906,0.0
2026-08-06 01:00:00+00:00,157.7220001220703,157.7429962158203,157.68899536132812,157.73399353027344,0.0
2026-08-06 01:15:00+00:00,157.72799682617188,157.7480010986328,157.64300537109375,157.67100524902344,0.0
2026-08-06 01:30:00+00:00,157.66600036621094,157.6820068359375,157.58799743652344,157.6179962158203,0.0
2026-08-06 01:45:00+00:00,157.61900329589844,157.67300415039062,157.60800170898438,157.6649932861328,0.0
2026-08-06 02:00:00+00:00,157.656005859375,157.68499755859375,157.58399963378906,157.6320037841797,0.0
2026-08-06 02:15:00+00:00,157.63600158691406,157.68499755859375,157.625,157.66200256347656,0.0
2026-08-06 02:30:00+00:00,157.6580047607422,157.6840057373047,157.62899780273438,157.63499450683594,0.0
2026-08-06 02:45:00+00:00,157.62899780273438,157.67599487304688,157.62899780273438,157.67300415039062,0.0
2026-08-06 03:00:00+00:00,157.66299438476562,157.72799682617188,157.66299438476562,157.71200561523438,0.0
2026-08-06 03:15:00+00:00,157.7220001220703,157.74200439453125,157.7010040283203,157.72300720214844,0.0
2026-08-06 03:30:00+00:00,157.7270050048828,157.7429962158203,157.68699645996094,157.73500061035156,0.0
2026-08-06 03:45:00+00:00,157.73500061035156,157.7449951171875,157.71200561523438,157.7270050048828,0.0
2026-08-06 04:00:00+00:00,157.7270050048828,157.74000549316406,157.70799255371094,157.7270050048828,0.0
2026-08-06 04:15:00+00:00,157.7259979248047,157.73399353027344,157.7010040283203,157.7270050048828,0.0
2026-08-06 04:30:00+00:00,157.7259979248047,157.7449951171875,157.71400451660156,157.7259979248047,0.0
2026-08-06 04:45:00+00:00,157.7259979248047,157.74899291992188,157.7169952392578,157.73399353027344,0.0
2026-08-06 05:00:00+00:00,157.73399353027344,157.77699279785156,157.72999572753906,157.76300048828125,0.0
2026-08-06 05:15:00+00:00,157.75799560546875,157.77099609375,157.7480010986328,157.75799560546875,0.0
2026-08-06 05:30:00+00:00,157.76600646972656,157.7689971923828,157.70199584960938,157.70799255371094,0.0
2026-08-06 05:45:00+00:00,157.71400451660156,157.75999450683594,157.70700073242188,157.7480010986328,0.0
2026-08-06 06:00:00+00:00,157.7449951171875,157.8000030517578,157.718994140625,157.76600646972656,0.0
2026-08-06 06:15:00+00:00,157.76600646972656,157.8470001220703,157.76600646972656,157.8179931640625,0.0
2026-08-06 06:30:00+00:00,157.8070068359375,157.8509979248047,157.7969970703125,157.8090057373047,0.0
2026-08-06 06:45:00+00:00,157.81300354003906,157.843994140625,157.80299377441406,157.82699584960938,0.0
2026-08-06 07:00:00+00:00,157.82200622558594,157.82899475097656,157.74600219726562,157.78799438476562,0.0
2026-08-06 07:15:00+00:00,157.7899932861328,157.7989959716797,157.7429962158203,157.7689971923828,0.0
2026-08-06 07:30:00+00:00,157.76300048828125,157.87399291992188,157.76199340820312,157.85299682617188,0.0
2026-08-06 07:45:00+00:00,157.8520050048828,157.89500427246094,157.83799743652344,157.85800170898438,0.0
2026-08-06 08:00:00+00:00,157.85899353027344,157.88099670410156,157.81199645996094,157.85000610351562,0.0
2026-08-06 08:15:00+00:00,157.85000610351562,157.8769989013672,157.83399963378906,157.84500122070312,0.0
2026-08-06 08:30:00+00:00,157.8419952392578,157.85699462890625,157.80999755859375,157.81100463867188,0.0
2026-08-06 08:45:00+00:00,157.81100463867188,157.84100341796875,157.78599548339844,157.8350067138672,0.0
2026-08-06 09:00:00+00:00,157.83200073242188,157.85699462890625,157.8159942626953,157.82400512695312,0.0
2026-08-06 09:15:00+00:00,157.82400512695312,157.86099243164062,157.8209991455078,157.8470001220703,0.0
2026-08-06 09:30:00+00:00,157.83900451660156,157.8769989013672,157.83700561523438,157.86000061035156,0.0
2026-08-06 09:45:00+00:00,157.86199951171875,157.88099670410156,157.8459930419922,157.86700439453125,0.0
2026-08-06 10:00:00+00:00,157.86399841308594,157.89199829101562,157.8280029296875,157.8769989013672,0.0
2026-08-06 10:15:00+00:00,157.88499450683594,157.88999938964844,157.84500122070312,157.8560028076172,0.0
2026-08-06 10:30:00+00:00,157.8520050048828,157.86599731445312,157.83700561523438,157.85299682617188,0.0
2026-08-06 10:45:00+00:00,157.8560028076172,157.8800048828125,157.83700561523438,157.8679962158203,0.0
2026-08-06 11:00:00+00:00,157.8679962158203,157.93600463867188,157.86099243164062,157.92799377441406,0.0
2026-08-06 11:15:00+00:00,157.92999267578125,157.93800354003906,157.8699951171875,157.88400268554688,0.0
2026-08-06 11:30:00+00:00,157.88800048828125,157.93099975585938,157.8769989013672,157.9250030517578,0.0
2026-08-06 11:45:00+00:00,157.9199981689453,157.93600463867188,157.8489990234375,157.8489990234375,0.0
2026-08-06 12:00:00+00:00,157.85000610351562,157.87100219726562,157.81500244140625,157.85899353027344,0.0
2026-08-06 12:15:00+00:00,157.85400390625,157.8730010986328,157.83099365234375,157.84500122070312,0.0
2026-08-06 12:30:00+00:00,157.8179931640625,157.9250030517578,157.80999755859375,157.90199279785156,0.0
2026-08-06 12:45:00+00:00,157.90199279785156,157.91700744628906,157.8769989013672,157.90199279785156,0.0
2026-08-06 13:00:00+00:00,157.8990020751953,157.9290008544922,157.86300659179688,157.91799926757812,0.0
2026-08-06 13:15:00+00:00,157.92100524902344,157.9219970703125,157.8780059814453,157.88900756835938,0.0
2026-08-06 13:30:00+00:00,157.88900756835938,157.94400024414062,157.8769989013672,157.927001953125,0.0
2026-08-06 13:45:00+00:00,157.9219970703125,157.9409942626953,157.81500244140625,157.86300659179688,0.0
2026-08-06 14:00:00+00:00,157.86500549316406,158.27099609375,157.85899353027344,158.14199829101562,0.0
2026-08-06 14:15:00+00:00,158.14199829101562,158.22500610351562,158.10499572753906,158.2100067138672,0.0
2026-08-06 14:30:00+00:00,158.2100067138672,158.26800537109375,158.156005859375,158.16200256347656,0.0
2026-08-06 14:45:00+00:00,158.16600036621094,158.2830047607422,158.16200256347656,158.19900512695312,0.0
2026-08-06 15:00:00+00:00,158.19900512695312,158.41799926757812,158.19700622558594,158.41400146484375,0.0
2026-08-06 15:15:00+00:00,158.41900634765625,158.46299743652344,158.35699462890625,158.41400146484375,0.0
2026-08-06 15:30:00+00:00,158.4080047607422,158.43699645996094,158.375,158.38400268554688,0.0
2026-08-06 15:45:00+00:00,158.38400268554688,158.46299743652344,158.3800048828125,158.44700622558594,0.0
2026-08-06 16:00:00+00:00,158.4429931640625,158.51199340820312,158.4409942626953,158.49400329589844,0.0
2026-08-06 16:15:00+00:00,158.48800659179688,158.55499267578125,158.21600341796875,158.4530029296875,0.0
2026-08-06 16:30:00+00:00,158.4530029296875,158.5279998779297,158.4429931640625,158.5229949951172,0.0
2026-08-06 16:45:00+00:00,158.52200317382812,158.53199768066406,158.47900390625,158.50399780273438,0.0
2026-08-06 17:00:00+00:00,158.50399780273438,158.50999450683594,158.44200134277344,158.4429931640625,0.0
2026-08-06 17:15:00+00:00,158.4429931640625,158.48599243164062,158.41099548339844,158.41900634765625,0.0
2026-08-06 17:30:00+00:00,158.42599487304688,158.45599365234375,158.4080047607422,158.44000244140625,0.0
2026-08-06 17:45:00+00:00,158.43899536132812,158.447998046875,158.38600158691406,158.39700317382812,0.0
2026-08-06 18:00:00+00:00,158.3979949951172,158.41799926757812,158.3560028076172,158.39500427246094,0.0
2026-08-06 18:15:00+00:00,158.39199829101562,158.4080047607422,158.36700439453125,158.37899780273438,0.0
2026-08-06 18:30:00+00:00,158.37899780273438,158.4029998779297,158.36900329589844,158.38699340820312,0.0
2026-08-06 18:45:00+00:00,158.38600158691406,158.38699340820312,158.31900024414062,158.3209991455078,0.0
2026-08-06 19:00:00+00:00,158.3280029296875,158.3780059814453,158.28599548339844,158.36300659179688,0.0
2026-08-06 19:15:00+00:00,158.36199951171875,158.47999572753906,158.33999633789062,158.4499969482422,0.0
2026-08-06 19:30:00+00:00,158.4550018310547,158.46499633789062,158.41900634765625,158.45599365234375,0.0
2026-08-06 19:45:00+00:00,158.4510040283203,158.4709930419922,158.3699951171875,158.3939971923828,0.0
2026-08-06 20:00:00+00:00,158.4010009765625,158.4669952392578,158.38900756835938,158.45599365234375,0.0
2026-08-06 20:15:00+00:00,158.45700073242188,158.50799560546875,158.447998046875,158.46800231933594,0.0
2026-08-06 20:30:00+00:00,158.4669952392578,158.47300720214844,158.4459991455078,158.45700073242188,0.0
2026-08-06 20:45:00+00:00,158.447998046875,158.4810028076172,158.3820037841797,158.3820037841797,0.0
2026-08-06 21:00:00+00:00,158.38999938964844,158.43299865722656,158.3719940185547,158.3939971923828,0.0
2026-08-06 21:15:00+00:00,158.39700317382812,158.4720001220703,158.38499450683594,158.43299865722656,0.0
2026-08-06 21:30:00+00:00,158.43499755859375,158.4550018310547,158.39100646972656,158.43699645996094,0.0
2026-08-06 21:45:00+00:00,158.43600463867188,158.4709930419922,158.3990020751953,158.43499755859375,0.0
2026-08-06 22:00:00+00:00,158.43499755859375,158.50799560546875,158.427001953125,158.47300720214844,0.0
2026-08-06 22:15:00+00:00,158.47300720214844,158.49099731445312,158.4530029296875,158.4530029296875,0.0
2026-08-06 22:30:00+00:00,158.4530029296875,158.47000122070312,158.4290008544922,158.44200134277344,0.0
2026-08-06 22:45:00+00:00,158.44000244140625,158.4709930419922,158.4250030517578,158.46400451660156,0.0
2026-08-06 23:00:00+00:00,158.4510040283203,158.46800231933594,158.39100646972656,158.39300537109375,0.0
2026-08-06 23:15:00+00:00,158.39300537109375,158.42300415039062,158.36700439453125,158.4199981689453,0.0
2026-08-06 23:30:00+00:00,158.41700744628906,158.42300415039062,158.37600708007812,158.40899658203125,0.0
2026-08-06 23:45:00+00:00,158.4010009765625,158.42300415039062,158.37600708007812,158.41299438476562,0.0
2026-08-07 00:00:00+00:00,158.40899658203125,158.51600646972656,158.40699768066406,158.50799560546875,0.0
2026-08-07 00:15:00+00:00,158.51699829101562,158.53599548339844,158.47900390625,158.5050048828125,0.0
2026-08-07 00:30:00+00:00,158.5019989013672,158.5290069580078,158.48300170898438,158.51600646972656,0.0
2026-08-07 00:45:00+00:00,158.52099609375,158.5760040283203,158.468994140625,158.5189971923828,0.0
2026-08-07 01:00:00+00:00,158.5189971923828,158.53700256347656,158.38999938964844,158.4199981689453,0.0
2026-08-07 01:15:00+00:00,158.4199981689453,158.43499755859375,158.35400390625,158.41600036621094,0.0
2026-08-07 01:30:00+00:00,158.4080047607422,158.41700744628906,158.20799255371094,158.27000427246094,0.0
2026-08-07 01:45:00+00:00,158.26400756835938,158.33299255371094,158.25399780273438,158.322998046875,0.0
2026-08-07 02:00:00+00:00,158.322998046875,158.37399291992188,158.30099487304688,158.33200073242188,0.0
2026-08-07 02:15:00+00:00,158.33099365234375,158.37399291992188,158.31700134277344,158.33200073242188,0.0
2026-08-07 02:30:00+00:00,158.33599853515625,158.36000061035156,158.32000732421875,158.33299255371094,0.0
2026-08-07 02:45:00+00:00,158.33299255371094,158.38699340820312,158.33200073242188,158.37399291992188,0.0
2026-08-07 03:00:00+00:00,158.3679962158203,158.41400146484375,158.35699462890625,158.40899658203125,0.0
2026-08-07 03:15:00+00:00,158.4080047607422,158.4219970703125,158.3820037841797,158.3979949951172,0.0
2026-08-07 03:30:00+00:00,158.39500427246094,158.44500732421875,158.3820037841797,158.43299865722656,0.0
2026-08-07 03:45:00+00:00,158.42799377441406,158.447998046875,158.3679962158203,158.40499877929688,0.0
2026-08-07 04:00:00+00:00,158.40199279785156,158.427001953125,158.36700439453125,158.41400146484375,0.0
2026-08-07 04:15:00+00:00,158.4080047607422,158.4239959716797,158.38999938964844,158.40499877929688,0.0
2026-08-07 04:30:00+00:00,158.40699768066406,158.42999267578125,158.3679962158203,158.4010009765625,0.0
2026-08-07 04:45:00+00:00,158.39500427246094,158.41900634765625,158.3679962158203,158.37100219726562,0.0
2026-08-07 05:00:00+00:00,158.3699951171875,158.38800048828125,158.34100341796875,158.36500549316406,0.0
2026-08-07 05:15:00+00:00,158.36700439453125,158.39300537109375,158.36000061035156,158.3730010986328,0.0
2026-08-07 05:30:00+00:00,158.3679962158203,158.38600158691406,158.34300231933594,158.35699462890625,0.0
2026-08-07 05:45:00+00:00,158.35499572753906,158.36199951171875,158.31500244140625,158.32699584960938,0.0
2026-08-07 06:00:00+00:00,158.32699584960938,158.35499572753906,158.3040008544922,158.30599975585938,0.0
2026-08-07 06:15:00+00:00,158.30599975585938,158.33399963378906,158.28199768066406,158.29800415039062,0.0
2026-08-07 06:30:00+00:00,158.30499267578125,158.35400390625,158.281005859375,158.30299377441406,0.0
2026-08-07 06:45:00+00:00,158.30499267578125,158.3679962158203,158.30299377441406,158.35699462890625,0.0
2026-08-07 07:00:00+00:00,158.36099243164062,158.3730010986328,158.3209991455078,158.3280029296875,0.0
2026-08-07 07:15:00+00:00,158.32899475097656,158.39199829101562,158.31700134277344,158.38099670410156,0.0
2026-08-07 07:30:00+00:00,158.37600708007812,158.4239959716797,158.3719940185547,158.39300537109375,0.0
2026-08-07 07:45:00+00:00,158.3939971923828,158.45700073242188,158.39300537109375,158.39999389648438,0.0
2026-08-07 08:00:00+00:00,158.41000366210938,158.4770050048828,158.38900756835938,158.46099853515625,0.0
2026-08-07 08:15:00+00:00,158.46600341796875,158.47799682617188,158.42999267578125,158.44900512695312,0.0
2026-08-07 08:30:00+00:00,158.447998046875,158.46200561523438,158.35899353027344,158.37399291992188,0.0
2026-08-07 08:45:00+00:00,158.3730010986328,158.4010009765625,158.33399963378906,158.375,0.0
2026-08-07 09:00:00+00:00,158.36599731445312,158.39500427246094,158.3470001220703,158.36000061035156,0.0
2026-08-07 09:15:00+00:00,158.36000061035156,158.3719940185547,158.33900451660156,158.35299682617188,0.0
2026-08-07 09:30:00+00:00,158.35299682617188,158.35899353027344,158.31199645996094,158.343994140625,0.0
2026-08-07 09:45:00+00:00,158.34300231933594,158.3699951171875,158.3249969482422,158.35000610351562,0.0
2026-08-07 10:00:00+00:00,158.35000610351562,158.39599609375,158.34800720214844,158.3719940185547,0.0
2026-08-07 10:15:00+00:00,158.3800048828125,158.4149932861328,158.37100219726562,158.39999389648438,0.0
2026-08-07 10:30:00+00:00,158.3979949951172,158.40699768066406,158.24000549316406,158.29800415039062,0.0
2026-08-07 10:45:00+00:00,158.2969970703125,158.3300018310547,158.2740020751953,158.30099487304688,0.0
2026-08-07 11:00:00+00:00,158.30099487304688,158.32200622558594,158.25799560546875,158.31300354003906,0.0
2026-08-07 11:15:00+00:00,158.31900024414062,158.3730010986328,158.31300354003906,158.37100219726562,0.0
2026-08-07 11:30:00+00:00,158.36399841308594,158.3719940185547,158.29299926757812,158.33099365234375,0.0
2026-08-07 11:45:00+00:00,158.32400512695312,158.33900451660156,158.29800415039062,158.3260040283203,0.0
2026-08-07 12:00:00+00:00,158.3260040283203,158.3470001220703,158.29200744628906,158.3350067138672,0.0
2026-08-07 12:15:00+00:00,158.33200073242188,158.39700317382812,158.29800415039062,158.33099365234375,0.0
2026-08-07 12:30:00+00:00,158.29100036621094,158.33700561523438,156.65199279785156,157.25399780273438,0.0
2026-08-07 12:45:00+00:00,157.26499938964844,157.39199829101562,157.0850067138672,157.3800048828125,0.0
2026-08-07 13:00:00+00:00,157.37899780273438,157.4949951171875,157.23300170898438,157.25399780273438,0.0
2026-08-07 13:15:00+00:00,157.25900268554688,157.4239959716797,157.2449951171875,157.3979949951172,0.0
2026-08-07 13:30:00+00:00,157.406005859375,157.6540069580078,157.3820037841797,157.53700256347656,0.0
2026-08-07 13:45:00+00:00,157.5290069580078,157.76100158691406,157.51199340820312,157.73899841308594,0.0
2026-08-07 14:00:00+00:00,157.73300170898438,157.79400634765625,157.70199584960938,157.7220001220703,0.0
2026-08-07 14:15:00+00:00,157.72300720214844,157.79100036621094,157.66400146484375,157.77000427246094,0.0
2026-08-07 14:30:00+00:00,157.77200317382812,157.8769989013672,157.718994140625,157.8419952392578,0.0
2026-08-07 14:45:00+00:00,157.8419952392578,157.94900512695312,157.80799865722656,157.92599487304688,0.0
2026-08-07 15:00:00+00:00,157.9250030517578,157.98899841308594,157.8070068359375,157.8070068359375,0.0
2026-08-07 15:15:00+00:00,157.80999755859375,157.83700561523438,157.66900634765625,157.69500732421875,0.0
2026-08-07 15:30:00+00:00,157.6959991455078,157.7449951171875,157.43499755859375,157.50900268554688,0.0
2026-08-07 15:45:00+00:00,157.50399780273438,157.61000061035156,157.46800231933594,157.54800415039062,0.0
2026-08-07 16:00:00+00:00,157.5489959716797,157.552001953125,157.41700744628906,157.4199981689453,0.0
2026-08-07 16:15:00+00:00,157.4199981689453,157.5,157.2989959716797,157.36900329589844,0.0
2026-08-07 16:30:00+00:00,157.3679962158203,157.41900634765625,157.31399536132812,157.3939971923828,0.0
2026-08-07 16:45:00+00:00,157.39300537109375,157.46800231933594,157.3249969482422,157.44700622558594,0.0
2026-08-07 17:00:00+00:00,157.44900512695312,157.5,157.41299438476562,157.41700744628906,0.0
2026-08-07 17:15:00+00:00,157.42100524902344,157.44700622558594,157.37399291992188,157.406005859375,0.0
2026-08-07 17:30:00+00:00,157.3990020751953,157.447998046875,157.36599731445312,157.43499755859375,0.0
2026-08-07 17:45:00+00:00,157.44000244140625,157.48899841308594,157.42300415039062,157.48300170898438,0.0
2026-08-07 18:00:00+00:00,157.48199462890625,157.6020050048828,157.4720001220703,157.58399963378906,0.0
2026-08-07 18:15:00+00:00,157.58200073242188,157.625,157.5500030517578,157.58099365234375,0.0
2026-08-07 18:30:00+00:00,157.58399963378906,157.60299682617188,157.53700256347656,157.55299377441406,0.0
2026-08-07 18:45:00+00:00,157.55299377441406,157.5659942626953,157.50999450683594,157.53199768066406,0.0
2026-08-07 19:00:00+00:00,157.5290069580078,157.61000061035156,157.47900390625,157.6020050048828,0.0
2026-08-07 19:15:00+00:00,157.6020050048828,157.6199951171875,157.4980010986328,157.4980010986328,0.0
2026-08-07 19:30:00+00:00,157.51100158691406,157.51699829101562,157.4459991455078,157.5050048828125,0.0
2026-08-07 19:45:00+00:00,157.50900268554688,157.56500244140625,157.45399475097656,157.55299377441406,0.0
2026-08-07 20:00:00+00:00,157.55599975585938,157.68699645996094,157.53399658203125,157.67300415039062,0.0
2026-08-07 20:15:00+00:00,157.68299865722656,157.77200317382812,157.67300415039062,157.7259979248047,0.0
2026-08-07 20:30:00+00:00,157.73399353027344,157.87100219726562,157.7270050048828,157.76300048828125,0.0
2026-08-07 20:45:00+00:00,157.7779998779297,157.843994140625,157.7270050048828,157.7449951171875,0.0
2026-08-09 23:00:00+00:00,157.91600036621094,157.93600463867188,157.8419952392578,157.86900329589844,0.0
2026-08-09 23:15:00+00:00,157.85499572753906,157.89599609375,157.81900024414062,157.83099365234375,0.0
2026-08-09 23:30:00+00:00,157.83099365234375,157.89300537109375,157.8280029296875,157.8800048828125,0.0
2026-08-09 23:45:00+00:00,157.8800048828125,157.9149932861328,157.85499572753906,157.89999389648438,0.0
2026-08-10 00:00:00+00:00,157.90199279785156,157.91400146484375,157.83099365234375,157.85000610351562,0.0
2026-08-10 00:15:00+00:00,157.85000610351562,157.93899536132812,157.8489990234375,157.91000366210938,0.0
2026-08-10 00:30:00+00:00,157.91000366210938,157.947998046875,157.9040069580078,157.93099975585938,0.0
2026-08-10 00:45:00+00:00,157.9320068359375,157.968994140625,157.88699340820312,157.9429931640625,0.0
2026-08-10 01:00:00+00:00,157.9429931640625,158.1439971923828,157.92300415039062,158.04800415039062,0.0
2026-08-10 01:15:00+00:00,158.0590057373047,158.1269989013672,158.01400756835938,158.10299682617188,0.0
2026-08-10 01:30:00+00:00,158.1020050048828,158.22799682617188,158.1020050048828,158.1999969482422,0.0
2026-08-10 01:45:00+00:00,158.19700622558594,158.31700134277344,158.1649932861328,158.26600646972656,0.0
2026-08-10 02:00:00+00:00,158.26600646972656,158.3040008544922,158.2259979248047,158.27999877929688,0.0
2026-08-10 02:15:00+00:00,158.2830047607422,158.29600524902344,158.23899841308594,158.2449951171875,0.0
2026-08-10 02:30:00+00:00,158.24200439453125,158.2689971923828,158.21400451660156,158.26300048828125,0.0
2026-08-10 02:45:00+00:00,158.26400756835938,158.26600646972656,158.21600341796875,158.22500610351562,0.0
2026-08-10 03:00:00+00:00,158.22900390625,158.23399353027344,158.17599487304688,158.19200134277344,0.0
2026-08-10 03:15:00+00:00,158.19200134277344,158.2050018310547,158.14700317382812,158.15499877929688,0.0
2026-08-10 03:30:00+00:00,158.15499877929688,158.22300720214844,158.14700317382812,158.19000244140625,0.0
2026-08-10 03:45:00+00:00,158.19900512695312,158.20799255371094,158.1649932861328,158.1959991455078,0.0
2026-08-10 04:00:00+00:00,158.19000244140625,158.26300048828125,158.19000244140625,158.2429962158203,0.0
2026-08-10 04:15:00+00:00,158.2429962158203,158.281005859375,158.22799682617188,158.26600646972656,0.0
2026-08-10 04:30:00+00:00,158.25599670410156,158.2779998779297,158.2480010986328,158.26499938964844,0.0
2026-08-10 04:45:00+00:00,158.26499938964844,158.3419952392578,158.2220001220703,158.33700561523438,0.0
2026-08-10 05:00:00+00:00,158.33200073242188,158.375,158.29200744628906,158.35800170898438,0.0
2026-08-10 05:15:00+00:00,158.35699462890625,158.38699340820312,158.3280029296875,158.33700561523438,0.0
2026-08-10 05:30:00+00:00,158.33299255371094,158.3679962158203,158.3040008544922,158.36399841308594,0.0
2026-08-10 05:45:00+00:00,158.3560028076172,158.36500549316406,158.31100463867188,158.33900451660156,0.0
2026-08-10 06:00:00+00:00,158.33900451660156,158.45700073242188,158.33200073242188,158.40899658203125,0.0
2026-08-10 06:15:00+00:00,158.40899658203125,158.4530029296875,158.36700439453125,158.40899658203125,0.0
2026-08-10 06:30:00+00:00,158.41600036621094,158.43800354003906,158.39300537109375,158.4029998779297,0.0
2026-08-10 06:45:00+00:00,158.406005859375,158.41299438476562,158.34500122070312,158.37899780273438,0.0
2026-08-10 07:00:00+00:00,158.375,158.46200561523438,158.375,158.4550018310547,0.0
2026-08-10 07:15:00+00:00,158.447998046875,158.49000549316406,158.4239959716797,158.45599365234375,0.0
2026-08-10 07:30:00+00:00,158.45599365234375,158.5229949951172,158.44500732421875,158.45799255371094,0.0
2026-08-10 07:45:00+00:00,158.46499633789062,158.52200317382812,158.39700317382812,158.47999572753906,0.0
2026-08-10 08:00:00+00:00,158.47999572753906,158.49899291992188,158.42599487304688,158.4550018310547,0.0
2026-08-10 08:15:00+00:00,158.45700073242188,158.49600219726562,158.4530029296875,158.49099731445312,0.0
2026-08-10 08:30:00+00:00,158.48399353027344,158.58799743652344,158.47799682617188,158.55499267578125,0.0
2026-08-10 08:45:00+00:00,158.55499267578125,158.68499755859375,158.53599548339844,158.6580047607422,0.0
2026-08-10 09:00:00+00:00,158.66299438476562,158.73500061035156,158.64199829101562,158.6490020751953,0.0
2026-08-10 09:15:00+00:00,158.6529998779297,158.697998046875,158.64199829101562,158.677001953125,0.0
2026-08-10 09:30:00+00:00,158.6739959716797,158.78700256347656,158.67300415039062,158.76699829101562,0.0
2026-08-10 09:45:00+00:00,158.77000427246094,158.85800170898438,158.76699829101562,158.84300231933594,0.0
2026-08-10 10:00:00+00:00,158.84500122070312,158.89100646972656,158.8300018310547,158.8419952392578,0.0
2026-08-10 10:15:00+00:00,158.8470001220703,158.8679962158203,158.7259979248047,158.79100036621094,0.0
2026-08-10 10:30:00+00:00,158.7949981689453,158.82400512695312,158.76400756835938,158.7760009765625,0.0
2026-08-10 10:45:00+00:00,158.78199768066406,158.8000030517578,158.7259979248047,158.77999877929688,0.0
2026-08-10 11:00:00+00:00,158.781005859375,158.84100341796875,158.73399353027344,158.802001953125,0.0
2026-08-10 11:15:00+00:00,158.80099487304688,158.81500244140625,158.76600646972656,158.78500366210938,0.0
2026-08-10 11:30:00+00:00,158.78900146484375,158.83200073242188,158.7790069580078,158.81500244140625,0.0
2026-08-10 11:45:00+00:00,158.81900024414062,158.87600708007812,158.80999755859375,158.80999755859375,0.0
2026-08-10 12:00:00+00:00,158.80999755859375,158.8350067138672,158.4010009765625,158.68099975585938,0.0
2026-08-10 12:15:00+00:00,158.68099975585938,158.79600524902344,158.65699768066406,158.7480010986328,0.0
2026-08-10 12:30:00+00:00,158.74000549316406,158.86000061035156,158.73599243164062,158.8560028076172,0.0
2026-08-10 12:45:00+00:00,158.8520050048828,158.947998046875,158.83700561523438,158.93800354003906,0.0
2026-08-10 13:00:00+00:00,158.9340057373047,158.9810028076172,158.89700317382812,158.8990020751953,0.0
2026-08-10 13:15:00+00:00,158.9080047607422,158.95199584960938,158.89500427246094,158.91600036621094,0.0
2026-08-10 13:30:00+00:00,158.91600036621094,158.98699951171875,158.906005859375,158.9739990234375,0.0
2026-08-10 13:45:00+00:00,158.97500610351562,159.06399536132812,158.85299682617188,159.01300048828125,0.0
2026-08-10 14:00:00+00:00,159.00799560546875,159.01699829101562,158.8939971923828,158.92799377441406,0.0
2026-08-10 14:15:00+00:00,158.9219970703125,158.9320068359375,158.85699462890625,158.8780059814453,0.0
2026-08-10 14:30:00+00:00,158.88600158691406,158.9550018310547,158.875,158.8990020751953,0.0
2026-08-10 14:45:00+00:00,158.906005859375,158.968994140625,158.85899353027344,158.93600463867188,0.0
2026-08-10 15:00:00+00:00,158.92999267578125,159.0070037841797,158.87899780273438,158.9499969482422,0.0
2026-08-10 15:15:00+00:00,158.95700073242188,158.96600341796875,158.85000610351562,158.9080047607422,0.0
2026-08-10 15:30:00+00:00,158.9029998779297,158.95199584960938,158.89100646972656,158.927001953125,0.0
2026-08-10 15:45:00+00:00,158.9320068359375,158.93899536132812,158.89199829101562,158.89599609375,0.0
2026-08-10 16:00:00+00:00,158.89599609375,158.94200134277344,158.88900756835938,158.93299865722656,0.0
2026-08-10 16:15:00+00:00,158.93899536132812,158.9510040283203,158.91099548339844,158.92599487304688,0.0
2026-08-10 16:30:00+00:00,158.9219970703125,159.00399780273438,158.9199981689453,158.99400329589844,0.0
2026-08-10 16:45:00+00:00,158.99400329589844,159.04400634765625,158.9739990234375,159.0279998779297,0.0
2026-08-10 17:00:00+00:00,159.031005859375,159.16299438476562,159.02200317382812,159.10000610351562,0.0
2026-08-10 17:15:00+00:00,159.10800170898438,159.14199829101562,159.09100341796875,159.0970001220703,0.0
2026-08-10 17:30:00+00:00,159.1060028076172,159.11199951171875,159.06700134277344,159.10699462890625,0.0
2026-08-10 17:45:00+00:00,159.09800720214844,159.14300537109375,159.09800720214844,159.13099670410156,0.0
2026-08-10 18:00:00+00:00,159.1300048828125,159.13900756835938,159.0989990234375,159.13800048828125,0.0
2026-08-10 18:15:00+00:00,159.13699340820312,159.18499755859375,159.13099670410156,159.15699768066406,0.0
2026-08-10 18:30:00+00:00,159.15699768066406,159.17599487304688,159.07699584960938,159.16000366210938,0.0
2026-08-10 18:45:00+00:00,159.15499877929688,159.35800170898438,159.1540069580078,159.23599243164062,0.0
2026-08-10 19:00:00+00:00,159.23500061035156,159.26199340820312,159.2169952392578,159.23300170898438,0.0
2026-08-10 19:15:00+00:00,159.23300170898438,159.27999877929688,159.2270050048828,159.2740020751953,0.0
2026-08-10 19:30:00+00:00,159.27099609375,159.36300659179688,159.2689971923828,159.30299377441406,0.0
2026-08-10 19:45:00+00:00,159.30599975585938,159.32400512695312,159.2689971923828,159.3000030517578,0.0
2026-08-10 20:00:00+00:00,159.29600524902344,159.322998046875,159.2779998779297,159.3090057373047,0.0
2026-08-10 20:15:00+00:00,159.3090057373047,159.343994140625,159.30499267578125,159.32899475097656,0.0
2026-08-10 20:30:00+00:00,159.32899475097656,159.33999633789062,159.30099487304688,159.30799865722656,0.0
2026-08-10 20:45:00+00:00,159.30499267578125,159.32200622558594,159.2779998779297,159.28399658203125,0.0
2026-08-10 21:00:00+00:00,159.2570037841797,159.26800537109375,159.1540069580078,159.2429962158203,0.0
2026-08-10 21:15:00+00:00,159.24200439453125,159.26800537109375,159.1929931640625,159.23899841308594,0.0
2026-08-10 21:30:00+00:00,159.2469940185547,159.2519989013672,159.1999969482422,159.218994140625,0.0
2026-08-10 21:45:00+00:00,159.22500610351562,159.25399780273438,159.18299865722656,159.2220001220703,0.0
2026-08-10 22:00:00+00:00,159.2209930419922,159.3090057373047,159.19900512695312,159.28500366210938,0.0
2026-08-10 22:15:00+00:00,159.29800415039062,159.30499267578125,159.24200439453125,159.27499389648438,0.0
2026-08-10 22:30:00+00:00,159.27499389648438,159.30099487304688,159.23500061035156,159.23699951171875,0.0
2026-08-10 22:45:00+00:00,159.24600219726562,159.26199340820312,159.2220001220703,159.25599670410156,0.0
2026-08-10 23:00:00+00:00,159.24099731445312,159.2779998779297,159.23199462890625,159.25,0.0
2026-08-10 23:15:00+00:00,159.25599670410156,159.27499389648438,159.23699951171875,159.2570037841797,0.0
2026-08-10 23:30:00+00:00,159.2570037841797,159.2899932861328,159.2519989013672,159.26600646972656,0.0
2026-08-10 23:45:00+00:00,159.26600646972656,159.2760009765625,159.12100219726562,159.14999389648438,0.0
2026-08-11 00:00:00+00:00,159.14999389648438,159.18299865722656,159.11300659179688,159.14199829101562,0.0
2026-08-11 00:15:00+00:00,159.13900756835938,159.197998046875,159.13900756835938,159.18600463867188,0.0
2026-08-11 00:30:00+00:00,159.1909942626953,159.1959991455078,158.9199981689453,159.0070037841797,0.0
2026-08-11 00:45:00+00:00,159.01699829101562,159.15199279785156,159.0,159.14500427246094,0.0
2026-08-11 01:00:00+00:00,159.14199829101562,159.18299865722656,159.0749969482422,159.11599731445312,0.0
2026-08-11 01:15:00+00:00,159.11199951171875,159.12600708007812,159.06100463867188,159.08200073242188,0.0
2026-08-11 01:30:00+00:00,159.08299255371094,159.13900756835938,159.06399536132812,159.12399291992188,0.0
2026-08-11 01:45:00+00:00,159.13600158691406,159.17799377441406,159.0970001220703,159.16299438476562,0.0
2026-08-11 02:00:00+00:00,159.16200256347656,159.26600646972656,159.1540069580078,159.2169952392578,0.0
2026-08-11 02:15:00+00:00,159.2169952392578,159.3090057373047,159.2050018310547,159.2729949951172,0.0
2026-08-11 02:30:00+00:00,159.2790069580078,159.31199645996094,159.26199340820312,159.28700256347656,0.0
2026-08-11 02:45:00+00:00,159.28700256347656,159.30499267578125,159.24899291992188,159.25999450683594,0.0
2026-08-11 03:00:00+00:00,159.2570037841797,159.27000427246094,159.21299743652344,159.22900390625,0.0
2026-08-11 03:15:00+00:00,159.2239990234375,159.23699951171875,159.16000366210938,159.1719970703125,0.0
2026-08-11 03:30:00+00:00,159.16299438476562,159.21200561523438,159.13900756835938,159.19900512695312,0.0
2026-08-11 03:45:00+00:00,159.20199584960938,159.21200561523438,159.16000366210938,159.1999969482422,0.0
2026-08-11 04:00:00+00:00,159.1959991455078,159.20700073242188,159.1719970703125,159.19000244140625,0.0
2026-08-11 04:15:00+00:00,159.18299865722656,159.19200134277344,159.15499877929688,159.16799926757812,0.0
2026-08-11 04:30:00+00:00,159.16799926757812,159.2429962158203,159.16799926757812,159.21200561523438,0.0
2026-08-11 04:45:00+00:00,159.21200561523438,159.25100708007812,159.17999267578125,159.1840057373047,0.0
2026-08-11 05:00:00+00:00,159.18299865722656,159.21400451660156,159.177001953125,159.18800354003906,0.0
2026-08-11 05:15:00+00:00,159.18899536132812,159.20799255371094,159.17599487304688,159.177001953125,0.0
2026-08-11 05:30:00+00:00,159.177001953125,159.20700073242188,159.14700317382812,159.15499877929688,0.0
2026-08-11 05:45:00+00:00,159.1490020751953,159.2310028076172,159.1490020751953,159.2010040283203,0.0
2026-08-11 06:00:00+00:00,159.1999969482422,159.23199462890625,159.17300415039062,159.21299743652344,0.0
2026-08-11 06:15:00+00:00,159.21299743652344,159.24099731445312,159.18699645996094,159.21800231933594,0.0
2026-08-11 06:30:00+00:00,159.21299743652344,159.24000549316406,159.17599487304688,159.22000122070312,0.0
2026-08-11 06:45:00+00:00,159.2169952392578,159.2310028076172,159.18699645996094,159.20799255371094,0.0
2026-08-11 07:00:00+00:00,159.2050018310547,159.32200622558594,159.19500732421875,159.2899932861328,0.0
2026-08-11 07:15:00+00:00,159.2899932861328,159.3159942626953,159.25399780273438,159.26199340820312,0.0
2026-08-11 07:30:00+00:00,159.27000427246094,159.322998046875,159.26199340820312,159.31300354003906,0.0
2026-08-11 07:45:00+00:00,159.30999755859375,159.3769989013672,159.29100036621094,159.3560028076172,0.0
2026-08-11 08:00:00+00:00,159.36099243164062,159.36399841308594,159.3090057373047,159.343994140625,0.0
2026-08-11 08:15:00+00:00,159.343994140625,159.35800170898438,159.28700256347656,159.28900146484375,0.0
2026-08-11 08:30:00+00:00,159.2899932861328,159.31300354003906,159.27699279785156,159.30099487304688,0.0
2026-08-11 08:45:00+00:00,159.30099487304688,159.37100219726562,159.30099487304688,159.3489990234375,0.0
2026-08-11 09:00:00+00:00,159.3489990234375,159.38999938964844,159.33700561523438,159.36399841308594,0.0
2026-08-11 09:15:00+00:00,159.36000061035156,159.36900329589844,159.32400512695312,159.3300018310547,0.0
2026-08-11 09:30:00+00:00,159.3280029296875,159.3350067138672,159.3040008544922,159.3159942626953,0.0
2026-08-11 09:45:00+00:00,159.31500244140625,159.32200622558594,159.26499938964844,159.28199768066406,0.0
2026-08-11 10:00:00+00:00,159.2760009765625,159.32000732421875,159.27499389648438,159.31900024414062,0.0
2026-08-11 10:15:00+00:00,159.32000732421875,159.33099365234375,159.18600463867188,159.25399780273438,0.0
2026-08-11 10:30:00+00:00,159.25399780273438,159.2830047607422,159.2270050048828,159.25100708007812,0.0
2026-08-11 10:45:00+00:00,159.2469940185547,159.27699279785156,159.20199584960938,159.22500610351562,0.0
2026-08-11 11:00:00+00:00,159.2239990234375,159.24400329589844,159.0489959716797,159.0919952392578,0.0
2026-08-11 11:15:00+00:00,159.08999633789062,159.19000244140625,159.08099365234375,159.18499755859375,0.0
2026-08-11 11:30:00+00:00,159.17999267578125,159.21200561523438,159.16200256347656,159.20899963378906,0.0
2026-08-11 11:45:00+00:00,159.2100067138672,159.2530059814453,159.19900512695312,159.24400329589844,0.0
2026-08-11 12:00:00+00:00,159.2449951171875,159.2779998779297,159.1840057373047,159.25999450683594,0.0
2026-08-11 12:15:00+00:00,159.25599670410156,159.36500549316406,159.2550048828125,159.30799865722656,0.0
2026-08-11 12:30:00+00:00,159.31100463867188,159.31399536132812,159.2449951171875,159.25799560546875,0.0
2026-08-11 12:45:00+00:00,159.2550048828125,159.302001953125,159.23800659179688,159.27000427246094,0.0
2026-08-11 13:00:00+00:00,159.26499938964844,159.27099609375,159.16700744628906,159.21499633789062,0.0
2026-08-11 13:15:00+00:00,159.21499633789062,159.24200439453125,159.1790008544922,159.22000122070312,0.0
2026-08-11 13:30:00+00:00,159.21499633789062,159.25900268554688,159.1929931640625,159.21600341796875,0.0
2026-08-11 13:45:00+00:00,159.21600341796875,159.2469940185547,159.17799377441406,159.22999572753906,0.0
2026-08-11 14:00:00+00:00,159.22900390625,159.29400634765625,159.22900390625,159.26199340820312,0.0
2026-08-11 14:15:00+00:00,159.26499938964844,159.27200317382812,159.21299743652344,159.23899841308594,0.0
2026-08-11 14:30:00+00:00,159.23899841308594,159.25999450683594,159.19200134277344,159.22500610351562,0.0
2026-08-11 14:45:00+00:00,159.2239990234375,159.25799560546875,159.20599365234375,159.22999572753906,0.0
2026-08-11 15:00:00+00:00,159.22999572753906,159.25900268554688,159.1959991455078,159.25799560546875,0.0
2026-08-11 15:15:00+00:00,159.25100708007812,159.2729949951172,159.22799682617188,159.26100158691406,0.0
2026-08-11 15:30:00+00:00,159.26800537109375,159.3280029296875,159.2550048828125,159.3209991455078,0.0
2026-08-11 15:45:00+00:00,159.31399536132812,159.32200622558594,159.24400329589844,159.24400329589844,0.0
2026-08-11 16:00:00+00:00,159.24400329589844,159.25799560546875,159.21499633789062,159.22799682617188,0.0
2026-08-11 16:15:00+00:00,159.22799682617188,159.2530059814453,159.2050018310547,159.22500610351562,0.0
2026-08-11 16:30:00+00:00,159.22500610351562,159.25599670410156,159.2239990234375,159.23199462890625,0.0
2026-08-11 16:45:00+00:00,159.22999572753906,159.2689971923828,159.22799682617188,159.26100158691406,0.0
2026-08-11 17:00:00+00:00,159.26499938964844,159.30999755859375,159.25399780273438,159.3040008544922,0.0
2026-08-11 17:15:00+00:00,159.302001953125,159.3520050048828,159.30099487304688,159.3300018310547,0.0
2026-08-11 17:30:00+00:00,159.3260040283203,159.35000610351562,159.3040008544922,159.30999755859375,0.0
2026-08-11 17:45:00+00:00,159.3159942626953,159.3179931640625,159.2830047607422,159.30599975585938,0.0
2026-08-11 18:00:00+00:00,159.31199645996094,159.33099365234375,159.30299377441406,159.32200622558594,0.0
2026-08-11 18:15:00+00:00,159.31700134277344,159.3459930419922,159.30599975585938,159.3249969482422,0.0
2026-08-11 18:30:00+00:00,159.31900024414062,159.33399963378906,159.26800537109375,159.27699279785156,0.0
2026-08-11 18:45:00+00:00,159.27999877929688,159.28799438476562,159.2530059814453,159.27099609375,0.0
2026-08-11 19:00:00+00:00,159.25999450683594,159.28700256347656,159.2449951171875,159.26300048828125,0.0
2026-08-11 19:15:00+00:00,159.2550048828125,159.2969970703125,159.25399780273438,159.28700256347656,0.0
2026-08-11 19:30:00+00:00,159.2790069580078,159.28900146484375,159.2550048828125,159.26400756835938,0.0
2026-08-11 19:45:00+00:00,159.26199340820312,159.30499267578125,159.24000549316406,159.27999877929688,0.0
2026-08-11 20:00:00+00:00,159.28399658203125,159.30599975585938,159.26800537109375,159.2830047607422,0.0
2026-08-11 20:15:00+00:00,159.28599548339844,159.29100036621094,159.27499389648438,159.28399658203125,0.0
2026-08-11 20:30:00+00:00,159.281005859375,159.36500549316406,159.2790069580078,159.3520050048828,0.0
2026-08-11 20:45:00+00:00,159.35299682617188,159.36399841308594,159.23399353027344,159.25999450683594,0.0
2026-08-11 21:00:00+00:00,159.24200439453125,159.3000030517578,159.21800231933594,159.2729949951172,0.0
2026-08-11 21:15:00+00:00,159.25900268554688,159.28399658203125,159.2310028076172,159.26300048828125,0.0
2026-08-11 21:30:00+00:00,159.23899841308594,159.2740020751953,159.23199462890625,159.23899841308594,0.0
2026-08-11 21:45:00+00:00,159.23899841308594,159.27499389648438,159.23199462890625,159.25999450683594,0.0
2026-08-11 22:00:00+00:00,159.25999450683594,159.30499267578125,159.25999450683594,159.2790069580078,0.0
2026-08-11 22:15:00+00:00,159.29600524902344,159.30299377441406,159.2689971923828,159.28799438476562,0.0
2026-08-11 22:30:00+00:00,159.28700256347656,159.29299926757812,159.2550048828125,159.2779998779297,0.0
2026-08-11 22:45:00+00:00,159.27699279785156,159.2779998779297,159.25100708007812,159.26499938964844,0.0
2026-08-11 23:00:00+00:00,159.25599670410156,159.28399658203125,159.25399780273438,159.281005859375,0.0
2026-08-11 23:15:00+00:00,159.27699279785156,159.2989959716797,159.27000427246094,159.28799438476562,0.0
2026-08-11 23:30:00+00:00,159.28799438476562,159.3000030517578,159.2550048828125,159.26199340820312,0.0
2026-08-11 23:45:00+00:00,159.26199340820312,159.28799438476562,159.26199340820312,159.2760009765625,0.0
2026-08-12 00:00:00+00:00,159.26499938964844,159.28500366210938,159.19400024414062,159.22999572753906,0.0
2026-08-12 00:15:00+00:00,159.22999572753906,159.24899291992188,159.19400024414062,159.23899841308594,0.0
2026-08-12 00:30:00+00:00,159.23899841308594,159.2790069580078,159.23800659179688,159.2570037841797,0.0
2026-08-12 00:45:00+00:00,159.2570037841797,159.36900329589844,159.2530059814453,159.33599853515625,0.0
2026-08-12 01:00:00+00:00,159.33599853515625,159.37600708007812,159.3249969482422,159.33700561523438,0.0
2026-08-12 01:15:00+00:00,159.32899475097656,159.35000610351562,159.3040008544922,159.33999633789062,0.0
2026-08-12 01:30:00+00:00,159.33799743652344,159.3459930419922,159.29600524902344,159.3000030517578,0.0
2026-08-12 01:45:00+00:00,159.30499267578125,159.33599853515625,159.2899932861328,159.3260040283203,0.0
2026-08-12 02:00:00+00:00,159.33399963378906,159.3730010986328,159.3260040283203,159.36700439453125,0.0
2026-08-12 02:15:00+00:00,159.36900329589844,159.4320068359375,159.36300659179688,159.39500427246094,0.0
2026-08-12 02:30:00+00:00,159.38999938964844,159.41799926757812,159.36900329589844,159.4029998779297,0.0
2026-08-12 02:45:00+00:00,159.41000366210938,159.41000366210938,159.38600158691406,159.39199829101562,0.0
2026-08-12 03:00:00+00:00,159.39199829101562,159.43299865722656,159.39199829101562,159.4219970703125,0.0
2026-08-12 03:15:00+00:00,159.41900634765625,159.45799255371094,159.41799926757812,159.45599365234375,0.0
2026-08-12 03:30:00+00:00,159.45399475097656,159.45700073242188,159.4250030517578,159.44500732421875,0.0
2026-08-12 03:45:00+00:00,159.43800354003906,159.44900512695312,159.41600036621094,159.42599487304688,0.0
2026-08-12 04:00:00+00:00,159.4199981689453,159.4510040283203,159.41600036621094,159.44900512695312,0.0
2026-08-12 04:15:00+00:00,159.4409942626953,159.46099853515625,159.42799377441406,159.4340057373047,0.0
2026-08-12 04:30:00+00:00,159.4320068359375,159.44900512695312,159.36199951171875,159.3820037841797,0.0
2026-08-12 04:45:00+00:00,159.3769989013672,159.41400146484375,159.3769989013672,159.41299438476562,0.0
2026-08-12 05:00:00+00:00,159.4080047607422,159.43699645996094,159.4029998779297,159.41000366210938,0.0
2026-08-12 05:15:00+00:00,159.41200256347656,159.42999267578125,159.39300537109375,159.4199981689453,0.0
2026-08-12 05:30:00+00:00,159.41900634765625,159.42599487304688,159.30599975585938,159.38299560546875,0.0
2026-08-12 05:45:00+00:00,159.38299560546875,159.41600036621094,159.3800048828125,159.406005859375,0.0
2026-08-12 06:00:00+00:00,159.40499877929688,159.427001953125,159.37399291992188,159.37899780273438,0.0
2026-08-12 06:15:00+00:00,159.38600158691406,159.40899658203125,159.33900451660156,159.4029998779297,0.0
2026-08-12 06:30:00+00:00,159.39500427246094,159.42300415039062,159.35499572753906,159.375,0.0
2026-08-12 06:45:00+00:00,159.36900329589844,159.3979949951172,159.36099243164062,159.37899780273438,0.0
2026-08-12 07:00:00+00:00,159.3769989013672,159.39100646972656,159.3260040283203,159.38400268554688,0.0
2026-08-12 07:15:00+00:00,159.38499450683594,159.39700317382812,159.3520050048828,159.37600708007812,0.0
2026-08-12 07:30:00+00:00,159.3679962158203,159.3769989013672,159.33200073242188,159.3520050048828,0.0
2026-08-12 07:45:00+00:00,159.3520050048828,159.3800048828125,159.34500122070312,159.36500549316406,0.0
2026-08-12 08:00:00+00:00,159.3679962158203,159.3719940185547,159.31700134277344,159.32000732421875,0.0
2026-08-12 08:15:00+00:00,159.3179931640625,159.3520050048828,159.31100463867188,159.343994140625,0.0
2026-08-12 08:30:00+00:00,159.3419952392578,159.36000061035156,159.27999877929688,159.31100463867188,0.0
2026-08-12 08:45:00+00:00,159.31199645996094,159.3509979248047,159.28900146484375,159.31500244140625,0.0
2026-08-12 09:00:00+00:00,159.3090057373047,159.33599853515625,159.25799560546875,159.25900268554688,0.0
2026-08-12 09:15:00+00:00,159.26199340820312,159.26800537109375,158.56700134277344,159.03399658203125,0.0
2026-08-12 09:30:00+00:00,159.02699279785156,159.1230010986328,159.0019989013672,159.06900024414062,0.0
2026-08-12 09:45:00+00:00,159.0749969482422,159.16200256347656,159.0469970703125,159.14999389648438,0.0
2026-08-12 10:00:00+00:00,159.14999389648438,159.21299743652344,159.14700317382812,159.1719970703125,0.0
2026-08-12 10:15:00+00:00,159.1719970703125,159.19700622558594,159.13299560546875,159.16000366210938,0.0
2026-08-12 10:30:00+00:00,159.16200256347656,159.18699645996094,159.09100341796875,159.09300231933594,0.0
2026-08-12 10:45:00+00:00,159.09300231933594,159.2239990234375,159.09300231933594,159.1750030517578,0.0
2026-08-12 11:00:00+00:00,159.17599487304688,159.1820068359375,159.10299682617188,159.1219940185547,0.0
2026-08-12 11:15:00+00:00,159.1230010986328,159.14999389648438,159.1020050048828,159.1199951171875,0.0
2026-08-12 11:30:00+00:00,159.11199951171875,159.1280059814453,159.05099487304688,159.08200073242188,0.0
2026-08-12 11:45:00+00:00,159.0800018310547,159.1009979248047,159.0500030517578,159.09300231933594,0.0
2026-08-12 12:00:00+00:00,159.09300231933594,159.10800170898438,158.99400329589844,159.03599548339844,0.0
2026-08-12 12:15:00+00:00,159.03599548339844,159.08999633789062,158.92100524902344,158.9459991455078,0.0
2026-08-12 12:30:00+00:00,158.92100524902344,159.18899536132812,158.63900756835938,158.81900024414062,0.0
2026-08-12 12:45:00+00:00,158.81500244140625,158.99099731445312,158.7779998779297,158.802001953125,0.0
2026-08-12 13:00:00+00:00,158.80299377441406,158.89599609375,158.68800354003906,158.88299560546875,0.0
2026-08-12 13:15:00+00:00,158.8769989013672,158.906005859375,158.81399536132812,158.83900451660156,0.0
2026-08-12 13:30:00+00:00,158.83900451660156,159.02999877929688,158.8070068359375,158.9929962158203,0.0
2026-08-12 13:45:00+00:00,158.9929962158203,159.0399932861328,158.92599487304688,159.01499938964844,0.0
2026-08-12 14:00:00+00:00,159.0189971923828,159.1230010986328,158.99000549316406,159.1009979248047,0.0
2026-08-12 14:15:00+00:00,159.10000610351562,159.15699768066406,159.03900146484375,159.093994140625,0.0
2026-08-12 14:30:00+00:00,159.10000610351562,159.22900390625,159.0399932861328,159.18600463867188,0.0
2026-08-12 14:45:00+00:00,159.18800354003906,159.24200439453125,159.1510009765625,159.197998046875,0.0
2026-08-12 15:00:00+00:00,159.197998046875,159.2519989013672,159.17999267578125,159.1929931640625,0.0
2026-08-12 15:15:00+00:00,159.197998046875,159.24899291992188,159.1929931640625,159.24000549316406,0.0
2026-08-12 15:30:00+00:00,159.23899841308594,159.28599548339844,159.2169952392578,159.27000427246094,0.0
2026-08-12 15:45:00+00:00,159.27200317382812,159.2899932861328,159.21299743652344,159.22900390625,0.0
2026-08-12 16:00:00+00:00,159.2259979248047,159.3090057373047,159.1959991455078,159.26600646972656,0.0
2026-08-12 16:15:00+00:00,159.27000427246094,159.33799743652344,159.26100158691406,159.3179931640625,0.0
2026-08-12 16:30:00+00:00,159.32200622558594,159.3699951171875,159.31500244140625,159.3520050048828,0.0
2026-08-12 16:45:00+00:00,159.3520050048828,159.41000366210938,159.3489990234375,159.3800048828125,0.0
2026-08-12 17:00:00+00:00,159.38800048828125,159.41000366210938,159.35000610351562,159.4080047607422,0.0
2026-08-12 17:15:00+00:00,159.4010009765625,159.43299865722656,159.39199829101562,159.4219970703125,0.0
2026-08-12 17:30:00+00:00,159.41700744628906,159.50900268554688,159.41700744628906,159.50399780273438,0.0
2026-08-12 17:45:00+00:00,159.50399780273438,159.52699279785156,159.46499633789062,159.4949951171875,0.0
2026-08-12 18:00:00+00:00,159.5019989013672,159.54400634765625,159.4499969482422,159.48699951171875,0.0
2026-08-12 18:15:00+00:00,159.48699951171875,159.4980010986328,159.4239959716797,159.45399475097656,0.0
2026-08-12 18:30:00+00:00,159.45399475097656,159.48300170898438,159.43099975585938,159.468994140625,0.0
2026-08-12 18:45:00+00:00,159.46600341796875,159.5,159.4530029296875,159.48899841308594,0.0
2026-08-12 19:00:00+00:00,159.4949951171875,159.51100158691406,159.4770050048828,159.48800659179688,0.0
2026-08-12 19:15:00+00:00,159.48899841308594,159.49600219726562,159.44900512695312,159.48300170898438,0.0
2026-08-12 19:30:00+00:00,159.47799682617188,159.50900268554688,159.4600067138672,159.49600219726562,0.0
2026-08-12 19:45:00+00:00,159.49099731445312,159.51600646972656,159.45799255371094,159.48800659179688,0.0
2026-08-12 20:00:00+00:00,159.48599243164062,159.5050048828125,159.4600067138672,159.4969940185547,0.0
2026-08-12 20:15:00+00:00,159.4969940185547,159.50399780273438,159.4510040283203,159.46099853515625,0.0
2026-08-12 20:30:00+00:00,159.4550018310547,159.47300720214844,159.4010009765625,159.4239959716797,0.0
2026-08-12 20:45:00+00:00,159.41299438476562,159.4409942626953,159.39199829101562,159.4010009765625,0.0
2026-08-12 21:00:00+00:00,159.3990020751953,159.4250030517578,159.36000061035156,159.39599609375,0.0
2026-08-12 21:15:00+00:00,159.39599609375,159.42100524902344,159.37899780273438,159.39100646972656,0.0
2026-08-12 21:30:00+00:00,159.38600158691406,159.41900634765625,159.3769989013672,159.39599609375,0.0
2026-08-12 21:45:00+00:00,159.41600036621094,159.41700744628906,159.3820037841797,159.38800048828125,0.0
2026-08-12 22:00:00+00:00,159.38699340820312,159.45399475097656,159.38699340820312,159.427001953125,0.0
2026-08-12 22:15:00+00:00,159.427001953125,159.43800354003906,159.41099548339844,159.41200256347656,0.0
2026-08-12 22:30:00+00:00,159.41200256347656,159.4340057373047,159.38900756835938,159.4040069580078,0.0
2026-08-12 22:45:00+00:00,159.38999938964844,159.41099548339844,159.38400268554688,159.38699340820312,0.0
2026-08-12 23:00:00+00:00,159.37899780273438,159.38999938964844,159.35499572753906,159.37600708007812,0.0
2026-08-12 23:15:00+00:00,159.3719940185547,159.3800048828125,159.31199645996094,159.33700561523438,0.0
2026-08-12 23:30:00+00:00,159.33200073242188,159.38699340820312,159.3260040283203,159.375,0.0
2026-08-12 23:45:00+00:00,159.3699951171875,159.3800048828125,159.31300354003906,159.3350067138672,0.0
2026-08-13 00:00:00+00:00,159.33599853515625,159.3679962158203,159.2790069580078,159.36500549316406,0.0
2026-08-13 00:15:00+00:00,159.36500549316406,159.38400268554688,159.29800415039062,159.3179931640625,0.0
2026-08-13 00:30:00+00:00,159.31300354003906,159.33599853515625,159.23800659179688,159.25399780273438,0.0
2026-08-13 00:45:00+00:00,159.25900268554688,159.3470001220703,159.25399780273438,159.31399536132812,0.0
2026-08-13 01:00:00+00:00,159.31700134277344,159.33599853515625,159.29400634765625,159.30999755859375,0.0
2026-08-13 01:15:00+00:00,159.30799865722656,159.3260040283203,159.2729949951172,159.3249969482422,0.0
2026-08-13 01:30:00+00:00,159.31700134277344,159.3280029296875,159.27999877929688,159.31100463867188,0.0
2026-08-13 01:45:00+00:00,159.31500244140625,159.3679962158203,159.3090057373047,159.3419952392578,0.0
2026-08-13 02:00:00+00:00,159.3419952392578,159.4040069580078,159.33299255371094,159.39700317382812,0.0
2026-08-13 02:15:00+00:00,159.39199829101562,159.44500732421875,159.38900756835938,159.43299865722656,0.0
2026-08-13 02:30:00+00:00,159.4409942626953,159.48300170898438,159.41400146484375,159.42799377441406,0.0
2026-08-13 02:45:00+00:00,159.42799377441406,159.45899963378906,159.41900634765625,159.4250030517578,0.0
2026-08-13 03:00:00+00:00,159.4250030517578,159.4429931640625,159.39999389648438,159.4290008544922,0.0
2026-08-13 03:15:00+00:00,159.4290008544922,159.48800659179688,159.42799377441406,159.46400451660156,0.0
2026-08-13 03:30:00+00:00,159.46400451660156,159.47799682617188,159.41600036621094,159.4199981689453,0.0
2026-08-13 03:45:00+00:00,159.41799926757812,159.46099853515625,159.41700744628906,159.4290008544922,0.0
2026-08-13 04:00:00+00:00,159.42100524902344,159.46499633789062,159.41900634765625,159.4550018310547,0.0
2026-08-13 04:15:00+00:00,159.4550018310547,159.4770050048828,159.44000244140625,159.4409942626953,0.0
2026-08-13 04:30:00+00:00,159.4409942626953,159.47500610351562,159.427001953125,159.46400451660156,0.0
2026-08-13 04:45:00+00:00,159.45700073242188,159.46400451660156,159.1719970703125,159.2429962158203,0.0
2026-08-13 05:00:00+00:00,159.2429962158203,159.32899475097656,159.22000122070312,159.28900146484375,0.0
2026-08-13 05:15:00+00:00,159.29200744628906,159.34500122070312,159.26100158691406,159.33299255371094,0.0
2026-08-13 05:30:00+00:00,159.3350067138672,159.37100219726562,159.322998046875,159.34800720214844,0.0
2026-08-13 05:45:00+00:00,159.343994140625,159.36500549316406,159.24000549316406,159.2740020751953,0.0
2026-08-13 06:00:00+00:00,159.2740020751953,159.41099548339844,159.25399780273438,159.3820037841797,0.0
2026-08-13 06:15:00+00:00,159.3820037841797,159.4080047607422,159.3509979248047,159.39100646972656,0.0
2026-08-13 06:30:00+00:00,159.3939971923828,159.44500732421875,159.38999938964844,159.40899658203125,0.0
2026-08-13 06:45:00+00:00,159.40899658203125,159.4320068359375,159.35299682617188,159.37899780273438,0.0
2026-08-13 07:00:00+00:00,159.38800048828125,159.406005859375,159.35800170898438,159.3939971923828,0.0
2026-08-13 07:15:00+00:00,159.3939971923828,159.41099548339844,159.36500549316406,159.37899780273438,0.0
2026-08-13 07:30:00+00:00,159.37899780273438,159.40199279785156,159.33399963378906,159.33599853515625,0.0
2026-08-13 07:45:00+00:00,159.33599853515625,159.36700439453125,159.31399536132812,159.35699462890625,0.0
2026-08-13 08:00:00+00:00,159.36099243164062,159.4029998779297,159.33700561523438,159.3699951171875,0.0
2026-08-13 08:15:00+00:00,159.375,159.3979949951172,159.35699462890625,159.39700317382812,0.0
2026-08-13 08:30:00+00:00,159.3939971923828,159.41099548339844,159.36500549316406,159.38999938964844,0.0
2026-08-13 08:45:00+00:00,159.39599609375,159.41200256347656,159.37100219726562,159.3979949951172,0.0
2026-08-13 09:00:00+00:00,159.3990020751953,159.43699645996094,159.3800048828125,159.38600158691406,0.0
2026-08-13 09:15:00+00:00,159.38699340820312,159.3939971923828,159.35800170898438,159.37899780273438,0.0
2026-08-13 09:30:00+00:00,159.38699340820312,159.39700317382812,159.34300231933594,159.35400390625,0.0
2026-08-13 09:45:00+00:00,159.35299682617188,159.36000061035156,159.3179931640625,159.33399963378906,0.0
2026-08-13 10:00:00+00:00,159.33399963378906,159.36599731445312,159.3260040283203,159.34800720214844,0.0
2026-08-13 10:15:00+00:00,159.3509979248047,159.36000061035156,159.31700134277344,159.3260040283203,0.0
2026-08-13 10:30:00+00:00,159.3249969482422,159.3419952392578,159.31100463867188,159.32200622558594,0.0
2026-08-13 10:45:00+00:00,159.322998046875,159.35800170898438,159.31900024414062,159.33799743652344,0.0
2026-08-13 11:00:00+00:00,159.33799743652344,159.3520050048828,159.24600219726562,159.29400634765625,0.0
2026-08-13 11:15:00+00:00,159.29400634765625,159.3209991455078,159.27499389648438,159.29299926757812,0.0
2026-08-13 11:30:00+00:00,159.28799438476562,159.31100463867188,159.2790069580078,159.28599548339844,0.0
2026-08-13 11:45:00+00:00,159.28700256347656,159.3459930419922,159.28199768066406,159.3300018310547,0.0
2026-08-13 12:00:00+00:00,159.33099365234375,159.36099243164062,159.3090057373047,159.33799743652344,0.0
2026-08-13 12:15:00+00:00,159.33799743652344,159.3719940185547,159.26100158691406,159.343994140625,0.0
2026-08-13 12:30:00+00:00,159.3249969482422,159.41299438476562,159.2270050048828,159.2899932861328,0.0
2026-08-13 12:45:00+00:00,159.29400634765625,159.2989959716797,159.16799926757812,159.16900634765625,0.0
2026-08-13 13:00:00+00:00,159.1699981689453,159.23699951171875,159.14700317382812,159.19900512695312,0.0
2026-08-13 13:15:00+00:00,159.19700622558594,159.28700256347656,159.18299865722656,159.281005859375,0.0
2026-08-13 13:30:00+00:00,159.28199768066406,159.33700561523438,159.2779998779297,159.30099487304688,0.0
2026-08-13 13:45:00+00:00,159.302001953125,159.3090057373047,159.21099853515625,159.26199340820312,0.0
2026-08-13 14:00:00+00:00,159.26199340820312,159.32699584960938,159.03399658203125,159.07400512695312,0.0
2026-08-13 14:15:00+00:00,159.0749969482422,159.13900756835938,159.01800537109375,159.13499450683594,0.0
2026-08-13 14:30:00+00:00,159.13600158691406,159.17599487304688,159.10299682617188,159.1439971923828,0.0
2026-08-13 14:45:00+00:00,159.13900756835938,159.19700622558594,159.12600708007812,159.16299438476562,0.0
2026-08-13 15:00:00+00:00,159.16299438476562,159.3040008544922,159.15199279785156,159.302001953125,0.0
2026-08-13 15:15:00+00:00,159.29200744628906,159.3730010986328,159.28599548339844,159.36300659179688,0.0
2026-08-13 15:30:00+00:00,159.36399841308594,159.38699340820312,159.2899932861328,159.3249969482422,0.0
2026-08-13 15:45:00+00:00,159.3249969482422,159.3679962158203,159.30999755859375,159.3489990234375,0.0
2026-08-13 16:00:00+00:00,159.35000610351562,159.43600463867188,159.33700561523438,159.41700744628906,0.0
2026-08-13 16:15:00+00:00,159.4219970703125,159.4739990234375,159.40499877929688,159.46800231933594,0.0
2026-08-13 16:30:00+00:00,159.46400451660156,159.4929962158203,159.42599487304688,159.45199584960938,0.0
2026-08-13 16:45:00+00:00,159.45899963378906,159.4969940185547,159.44000244140625,159.4770050048828,0.0
2026-08-13 17:00:00+00:00,159.47500610351562,159.52099609375,159.46400451660156,159.49200439453125,0.0
2026-08-13 17:15:00+00:00,159.49200439453125,159.5240020751953,159.4739990234375,159.52099609375,0.0
2026-08-13 17:30:00+00:00,159.51600646972656,159.56900024414062,159.48899841308594,159.5070037841797,0.0
2026-08-13 17:45:00+00:00,159.5070037841797,159.54200744628906,159.5019989013672,159.51400756835938,0.0
2026-08-13 18:00:00+00:00,159.51699829101562,159.54200744628906,159.43099975585938,159.4600067138672,0.0
2026-08-13 18:15:00+00:00,159.45199584960938,159.5050048828125,159.45199584960938,159.4759979248047,0.0
2026-08-13 18:30:00+00:00,159.47900390625,159.50799560546875,159.46400451660156,159.48500061035156,0.0
2026-08-13 18:45:00+00:00,159.47799682617188,159.51199340820312,159.47799682617188,159.50399780273438,0.0
2026-08-13 19:00:00+00:00,159.50399780273438,159.52099609375,159.49099731445312,159.50100708007812,0.0
2026-08-13 19:15:00+00:00,159.5050048828125,159.51400756835938,159.48599243164062,159.4969940185547,0.0
2026-08-13 19:30:00+00:00,159.4929962158203,159.53500366210938,159.48300170898438,159.5290069580078,0.0
2026-08-13 19:45:00+00:00,159.5260009765625,159.54200744628906,159.48899841308594,159.51300048828125,0.0
2026-08-13 20:00:00+00:00,159.51300048828125,159.54200744628906,159.4949951171875,159.52499389648438,0.0
2026-08-13 20:15:00+00:00,159.5229949951172,159.56300354003906,159.52200317382812,159.54400634765625,0.0
2026-08-13 20:30:00+00:00,159.53900146484375,159.5659942626953,159.5330047607422,159.55099487304688,0.0
2026-08-13 20:45:00+00:00,159.55099487304688,159.56199645996094,159.46800231933594,159.468994140625,0.0
2026-08-13 21:00:00+00:00,159.45700073242188,159.47900390625,159.4290008544922,159.45199584960938,0.0
2026-08-13 21:15:00+00:00,159.46200561523438,159.4929962158203,159.43899536132812,159.45899963378906,0.0
2026-08-13 21:30:00+00:00,159.45799255371094,159.5050048828125,159.43299865722656,159.48300170898438,0.0
2026-08-13 21:45:00+00:00,159.48199462890625,159.5279998779297,159.4340057373047,159.46400451660156,0.0
2026-08-13 22:00:00+00:00,159.4720001220703,159.52200317382812,159.44500732421875,159.48699951171875,0.0
2026-08-13 22:15:00+00:00,159.4949951171875,159.51699829101562,159.4739990234375,159.50100708007812,0.0
2026-08-13 22:30:00+00:00,159.50100708007812,159.51699829101562,159.4739990234375,159.49400329589844,0.0
2026-08-13 22:45:00+00:00,159.47900390625,159.5,159.45399475097656,159.4669952392578,0.0
2026-08-13 23:00:00+00:00,159.45799255371094,159.4739990234375,159.4340057373047,159.45199584960938,0.0
2026-08-13 23:15:00+00:00,159.4499969482422,159.47900390625,159.4499969482422,159.46800231933594,0.0
2026-08-13 23:30:00+00:00,159.46800231933594,159.48399353027344,159.4429931640625,159.45799255371094,0.0
2026-08-13 23:45:00+00:00,159.4550018310547,159.46499633789062,159.42300415039062,159.4290008544922,0.0
2026-08-14 00:00:00+00:00,159.427001953125,159.50999450683594,159.39100646972656,159.46600341796875,0.0
2026-08-14 00:15:00+00:00,159.46299743652344,159.47799682617188,159.39199829101562,159.39999389648438,0.0
2026-08-14 00:30:00+00:00,159.39999389648438,159.42799377441406,159.3769989013672,159.41200256347656,0.0
2026-08-14 00:45:00+00:00,159.4149932861328,159.4530029296875,159.34500122070312,159.3679962158203,0.0
2026-08-14 01:00:00+00:00,159.3679962158203,159.43600463867188,159.34800720214844,159.4239959716797,0.0
2026-08-14 01:15:00+00:00,159.42799377441406,159.45799255371094,159.39700317382812,159.43499755859375,0.0
2026-08-14 01:30:00+00:00,159.43499755859375,159.4530029296875,159.40499877929688,159.44000244140625,0.0
2026-08-14 01:45:00+00:00,159.4409942626953,159.4550018310547,159.41299438476562,159.4429931640625,0.0
2026-08-14 02:00:00+00:00,159.4409942626953,159.4510040283203,159.41900634765625,159.42999267578125,0.0
2026-08-14 02:15:00+00:00,159.427001953125,159.43499755859375,159.38299560546875,159.3979949951172,0.0
2026-08-14 02:30:00+00:00,159.39500427246094,159.4040069580078,159.3699951171875,159.38499450683594,0.0
2026-08-14 02:45:00+00:00,159.3820037841797,159.42599487304688,159.38099670410156,159.4040069580078,0.0
2026-08-14 03:00:00+00:00,159.4040069580078,159.42100524902344,159.35800170898438,159.36900329589844,0.0
2026-08-14 03:15:00+00:00,159.36900329589844,159.38499450683594,159.32000732421875,159.3300018310547,0.0
2026-08-14 03:30:00+00:00,159.33700561523438,159.37100219726562,159.3300018310547,159.35899353027344,0.0
2026-08-14 03:45:00+00:00,159.36199951171875,159.41200256347656,159.35499572753906,159.375,0.0
2026-08-14 04:00:00+00:00,159.375,159.38600158691406,159.32899475097656,159.34300231933594,0.0
2026-08-14 04:15:00+00:00,159.34300231933594,159.375,159.3419952392578,159.35699462890625,0.0
2026-08-14 04:30:00+00:00,159.35699462890625,159.3730010986328,159.33299255371094,159.35400390625,0.0
2026-08-14 04:45:00+00:00,159.35800170898438,159.36900329589844,159.343994140625,159.35299682617188,0.0
2026-08-14 05:00:00+00:00,159.34800720214844,159.3560028076172,159.3159942626953,159.31700134277344,0.0
2026-08-14 05:15:00+00:00,159.3159942626953,159.33200073242188,159.29200744628906,159.31500244140625,0.0
2026-08-14 05:30:00+00:00,159.31300354003906,159.32899475097656,159.12899780273438,159.2689971923828,0.0
2026-08-14 05:45:00+00:00,159.26400756835938,159.31199645996094,159.2530059814453,159.25900268554688,0.0
2026-08-14 06:00:00+00:00,159.2550048828125,159.26300048828125,159.13999938964844,159.19900512695312,0.0
2026-08-14 06:15:00+00:00,159.20899963378906,159.28399658203125,159.18800354003906,159.27099609375,0.0
2026-08-14 06:30:00+00:00,159.26600646972656,159.27699279785156,159.24200439453125,159.2480010986328,0.0
2026-08-14 06:45:00+00:00,159.24899291992188,159.2570037841797,159.21099853515625,159.23899841308594,0.0
2026-08-14 07:00:00+00:00,159.23899841308594,159.27000427246094,159.21400451660156,159.27000427246094,0.0
2026-08-14 07:15:00+00:00,159.26199340820312,159.31300354003906,159.26100158691406,159.28599548339844,0.0
2026-08-14 07:30:00+00:00,159.29200744628906,159.29400634765625,159.23899841308594,159.2530059814453,0.0
2026-08-14 07:45:00+00:00,159.25399780273438,159.2570037841797,159.1959991455078,159.2030029296875,0.0
2026-08-14 08:00:00+00:00,159.1999969482422,159.21200561523438,159.15699768066406,159.18600463867188,0.0
2026-08-14 08:15:00+00:00,159.1929931640625,159.2270050048828,159.08399963378906,159.125,0.0
2026-08-14 08:30:00+00:00,159.1179962158203,159.13900756835938,159.05599975585938,159.12600708007812,0.0
2026-08-14 08:45:00+00:00,159.12100219726562,159.18899536132812,159.11500549316406,159.1739959716797,0.0
2026-08-14 09:00:00+00:00,159.16900634765625,159.19400024414062,159.11500549316406,159.1199951171875,0.0
2026-08-14 09:15:00+00:00,159.1199951171875,159.1719970703125,159.10699462890625,159.16900634765625,0.0
2026-08-14 09:30:00+00:00,159.16299438476562,159.1959991455078,159.13999938964844,159.1479949951172,0.0
2026-08-14 09:45:00+00:00,159.1490020751953,159.1649932861328,159.11500549316406,159.13699340820312,0.0
2026-08-14 10:00:00+00:00,159.1439971923828,159.16000366210938,159.08200073242188,159.1219940185547,0.0
2026-08-14 10:15:00+00:00,159.11399841308594,159.1820068359375,159.11099243164062,159.16099548339844,0.0
2026-08-14 10:30:00+00:00,159.15899658203125,159.1790008544922,159.13900756835938,159.16799926757812,0.0
2026-08-14 10:45:00+00:00,159.16099548339844,159.1929931640625,159.14599609375,159.1739959716797,0.0
2026-08-14 11:00:00+00:00,159.1739959716797,159.1929931640625,159.15499877929688,159.16400146484375,0.0
2026-08-14 11:15:00+00:00,159.16400146484375,159.17100524902344,159.1020050048828,159.1439971923828,0.0
2026-08-14 11:30:00+00:00,159.13900756835938,159.16000366210938,159.03399658203125,159.07000732421875,0.0
2026-08-14 11:45:00+00:00,159.0679931640625,159.1280059814453,159.0679931640625,159.10699462890625,0.0
2026-08-14 12:00:00+00:00,159.10400390625,159.11399841308594,158.8699951171875,159.0399932861328,0.0
2026-08-14 12:15:00+00:00,159.04100036621094,159.0500030517578,158.75999450683594,158.7989959716797,0.0
2026-08-14 12:30:00+00:00,158.7899932861328,158.9040069580078,158.59500122070312,158.89999389648438,0.0
2026-08-14 12:45:00+00:00,158.8990020751953,158.95899963378906,158.83399963378906,158.91799926757812,0.0
2026-08-14 13:00:00+00:00,158.92100524902344,159.06700134277344,158.8990020751953,159.06300354003906,0.0
2026-08-14 13:15:00+00:00,159.05999755859375,159.09300231933594,158.9340057373047,158.97999572753906,0.0
2026-08-14 13:30:00+00:00,158.97999572753906,159.01499938964844,158.8090057373047,158.8419952392578,0.0
2026-08-14 13:45:00+00:00,158.84100341796875,158.98500061035156,158.78900146484375,158.93600463867188,0.0
2026-08-14 14:00:00+00:00,158.94200134277344,159.04400634765625,158.89100646972656,159.01499938964844,0.0
2026-08-14 14:15:00+00:00,159.00799560546875,159.06300354003906,158.91900634765625,158.9499969482422,0.0
2026-08-14 14:30:00+00:00,158.9510040283203,159.0399932861328,158.94500732421875,158.96499633789062,0.0
2026-08-14 14:45:00+00:00,158.96600341796875,159.06100463867188,158.96499633789062,159.0290069580078,0.0
2026-08-14 15:00:00+00:00,159.0260009765625,159.08099365234375,158.9429931640625,159.0780029296875,0.0
2026-08-14 15:15:00+00:00,159.07200622558594,159.1790008544922,159.0709991455078,159.12899780273438,0.0
2026-08-14 15:30:00+00:00,159.1230010986328,159.19200134277344,159.08599853515625,159.17100524902344,0.0
2026-08-14 15:45:00+00:00,159.17100524902344,159.21600341796875,159.14999389648438,159.20899963378906,0.0
2026-08-14 16:00:00+00:00,159.20899963378906,159.2830047607422,159.197998046875,159.2790069580078,0.0
2026-08-14 16:15:00+00:00,159.2740020751953,159.33299255371094,159.24099731445312,159.3260040283203,0.0
2026-08-14 16:30:00+00:00,159.32000732421875,159.34500122070312,159.2519989013672,159.33099365234375,0.0
2026-08-14 16:45:00+00:00,159.33099365234375,159.3719940185547,159.3179931640625,159.36199951171875,0.0
2026-08-14 17:00:00+00:00,159.36000061035156,159.39999389648438,159.3489990234375,159.375,0.0
2026-08-14 17:15:00+00:00,159.3769989013672,159.4010009765625,159.35800170898438,159.36000061035156,0.0
2026-08-14 17:30:00+00:00,159.36099243164062,159.39100646972656,159.33900451660156,159.3719940185547,0.0
2026-08-14 17:45:00+00:00,159.3719940185547,159.3800048828125,159.3520050048828,159.35800170898438,0.0
2026-08-14 18:00:00+00:00,159.35899353027344,159.39199829101562,159.33999633789062,159.38400268554688,0.0
2026-08-14 18:15:00+00:00,159.38400268554688,159.39300537109375,159.3509979248047,159.3719940185547,0.0
2026-08-14 18:30:00+00:00,159.36399841308594,159.38699340820312,159.36300659179688,159.36900329589844,0.0
2026-08-14 18:45:00+00:00,159.3679962158203,159.38600158691406,159.3520050048828,159.37600708007812,0.0
2026-08-14 19:00:00+00:00,159.3730010986328,159.38699340820312,159.36099243164062,159.3800048828125,0.0
2026-08-14 19:15:00+00:00,159.38400268554688,159.38800048828125,159.36000061035156,159.36599731445312,0.0
2026-08-14 19:30:00+00:00,159.36599731445312,159.38999938964844,159.36199951171875,159.38099670410156,0.0
2026-08-14 19:45:00+00:00,159.38499450683594,159.3979949951172,159.35699462890625,159.35800170898438,0.0
2026-08-14 20:00:00+00:00,159.35800170898438,159.3699951171875,159.33399963378906,159.35499572753906,0.0
2026-08-14 20:15:00+00:00,159.3560028076172,159.36199951171875,159.31500244140625,159.32200622558594,0.0
2026-08-14 20:30:00+00:00,159.3209991455078,159.3520050048828,159.3090057373047,159.32400512695312,0.0
2026-08-14 20:45:00+00:00,159.32400512695312,159.3489990234375,159.24600219726562,159.28500366210938,0.0
2026-08-14 21:00:00+00:00,159.30499267578125,159.30499267578125,159.30499267578125,159.30499267578125,0.0
2026-08-16 23:00:00+00:00,159.13400268554688,159.20700073242188,159.1269989013672,159.1909942626953,0.0
2026-08-16 23:15:00+00:00,159.1959991455078,159.24099731445312,159.18699645996094,159.20399475097656,0.0
2026-08-16 23:30:00+00:00,159.20399475097656,159.22500610351562,159.16099548339844,159.1750030517578,0.0
2026-08-16 23:45:00+00:00,159.1750030517578,159.25,159.16799926757812,159.218994140625,0.0
2026-08-17 00:00:00+00:00,159.2220001220703,159.24899291992188,159.12399291992188,159.14300537109375,0.0
2026-08-17 00:15:00+00:00,159.15199279785156,159.1529998779297,159.0290069580078,159.08799743652344,0.0
2026-08-17 00:30:00+00:00,159.08399963378906,159.0959930419922,159.031005859375,159.0679931640625,0.0
2026-08-17 00:45:00+00:00,159.07200622558594,159.11099243164062,158.99899291992188,159.01800537109375,0.0
2026-08-17 01:00:00+00:00,159.02000427246094,159.0760040283203,158.97999572753906,159.0469970703125,0.0
2026-08-17 01:15:00+00:00,159.04200744628906,159.07000732421875,159.00999450683594,159.0279998779297,0.0
2026-08-17 01:30:00+00:00,159.02999877929688,159.10499572753906,159.02000427246094,159.08599853515625,0.0
2026-08-17 01:45:00+00:00,159.08599853515625,159.1009979248047,159.052001953125,159.052001953125,0.0
2026-08-17 02:00:00+00:00,159.052001953125,159.06900024414062,159.02499389648438,159.02699279785156,0.0
2026-08-17 02:15:00+00:00,159.02699279785156,159.0449981689453,158.9459991455078,158.99200439453125,0.0
2026-08-17 02:30:00+00:00,158.99200439453125,159.04800415039062,158.98699951171875,159.03900146484375,0.0
2026-08-17 02:45:00+00:00,159.03700256347656,159.04600524902344,159.01400756835938,159.0330047607422,0.0
2026-08-17 03:00:00+00:00,159.03399658203125,159.08700561523438,159.0330047607422,159.0780029296875,0.0
2026-08-17 03:15:00+00:00,159.07000732421875,159.09500122070312,159.05299377441406,159.0919952392578,0.0
2026-08-17 03:30:00+00:00,159.0850067138672,159.13699340820312,159.0780029296875,159.125,0.0
2026-08-17 03:45:00+00:00,159.1300048828125,159.14700317382812,159.0850067138672,159.08900451660156,0.0
2026-08-17 04:00:00+00:00,159.08999633789062,159.10299682617188,159.05099487304688,159.06300354003906,0.0
2026-08-17 04:15:00+00:00,159.06300354003906,159.10800170898438,159.05299377441406,159.0970001220703,0.0
2026-08-17 04:30:00+00:00,159.09500122070312,159.10899353027344,159.04299926757812,159.05299377441406,0.0
2026-08-17 04:45:00+00:00,159.052001953125,159.12899780273438,159.0469970703125,159.1199951171875,0.0
2026-08-17 05:00:00+00:00,159.11500549316406,159.1230010986328,159.08399963378906,159.11000061035156,0.0
2026-08-17 05:15:00+00:00,159.11000061035156,159.1199951171875,159.0240020751953,159.03799438476562,0.0
2026-08-17 05:30:00+00:00,159.03799438476562,159.07200622558594,158.9720001220703,159.0240020751953,0.0
2026-08-17 05:45:00+00:00,159.02699279785156,159.0970001220703,159.01499938964844,159.08200073242188,0.0
2026-08-17 06:00:00+00:00,159.08099365234375,159.11099243164062,159.0240020751953,159.09100341796875,0.0
2026-08-17 06:15:00+00:00,159.09500122070312,159.10299682617188,159.02099609375,159.02099609375,0.0
2026-08-17 06:30:00+00:00,159.02499389648438,159.05799865722656,159.01600646972656,159.0260009765625,0.0
2026-08-17 06:45:00+00:00,159.0290069580078,159.03599548339844,158.9320068359375,158.95899963378906,0.0
2026-08-17 07:00:00+00:00,158.9600067138672,159.00100708007812,158.8780059814453,158.91600036621094,0.0
2026-08-17 07:15:00+00:00,158.91700744628906,158.9550018310547,158.85699462890625,158.89300537109375,0.0
2026-08-17 07:30:00+00:00,158.88900756835938,158.9219970703125,158.83900451660156,158.8780059814453,0.0
2026-08-17 07:45:00+00:00,158.875,158.98599243164062,158.8730010986328,158.95199584960938,0.0
2026-08-17 08:00:00+00:00,158.94700622558594,159.0,158.9429931640625,158.95799255371094,0.0
2026-08-17 08:15:00+00:00,158.95799255371094,159.02099609375,158.9340057373047,158.93600463867188,0.0
2026-08-17 08:30:00+00:00,158.9429931640625,159.08099365234375,158.9250030517578,159.06900024414062,0.0
2026-08-17 08:45:00+00:00,159.07699584960938,159.14999389648438,159.05599975585938,159.1219940185547,0.0
2026-08-17 09:00:00+00:00,159.1219940185547,159.1790008544922,159.0919952392578,159.093994140625,0.0
2026-08-17 09:15:00+00:00,159.1009979248047,159.14300537109375,159.06199645996094,159.1280059814453,0.0
2026-08-17 09:30:00+00:00,159.12399291992188,159.15499877929688,159.10000610351562,159.11399841308594,0.0
2026-08-17 09:45:00+00:00,159.11399841308594,159.18499755859375,159.10699462890625,159.16700744628906,0.0
2026-08-17 10:00:00+00:00,159.16299438476562,159.20599365234375,159.15699768066406,159.17100524902344,0.0
2026-08-17 10:15:00+00:00,159.17100524902344,159.2030029296875,159.09800720214844,159.10899353027344,0.0
2026-08-17 10:30:00+00:00,159.11199951171875,159.16900634765625,159.1020050048828,159.14300537109375,0.0
2026-08-17 10:45:00+00:00,159.14700317382812,159.2010040283203,159.14100646972656,159.18299865722656,0.0
2026-08-17 11:00:00+00:00,159.18299865722656,159.20399475097656,159.1540069580078,159.1959991455078,0.0
2026-08-17 11:15:00+00:00,159.18899536132812,159.24600219726562,159.18499755859375,159.23500061035156,0.0
2026-08-17 11:30:00+00:00,159.23500061035156,159.26300048828125,159.20799255371094,159.2570037841797,0.0
2026-08-17 11:45:00+00:00,159.25399780273438,159.28399658203125,159.22500610351562,159.23800659179688,0.0
2026-08-17 12:00:00+00:00,159.23399353027344,159.2519989013672,159.18899536132812,159.22900390625,0.0
2026-08-17 12:15:00+00:00,159.23199462890625,159.28599548339844,159.21099853515625,159.26300048828125,0.0
2026-08-17 12:30:00+00:00,159.26199340820312,159.28799438476562,159.24400329589844,159.26800537109375,0.0
2026-08-17 12:45:00+00:00,159.26300048828125,159.28199768066406,159.23899841308594,159.24600219726562,0.0
2026-08-17 13:00:00+00:00,159.24200439453125,159.26800537109375,159.21200561523438,159.25999450683594,0.0
2026-08-17 13:15:00+00:00,159.25999450683594,159.28199768066406,159.24000549316406,159.27499389648438,0.0
2026-08-17 13:30:00+00:00,159.2729949951172,159.35699462890625,159.26400756835938,159.3489990234375,0.0
2026-08-17 13:45:00+00:00,159.3520050048828,159.38400268554688,159.2570037841797,159.26300048828125,0.0
2026-08-17 14:00:00+00:00,159.25999450683594,159.28599548339844,159.22300720214844,159.24200439453125,0.0
2026-08-17 14:15:00+00:00,159.2469940185547,159.26300048828125,159.1820068359375,159.23899841308594,0.0
2026-08-17 14:30:00+00:00,159.24400329589844,159.26400756835938,159.21299743652344,159.23899841308594,0.0
2026-08-17 14:45:00+00:00,159.24099731445312,159.30999755859375,159.21600341796875,159.28399658203125,0.0
2026-08-17 15:00:00+00:00,159.28399658203125,159.3419952392578,159.2729949951172,159.3159942626953,0.0
2026-08-17 15:15:00+00:00,159.3159942626953,159.3730010986328,159.3040008544922,159.34300231933594,0.0
2026-08-17 15:30:00+00:00,159.33900451660156,159.4029998779297,159.3280029296875,159.39300537109375,0.0
2026-08-17 15:45:00+00:00,159.39700317382812,159.4010009765625,159.33700561523438,159.33900451660156,0.0
2026-08-17 16:00:00+00:00,159.33999633789062,159.39500427246094,159.33999633789062,159.36300659179688,0.0
2026-08-17 16:15:00+00:00,159.36300659179688,159.3719940185547,159.3260040283203,159.35899353027344,0.0
2026-08-17 16:30:00+00:00,159.35899353027344,159.3730010986328,159.33900451660156,159.3509979248047,0.0
2026-08-17 16:45:00+00:00,159.3509979248047,159.3780059814453,159.34300231933594,159.36300659179688,0.0
2026-08-17 17:00:00+00:00,159.36099243164062,159.37100219726562,159.3489990234375,159.36500549316406,0.0
2026-08-17 17:15:00+00:00,159.36399841308594,159.4510040283203,159.36099243164062,159.4239959716797,0.0
2026-08-17 17:30:00+00:00,159.41900634765625,159.5050048828125,159.41600036621094,159.45799255371094,0.0
2026-08-17 17:45:00+00:00,159.45799255371094,159.5050048828125,159.43899536132812,159.49099731445312,0.0
2026-08-17 18:00:00+00:00,159.4969940185547,159.5229949951172,159.47900390625,159.48399353027344,0.0
2026-08-17 18:15:00+00:00,159.48399353027344,159.58900451660156,159.47900390625,159.56300354003906,0.0
2026-08-17 18:30:00+00:00,159.56199645996094,159.58999633789062,159.5399932861328,159.55799865722656,0.0
2026-08-17 18:45:00+00:00,159.55799865722656,159.5970001220703,159.552001953125,159.58999633789062,0.0
2026-08-17 19:00:00+00:00,159.58900451660156,159.593994140625,159.49099731445312,159.4980010986328,0.0
2026-08-17 19:15:00+00:00,159.4980010986328,159.50900268554688,159.4239959716797,159.43299865722656,0.0
2026-08-17 19:30:00+00:00,159.4290008544922,159.4550018310547,159.4040069580078,159.42100524902344,0.0
2026-08-17 19:45:00+00:00,159.4239959716797,159.47799682617188,159.41900634765625,159.45599365234375,0.0
2026-08-17 20:00:00+00:00,159.45700073242188,159.51199340820312,159.44400024414062,159.5030059814453,0.0
2026-08-17 20:15:00+00:00,159.49899291992188,159.50599670410156,159.46200561523438,159.48199462890625,0.0
2026-08-17 20:30:00+00:00,159.4810028076172,159.50100708007812,159.46400451660156,159.4720001220703,0.0
2026-08-17 20:45:00+00:00,159.4720001220703,159.4929962158203,159.4149932861328,159.4149932861328,0.0
2026-08-17 21:00:00+00:00,159.4040069580078,159.49099731445312,159.3990020751953,159.39999389648438,0.0
2026-08-17 21:15:00+00:00,159.38600158691406,159.40899658203125,159.281005859375,159.37100219726562,0.0
2026-08-17 21:30:00+00:00,159.3719940185547,159.427001953125,159.35499572753906,159.41000366210938,0.0
2026-08-17 21:45:00+00:00,159.41000366210938,159.42999267578125,159.3560028076172,159.39700317382812,0.0
2026-08-17 22:00:00+00:00,159.3769989013672,159.4770050048828,159.3509979248047,159.4709930419922,0.0
2026-08-17 22:15:00+00:00,159.45799255371094,159.47300720214844,159.39500427246094,159.41700744628906,0.0
2026-08-17 22:30:00+00:00,159.40499877929688,159.4340057373047,159.39999389648438,159.42599487304688,0.0
2026-08-17 22:45:00+00:00,159.41299438476562,159.42599487304688,159.4029998779297,159.41099548339844,0.0
2026-08-17 23:00:00+00:00,159.406005859375,159.4239959716797,159.3520050048828,159.38499450683594,0.0
2026-08-17 23:15:00+00:00,159.38499450683594,159.38699340820312,159.36000061035156,159.36500549316406,0.0
2026-08-17 23:30:00+00:00,159.36000061035156,159.3719940185547,159.3090057373047,159.3179931640625,0.0
2026-08-17 23:45:00+00:00,159.32000732421875,159.35499572753906,159.30799865722656,159.3249969482422,0.0
2026-08-18 00:00:00+00:00,159.3249969482422,159.39599609375,159.3040008544922,159.3769989013672,0.0
2026-08-18 00:15:00+00:00,159.36900329589844,159.43600463867188,159.35699462890625,159.4250030517578,0.0
2026-08-18 00:30:00+00:00,159.4219970703125,159.4929962158203,159.4199981689453,159.48300170898438,0.0
2026-08-18 00:45:00+00:00,159.48800659179688,159.5240020751953,159.4199981689453,159.4219970703125,0.0
2026-08-18 01:00:00+00:00,159.4219970703125,159.49400329589844,159.38900756835938,159.3979949951172,0.0
2026-08-18 01:15:00+00:00,159.4029998779297,159.4669952392578,159.39500427246094,159.44400024414062,0.0
2026-08-18 01:30:00+00:00,159.4429931640625,159.45399475097656,159.3990020751953,159.4199981689453,0.0
2026-08-18 01:45:00+00:00,159.4239959716797,159.51199340820312,159.4199981689453,159.5,0.0
2026-08-18 02:00:00+00:00,159.4980010986328,159.5449981689453,159.48800659179688,159.51800537109375,0.0
2026-08-18 02:15:00+00:00,159.51600646972656,159.5240020751953,159.46800231933594,159.48199462890625,0.0
2026-08-18 02:30:00+00:00,159.4770050048828,159.50900268554688,159.46299743652344,159.49600219726562,0.0
2026-08-18 02:45:00+00:00,159.49899291992188,159.50999450683594,159.44900512695312,159.4550018310547,0.0
2026-08-18 03:00:00+00:00,159.45199584960938,159.49600219726562,159.45199584960938,159.48199462890625,0.0
2026-08-18 03:15:00+00:00,159.48199462890625,159.51400756835938,159.4709930419922,159.50999450683594,0.0
2026-08-18 03:30:00+00:00,159.50599670410156,159.56900024414062,159.50599670410156,159.55499267578125,0.0
2026-08-18 03:45:00+00:00,159.55499267578125,159.5679931640625,159.52699279785156,159.54800415039062,0.0
2026-08-18 04:00:00+00:00,159.54800415039062,159.69500732421875,159.54400634765625,159.6649932861328,0.0
2026-08-18 04:15:00+00:00,159.66299438476562,159.7259979248047,159.65499877929688,159.697998046875,0.0
2026-08-18 04:30:00+00:00,159.69200134277344,159.75,159.67799377441406,159.69000244140625,0.0
2026-08-18 04:45:00+00:00,159.69000244140625,159.71099853515625,159.66400146484375,159.69700622558594,0.0
2026-08-18 05:00:00+00:00,159.68899536132812,159.7259979248047,159.67100524902344,159.718994140625,0.0
2026-08-18 05:15:00+00:00,159.72000122070312,159.73399353027344,159.6540069580078,159.66900634765625,0.0
2026-08-18 05:30:00+00:00,159.6699981689453,159.6999969482422,159.66400146484375,159.67300415039062,0.0
2026-08-18 05:45:00+00:00,159.67300415039062,159.6820068359375,159.61599731445312,159.66299438476562,0.0
2026-08-18 06:00:00+00:00,159.656005859375,159.72999572753906,159.64300537109375,159.68499755859375,0.0
2026-08-18 06:15:00+00:00,159.68299865722656,159.7740020751953,159.68099975585938,159.71800231933594,0.0
2026-08-18 06:30:00+00:00,159.71800231933594,159.7790069580078,159.69500732421875,159.74000549316406,0.0
2026-08-18 06:45:00+00:00,159.7449951171875,159.77200317382812,159.70899963378906,159.71600341796875,0.0
2026-08-18 07:00:00+00:00,159.71800231933594,159.7469940185547,159.6820068359375,159.73699951171875,0.0
2026-08-18 07:15:00+00:00,159.73699951171875,159.76199340820312,159.697998046875,159.72799682617188,0.0
2026-08-18 07:30:00+00:00,159.72799682617188,159.75399780273438,159.7030029296875,159.71200561523438,0.0
2026-08-18 07:45:00+00:00,159.70599365234375,159.7220001220703,159.6719970703125,159.7169952392578,0.0
2026-08-18 08:00:00+00:00,159.7220001220703,159.73199462890625,159.697998046875,159.718994140625,0.0
2026-08-18 08:15:00+00:00,159.71800231933594,159.73599243164062,159.71499633789062,159.72500610351562,0.0
2026-08-18 08:30:00+00:00,159.72500610351562,159.74400329589844,159.64199829101562,159.64700317382812,0.0
2026-08-18 08:45:00+00:00,159.64300537109375,159.6739959716797,159.6269989013672,159.6649932861328,0.0
2026-08-18 09:00:00+00:00,159.66799926757812,159.69400024414062,159.65899658203125,159.66700744628906,0.0
2026-08-18 09:15:00+00:00,159.66200256347656,159.6820068359375,159.60000610351562,159.61300659179688,0.0
2026-08-18 09:30:00+00:00,159.60899353027344,159.63299560546875,159.58099365234375,159.61599731445312,0.0
2026-08-18 09:45:00+00:00,159.61399841308594,159.6280059814453,159.5850067138672,159.60400390625,0.0
2026-08-18 10:00:00+00:00,159.60400390625,159.6739959716797,159.5970001220703,159.6739959716797,0.0
2026-08-18 10:15:00+00:00,159.66700744628906,159.70599365234375,159.656005859375,159.6719970703125,0.0
2026-08-18 10:30:00+00:00,159.6719970703125,159.69000244140625,159.64599609375,159.6790008544922,0.0
2026-08-18 10:45:00+00:00,159.67799377441406,159.71499633789062,159.66700744628906,159.70599365234375,0.0
2026-08-18 11:00:00+00:00,159.70199584960938,159.73800659179688,159.69700622558594,159.7209930419922,0.0
2026-08-18 11:15:00+00:00,159.7220001220703,159.74200439453125,159.71400451660156,159.73399353027344,0.0
2026-08-18 11:30:00+00:00,159.74000549316406,159.7449951171875,159.69700622558594,159.7209930419922,0.0
2026-08-18 11:45:00+00:00,159.71499633789062,159.73199462890625,159.68800354003906,159.69400024414062,0.0
2026-08-18 12:00:00+00:00,159.69900512695312,159.7100067138672,159.65199279785156,159.67100524902344,0.0
2026-08-18 12:15:00+00:00,159.66400146484375,159.6840057373047,159.63299560546875,159.66200256347656,0.0
2026-08-18 12:30:00+00:00,159.6750030517578,159.7209930419922,159.6320037841797,159.67300415039062,0.0
2026-08-18 12:45:00+00:00,159.67599487304688,159.69000244140625,159.63400268554688,159.66400146484375,0.0
2026-08-18 13:00:00+00:00,159.66299438476562,159.66799926757812,159.61199951171875,159.6280059814453,0.0
2026-08-18 13:15:00+00:00,159.625,159.67599487304688,159.61900329589844,159.65899658203125,0.0
2026-08-18 13:30:00+00:00,159.65899658203125,159.72300720214844,159.55999755859375,159.62100219726562,0.0
2026-08-18 13:45:00+00:00,159.61700439453125,159.6230010986328,159.5659942626953,159.57200622558594,0.0
2026-08-18 14:00:00+00:00,159.5800018310547,159.5800018310547,159.4739990234375,159.53500366210938,0.0
2026-08-18 14:15:00+00:00,159.531005859375,159.5399932861328,159.44200134277344,159.47900390625,0.0
2026-08-18 14:30:00+00:00,159.4739990234375,159.5540008544922,159.47300720214844,159.50900268554688,0.0
2026-08-18 14:45:00+00:00,159.50900268554688,159.56900024414062,159.42300415039062,159.5500030517578,0.0
2026-08-18 15:00:00+00:00,159.5489959716797,159.60899353027344,159.48800659179688,159.60400390625,0.0
2026-08-18 15:15:00+00:00,159.60400390625,159.6269989013672,159.5489959716797,159.61700439453125,0.0
2026-08-18 15:30:00+00:00,159.61099243164062,159.64599609375,159.57400512695312,159.5970001220703,0.0
2026-08-18 15:45:00+00:00,159.5959930419922,159.60000610351562,159.53399658203125,159.5959930419922,0.0
2026-08-18 16:00:00+00:00,159.59300231933594,159.5959930419922,159.54600524902344,159.5590057373047,0.0
2026-08-18 16:15:00+00:00,159.5590057373047,159.60499572753906,159.53599548339844,159.593994140625,0.0
2026-08-18 16:30:00+00:00,159.593994140625,159.63900756835938,159.56900024414062,159.572998046875,0.0
2026-08-18 16:45:00+00:00,159.57400512695312,159.59100341796875,159.5540008544922,159.56700134277344,0.0
2026-08-18 17:00:00+00:00,159.5709991455078,159.60299682617188,159.5570068359375,159.5959930419922,0.0
2026-08-18 17:15:00+00:00,159.60000610351562,159.61199951171875,159.58200073242188,159.593994140625,0.0
2026-08-18 17:30:00+00:00,159.593994140625,159.63800048828125,159.59300231933594,159.61099243164062,0.0
2026-08-18 17:45:00+00:00,159.60800170898438,159.6219940185547,159.59300231933594,159.59800720214844,0.0
2026-08-18 18:00:00+00:00,159.5959930419922,159.61500549316406,159.57400512695312,159.58799743652344,0.0
2026-08-18 18:15:00+00:00,159.58599853515625,159.5919952392578,159.5590057373047,159.58900451660156,0.0
2026-08-18 18:30:00+00:00,159.58399963378906,159.62899780273438,159.58299255371094,159.6219940185547,0.0
2026-08-18 18:45:00+00:00,159.6199951171875,159.63099670410156,159.59500122070312,159.60000610351562,0.0
2026-08-18 19:00:00+00:00,159.60299682617188,159.6269989013672,159.572998046875,159.58999633789062,0.0
2026-08-18 19:15:00+00:00,159.59500122070312,159.61399841308594,159.5709991455078,159.60899353027344,0.0
2026-08-18 19:30:00+00:00,159.6060028076172,159.6219940185547,159.57400512695312,159.6060028076172,0.0
2026-08-18 19:45:00+00:00,159.6009979248047,159.6490020751953,159.58999633789062,159.63600158691406,0.0
2026-08-18 20:00:00+00:00,159.63800048828125,159.6750030517578,159.63499450683594,159.64700317382812,0.0
2026-08-18 20:15:00+00:00,159.64700317382812,159.66099548339844,159.63999938964844,159.64999389648438,0.0
2026-08-18 20:30:00+00:00,159.64700317382812,159.65699768066406,159.63699340820312,159.6510009765625,0.0
2026-08-18 20:45:00+00:00,159.6479949951172,159.66299438476562,159.58399963378906,159.5959930419922,0.0
2026-08-18 21:00:00+00:00,159.5919952392578,159.61500549316406,159.468994140625,159.6009979248047,0.0
2026-08-18 21:15:00+00:00,159.60299682617188,159.62100219726562,159.59500122070312,159.59800720214844,0.0
2026-08-18 21:30:00+00:00,159.60800170898438,159.61900329589844,159.54299926757812,159.5540008544922,0.0
2026-08-18 21:45:00+00:00,159.55499267578125,159.58900451660156,159.54400634765625,159.58099365234375,0.0
2026-08-18 22:00:00+00:00,159.57699584960938,159.64500427246094,159.5540008544922,159.63900756835938,0.0
2026-08-18 22:15:00+00:00,159.64199829101562,159.64300537109375,159.60800170898438,159.62100219726562,0.0
2026-08-18 22:30:00+00:00,159.62600708007812,159.63400268554688,159.58099365234375,159.6020050048828,0.0
2026-08-18 22:45:00+00:00,159.6020050048828,159.62100219726562,159.58299255371094,159.58900451660156,0.0
2026-08-18 23:00:00+00:00,159.58299255371094,159.59500122070312,159.531005859375,159.56500244140625,0.0
2026-08-18 23:15:00+00:00,159.56100463867188,159.58799743652344,159.5489959716797,159.57699584960938,0.0
2026-08-18 23:30:00+00:00,159.57699584960938,159.60800170898438,159.55099487304688,159.593994140625,0.0
2026-08-18 23:45:00+00:00,159.59500122070312,159.60899353027344,159.53500366210938,159.5500030517578,0.0
2026-08-19 00:00:00+00:00,159.5500030517578,159.55299377441406,159.427001953125,159.44500732421875,0.0
2026-08-19 00:15:00+00:00,159.4459991455078,159.5050048828125,159.42799377441406,159.49000549316406,0.0
2026-08-19 00:30:00+00:00,159.49899291992188,159.53500366210938,159.4340057373047,159.4759979248047,0.0
2026-08-19 00:45:00+00:00,159.46600341796875,159.48300170898438,159.38499450683594,159.46200561523438,0.0
2026-08-19 01:00:00+00:00,159.45599365234375,159.50599670410156,159.447998046875,159.50100708007812,0.0
2026-08-19 01:15:00+00:00,159.49099731445312,159.52499389648438,159.4759979248047,159.5019989013672,0.0
2026-08-19 01:30:00+00:00,159.50100708007812,159.5019989013672,159.43600463867188,159.46299743652344,0.0
2026-08-19 01:45:00+00:00,159.46400451660156,159.49200439453125,159.43800354003906,159.447998046875,0.0
2026-08-19 02:00:00+00:00,159.4459991455078,159.4709930419922,159.3820037841797,159.3990020751953,0.0
2026-08-19 02:15:00+00:00,159.39700317382812,159.4199981689453,159.3070068359375,159.36500549316406,0.0
2026-08-19 02:30:00+00:00,159.36500549316406,159.4029998779297,159.28599548339844,159.31100463867188,0.0
2026-08-19 02:45:00+00:00,159.31300354003906,159.37600708007812,159.2899932861328,159.36399841308594,0.0
2026-08-19 03:00:00+00:00,159.36500549316406,159.3990020751953,159.33099365234375,159.38499450683594,0.0
2026-08-19 03:15:00+00:00,159.38299560546875,159.39599609375,159.36700439453125,159.38699340820312,0.0
2026-08-19 03:30:00+00:00,159.3820037841797,159.4429931640625,159.3699951171875,159.40899658203125,0.0
2026-08-19 03:45:00+00:00,159.406005859375,159.43499755859375,159.4040069580078,159.4199981689453,0.0
2026-08-19 04:00:00+00:00,159.4199981689453,159.4250030517578,159.38099670410156,159.38299560546875,0.0
2026-08-19 04:15:00+00:00,159.38299560546875,159.3990020751953,159.34300231933594,159.34500122070312,0.0
2026-08-19 04:30:00+00:00,159.34800720214844,159.3780059814453,159.2310028076172,159.36300659179688,0.0
2026-08-19 04:45:00+00:00,159.35699462890625,159.36399841308594,159.29100036621094,159.3260040283203,0.0
2026-08-19 05:00:00+00:00,159.3260040283203,159.33200073242188,159.28399658203125,159.2969970703125,0.0
2026-08-19 05:15:00+00:00,159.30499267578125,159.30599975585938,159.23399353027344,159.27200317382812,0.0
2026-08-19 05:30:00+00:00,159.27099609375,159.27699279785156,159.20399475097656,159.25,0.0
2026-08-19 05:45:00+00:00,159.25399780273438,159.32699584960938,159.21499633789062,159.2949981689453,0.0
2026-08-19 06:00:00+00:00,159.2899932861328,159.2969970703125,159.2010040283203,159.2429962158203,0.0
2026-08-19 06:15:00+00:00,159.23599243164062,159.2429962158203,159.14700317382812,159.1510009765625,0.0
2026-08-19 06:30:00+00:00,159.1540069580078,159.21099853515625,159.11099243164062,159.20700073242188,0.0
2026-08-19 06:45:00+00:00,159.2100067138672,159.2550048828125,159.1909942626953,159.23899841308594,0.0
2026-08-19 07:00:00+00:00,159.24400329589844,159.25100708007812,159.16200256347656,159.21800231933594,0.0
2026-08-19 07:15:00+00:00,159.21800231933594,159.281005859375,159.16799926757812,159.19400024414062,0.0
2026-08-19 07:30:00+00:00,159.19400024414062,159.20599365234375,159.1199951171875,159.1719970703125,0.0
2026-08-19 07:45:00+00:00,159.16799926757812,159.19700622558594,159.13099670410156,159.16299438476562,0.0
2026-08-19 08:00:00+00:00,159.16299438476562,159.1820068359375,159.072998046875,159.0970001220703,0.0
2026-08-19 08:15:00+00:00,159.0970001220703,159.13299560546875,159.0489959716797,159.09800720214844,0.0
2026-08-19 08:30:00+00:00,159.09300231933594,159.11000061035156,159.0540008544922,159.07000732421875,0.0
2026-08-19 08:45:00+00:00,159.06700134277344,159.1719970703125,159.06500244140625,159.16200256347656,0.0
2026-08-19 09:00:00+00:00,159.16200256347656,159.23399353027344,159.15499877929688,159.22500610351562,0.0
2026-08-19 09:15:00+00:00,159.23199462890625,159.26600646972656,159.15499877929688,159.17799377441406,0.0
2026-08-19 09:30:00+00:00,159.17799377441406,159.1840057373047,159.093994140625,159.1219940185547,0.0
2026-08-19 09:45:00+00:00,159.1219940185547,159.13600158691406,159.06500244140625,159.08399963378906,0.0
2026-08-19 10:00:00+00:00,159.08399963378906,159.11099243164062,159.01300048828125,159.0500030517578,0.0
2026-08-19 10:15:00+00:00,159.0449981689453,159.06700134277344,158.99400329589844,159.05299377441406,0.0
2026-08-19 10:30:00+00:00,159.05299377441406,159.09100341796875,159.02200317382812,159.05599975585938,0.0
2026-08-19 10:45:00+00:00,159.06300354003906,159.11099243164062,159.03199768066406,159.09500122070312,0.0
2026-08-19 11:00:00+00:00,159.09300231933594,159.16000366210938,159.08099365234375,159.1219940185547,0.0
2026-08-19 11:15:00+00:00,159.1219940185547,159.1280059814453,159.08399963378906,159.10699462890625,0.0
2026-08-19 11:30:00+00:00,159.10699462890625,159.18699645996094,159.0919952392578,159.1580047607422,0.0
2026-08-19 11:45:00+00:00,159.16400146484375,159.16600036621094,159.0959930419922,159.13400268554688,0.0
2026-08-19 12:00:00+00:00,159.14199829101562,159.1540069580078,159.0679931640625,159.11000061035156,0.0
2026-08-19 12:15:00+00:00,159.10299682617188,159.11199951171875,158.92300415039062,159.0330047607422,0.0
2026-08-19 12:30:00+00:00,159.03199768066406,159.03799438476562,158.1540069580078,158.44400024414062,0.0
2026-08-19 12:45:00+00:00,158.47500610351562,158.60000610351562,158.36199951171875,158.60000610351562,0.0
2026-08-19 13:00:00+00:00,158.58700561523438,158.6009979248047,158.31300354003906,158.3820037841797,0.0
2026-08-19 13:15:00+00:00,158.3730010986328,158.53599548339844,158.3470001220703,158.41600036621094,0.0
2026-08-19 13:30:00+00:00,158.4080047607422,158.52699279785156,158.35400390625,158.4720001220703,0.0
2026-08-19 13:45:00+00:00,158.47300720214844,158.53399658203125,158.38900756835938,158.4320068359375,0.0
2026-08-19 14:00:00+00:00,158.4340057373047,158.468994140625,158.25599670410156,158.30299377441406,0.0
2026-08-19 14:15:00+00:00,158.3000030517578,158.35899353027344,158.23800659179688,158.27999877929688,0.0
2026-08-19 14:30:00+00:00,158.2740020751953,158.28500366210938,158.03799438476562,158.1439971923828,0.0
2026-08-19 14:45:00+00:00,158.14700317382812,158.38499450683594,158.13900756835938,158.343994140625,0.0
2026-08-19 15:00:00+00:00,158.34800720214844,158.49099731445312,158.3419952392578,158.39500427246094,0.0
2026-08-19 15:15:00+00:00,158.3939971923828,158.52499389648438,158.35000610351562,158.4949951171875,0.0
2026-08-19 15:30:00+00:00,158.49000549316406,158.5229949951172,158.38499450683594,158.39700317382812,0.0
2026-08-19 15:45:00+00:00,158.39700317382812,158.49400329589844,158.37600708007812,158.4530029296875,0.0
2026-08-19 16:00:00+00:00,158.4499969482422,158.50100708007812,158.38900756835938,158.40699768066406,0.0
2026-08-19 16:15:00+00:00,158.41200256347656,158.4499969482422,158.37100219726562,158.41900634765625,0.0
2026-08-19 16:30:00+00:00,158.41099548339844,158.42799377441406,158.37399291992188,158.3939971923828,0.0
2026-08-19 16:45:00+00:00,158.39300537109375,158.4010009765625,158.30999755859375,158.38499450683594,0.0
2026-08-19 17:00:00+00:00,158.3800048828125,158.50999450683594,158.3179931640625,158.4770050048828,0.0
2026-08-19 17:15:00+00:00,158.4770050048828,158.5189971923828,158.4429931640625,158.4980010986328,0.0
2026-08-19 17:30:00+00:00,158.49200439453125,158.5570068359375,158.48599243164062,158.53799438476562,0.0
2026-08-19 17:45:00+00:00,158.54200744628906,158.61399841308594,158.53599548339844,158.58200073242188,0.0
2026-08-19 18:00:00+00:00,158.58399963378906,158.5970001220703,158.35400390625,158.3990020751953,0.0
2026-08-19 18:15:00+00:00,158.39199829101562,158.50100708007812,158.38999938964844,158.49099731445312,0.0
2026-08-19 18:30:00+00:00,158.47799682617188,158.49200439453125,158.2570037841797,158.32200622558594,0.0
2026-08-19 18:45:00+00:00,158.3209991455078,158.33700561523438,158.26199340820312,158.31900024414062,0.0
2026-08-19 19:00:00+00:00,158.31300354003906,158.3679962158203,158.26199340820312,158.29400634765625,0.0
2026-08-19 19:15:00+00:00,158.3000030517578,158.30299377441406,158.1300048828125,158.14599609375,0.0
2026-08-19 19:30:00+00:00,158.1540069580078,158.27000427246094,158.1320037841797,158.2570037841797,0.0
2026-08-19 19:45:00+00:00,158.24899291992188,158.28799438476562,158.09300231933594,158.13900756835938,0.0
2026-08-19 20:00:00+00:00,158.14500427246094,158.1719970703125,158.0850067138672,158.15199279785156,0.0
2026-08-19 20:15:00+00:00,158.15699768066406,158.22000122070312,158.15199279785156,158.20599365234375,0.0
2026-08-19 20:30:00+00:00,158.20700073242188,158.22300720214844,158.1320037841797,158.15499877929688,0.0
2026-08-19 20:45:00+00:00,158.156005859375,158.1739959716797,158.1300048828125,158.1439971923828,0.0
2026-08-19 21:00:00+00:00,158.1219940185547,158.1219940185547,158.0570068359375,158.093994140625,0.0
2026-08-19 21:15:00+00:00,158.093994140625,158.13499450683594,158.07899475097656,158.0970001220703,0.0
2026-08-19 21:30:00+00:00,158.0970001220703,158.1230010986328,158.08299255371094,158.10299682617188,0.0
2026-08-19 21:45:00+00:00,158.10299682617188,158.14500427246094,158.07000732421875,158.10000610351562,0.0
2026-08-19 22:00:00+00:00,158.09500122070312,158.11099243164062,158.01199340820312,158.05499267578125,0.0
2026-08-19 22:15:00+00:00,158.06300354003906,158.0760040283203,158.0330047607422,158.06399536132812,0.0
2026-08-19 22:30:00+00:00,158.06399536132812,158.13900756835938,158.05999755859375,158.1199951171875,0.0
2026-08-19 22:45:00+00:00,158.12899780273438,158.19700622558594,158.11300659179688,158.1719970703125,0.0
2026-08-19 23:00:00+00:00,158.18099975585938,158.23599243164062,158.17599487304688,158.21600341796875,0.0
2026-08-19 23:15:00+00:00,158.20899963378906,158.23800659179688,158.1929931640625,158.23500061035156,0.0
2026-08-19 23:30:00+00:00,158.22500610351562,158.26400756835938,158.20899963378906,158.25,0.0
2026-08-19 23:45:00+00:00,158.25,158.281005859375,158.22900390625,158.25900268554688,0.0
2026-08-20 00:00:00+00:00,158.2550048828125,158.3780059814453,158.15499877929688,158.33099365234375,0.0
2026-08-20 00:15:00+00:00,158.32699584960938,158.36599731445312,158.25399780273438,158.3419952392578,0.0
2026-08-20 00:30:00+00:00,158.33399963378906,158.36900329589844,158.2779998779297,158.36900329589844,0.0
2026-08-20 00:45:00+00:00,158.36300659179688,158.43899536132812,158.3509979248047,158.4040069580078,0.0
2026-08-20 01:00:00+00:00,158.3990020751953,158.51499938964844,158.39100646972656,158.46099853515625,0.0
2026-08-20 01:15:00+00:00,158.46099853515625,158.49400329589844,158.36199951171875,158.37399291992188,0.0
2026-08-20 01:30:00+00:00,158.37600708007812,158.48699951171875,158.32000732421875,158.47900390625,0.0
2026-08-20 01:45:00+00:00,158.47900390625,158.5679931640625,158.468994140625,158.52999877929688,0.0
2026-08-20 02:00:00+00:00,158.5240020751953,158.53799438476562,158.29800415039062,158.48699951171875,0.0
2026-08-20 02:15:00+00:00,158.48800659179688,158.51699829101562,158.4340057373047,158.44700622558594,0.0
2026-08-20 02:30:00+00:00,158.447998046875,158.45599365234375,158.38400268554688,158.42599487304688,0.0
2026-08-20 02:45:00+00:00,158.42999267578125,158.4709930419922,158.4040069580078,158.43899536132812,0.0
2026-08-20 03:00:00+00:00,158.43800354003906,158.49099731445312,158.38299560546875,158.39599609375,0.0
2026-08-20 03:15:00+00:00,158.38900756835938,158.4409942626953,158.3699951171875,158.42999267578125,0.0
2026-08-20 03:30:00+00:00,158.4250030517578,158.4770050048828,158.4149932861328,158.44400024414062,0.0
2026-08-20 03:45:00+00:00,158.44400024414062,158.46800231933594,158.40699768066406,158.42999267578125,0.0
2026-08-20 04:00:00+00:00,158.42799377441406,158.4499969482422,158.41099548339844,158.42799377441406,0.0
2026-08-20 04:15:00+00:00,158.43600463867188,158.47799682617188,158.4239959716797,158.46499633789062,0.0
2026-08-20 04:30:00+00:00,158.46800231933594,158.53700256347656,158.45899963378906,158.53599548339844,0.0
2026-08-20 04:45:00+00:00,158.53700256347656,158.63400268554688,158.46099853515625,158.56399536132812,0.0
2026-08-20 05:00:00+00:00,158.56700134277344,158.61399841308594,158.5279998779297,158.57400512695312,0.0
2026-08-20 05:15:00+00:00,158.5749969482422,158.67999267578125,158.56900024414062,158.6750030517578,0.0
2026-08-20 05:30:00+00:00,158.6719970703125,158.7310028076172,158.64300537109375,158.71400451660156,0.0
2026-08-20 05:45:00+00:00,158.71800231933594,158.72799682617188,158.60299682617188,158.62899780273438,0.0
2026-08-20 06:00:00+00:00,158.6300048828125,158.65899658203125,158.5240020751953,158.5489959716797,0.0
2026-08-20 06:15:00+00:00,158.5500030517578,158.57200622558594,158.4550018310547,158.5019989013672,0.0
2026-08-20 06:30:00+00:00,158.5030059814453,158.5469970703125,158.45700073242188,158.47300720214844,0.0
2026-08-20 06:45:00+00:00,158.4709930419922,158.4810028076172,158.35299682617188,158.36000061035156,0.0
2026-08-20 07:00:00+00:00,158.35899353027344,158.42599487304688,158.32000732421875,158.39199829101562,0.0
2026-08-20 07:15:00+00:00,158.38499450683594,158.54600524902344,158.38400268554688,158.52099609375,0.0
2026-08-20 07:30:00+00:00,158.52200317382812,158.54299926757812,158.39500427246094,158.45599365234375,0.0
2026-08-20 07:45:00+00:00,158.45599365234375,158.50599670410156,158.4199981689453,158.43499755859375,0.0
2026-08-20 08:00:00+00:00,158.43699645996094,158.48899841308594,158.38900756835938,158.3990020751953,0.0
2026-08-20 08:15:00+00:00,158.3939971923828,158.4949951171875,158.36900329589844,158.48699951171875,0.0
2026-08-20 08:30:00+00:00,158.48599243164062,158.52000427246094,158.4340057373047,158.49099731445312,0.0
2026-08-20 08:45:00+00:00,158.48899841308594,158.53500366210938,158.4770050048828,158.48899841308594,0.0
2026-08-20 09:00:00+00:00,158.49000549316406,158.49600219726562,158.3769989013672,158.4040069580078,0.0
2026-08-20 09:15:00+00:00,158.4040069580078,158.41200256347656,158.1959991455078,158.29100036621094,0.0
2026-08-20 09:30:00+00:00,158.302001953125,158.36199951171875,158.2480010986328,158.302001953125,0.0
2026-08-20 09:45:00+00:00,158.30299377441406,158.3800048828125,158.2989959716797,158.3350067138672,0.0
2026-08-20 10:00:00+00:00,158.33900451660156,158.3769989013672,158.23399353027344,158.2779998779297,0.0
2026-08-20 10:15:00+00:00,158.2830047607422,158.3209991455078,158.2480010986328,158.26300048828125,0.0
2026-08-20 10:30:00+00:00,158.26400756835938,158.36599731445312,158.25999450683594,158.36500549316406,0.0
2026-08-20 10:45:00+00:00,158.35800170898438,158.52200317382812,158.35800170898438,158.4669952392578,0.0
2026-08-20 11:00:00+00:00,158.4669952392578,158.61300659179688,158.4669952392578,158.61099243164062,0.0
2026-08-20 11:15:00+00:00,158.60299682617188,158.63999938964844,158.5189971923828,158.57400512695312,0.0
2026-08-20 11:30:00+00:00,158.5709991455078,158.6439971923828,158.52999877929688,158.6320037841797,0.0
2026-08-20 11:45:00+00:00,158.63800048828125,158.71099853515625,158.61900329589844,158.65699768066406,0.0
2026-08-20 12:00:00+00:00,158.66000366210938,158.80099487304688,158.63900756835938,158.7239990234375,0.0
2026-08-20 12:15:00+00:00,158.71800231933594,158.72900390625,158.62600708007812,158.65199279785156,0.0
2026-08-20 12:30:00+00:00,158.66000366210938,158.7790069580078,158.61199951171875,158.63900756835938,0.0
2026-08-20 12:45:00+00:00,158.63900756835938,158.69700622558594,158.59300231933594,158.63499450683594,0.0
2026-08-20 13:00:00+00:00,158.63800048828125,158.64599609375,158.53399658203125,158.6300048828125,0.0
2026-08-20 13:15:00+00:00,158.625,158.65899658203125,158.5570068359375,158.6199951171875,0.0
2026-08-20 13:30:00+00:00,158.62899780273438,158.72300720214844,158.5919952392578,158.68099975585938,0.0
2026-08-20 13:45:00+00:00,158.67599487304688,158.8350067138672,158.6649932861328,158.8249969482422,0.0
2026-08-20 14:00:00+00:00,158.82000732421875,158.88900756835938,158.7779998779297,158.85800170898438,0.0
2026-08-20 14:15:00+00:00,158.85800170898438,158.89300537109375,158.73599243164062,158.79200744628906,0.0
2026-08-20 14:30:00+00:00,158.7899932861328,158.81399536132812,158.74000549316406,158.7469940185547,0.0
2026-08-20 14:45:00+00:00,158.7469940185547,158.7729949951172,158.7030029296875,158.72300720214844,0.0
2026-08-20 15:00:00+00:00,158.7209930419922,158.822998046875,158.48899841308594,158.74200439453125,0.0
2026-08-20 15:15:00+00:00,158.74200439453125,158.85800170898438,158.73800659179688,158.75799560546875,0.0
2026-08-20 15:30:00+00:00,158.75999450683594,158.9770050048828,158.74899291992188,158.95799255371094,0.0
2026-08-20 15:45:00+00:00,158.96099853515625,158.96800231933594,158.84300231933594,158.84800720214844,0.0
2026-08-20 16:00:00+00:00,158.85000610351562,158.96499633789062,158.8350067138672,158.96400451660156,0.0
2026-08-20 16:15:00+00:00,158.95899963378906,159.09800720214844,158.9499969482422,159.0709991455078,0.0
2026-08-20 16:30:00+00:00,159.0709991455078,159.0919952392578,159.01400756835938,159.04100036621094,0.0
2026-08-20 16:45:00+00:00,159.0469970703125,159.0570068359375,158.9810028076172,158.99400329589844,0.0
2026-08-20 17:00:00+00:00,158.99200439453125,159.03500366210938,158.96400451660156,159.0290069580078,0.0
2026-08-20 17:15:00+00:00,159.0240020751953,159.0570068359375,159.0019989013672,159.02499389648438,0.0
2026-08-20 17:30:00+00:00,159.02499389648438,159.1009979248047,159.02499389648438,159.05799865722656,0.0
2026-08-20 17:45:00+00:00,159.05999755859375,159.08599853515625,159.03900146484375,159.0469970703125,0.0
2026-08-20 18:00:00+00:00,159.0489959716797,159.15199279785156,159.031005859375,159.12100219726562,0.0
2026-08-20 18:15:00+00:00,159.12100219726562,159.1750030517578,159.11500549316406,159.16600036621094,0.0
2026-08-20 18:30:00+00:00,159.16099548339844,159.17100524902344,159.11500549316406,159.13699340820312,0.0
2026-08-20 18:45:00+00:00,159.13699340820312,159.16000366210938,159.1020050048828,159.14100646972656,0.0
2026-08-20 19:00:00+00:00,159.13499450683594,159.1790008544922,159.1199951171875,159.1280059814453,0.0
2026-08-20 19:15:00+00:00,159.1230010986328,159.1439971923828,159.10000610351562,159.13800048828125,0.0
2026-08-20 19:30:00+00:00,159.13800048828125,159.15199279785156,159.0989990234375,159.13299560546875,0.0
2026-08-20 19:45:00+00:00,159.13400268554688,159.1439971923828,159.10699462890625,159.11199951171875,0.0
2026-08-20 20:00:00+00:00,159.11199951171875,159.1230010986328,159.0959930419922,159.11500549316406,0.0
2026-08-20 20:15:00+00:00,159.11599731445312,159.14100646972656,159.10899353027344,159.11900329589844,0.0
2026-08-20 20:30:00+00:00,159.11900329589844,159.125,159.06900024414062,159.0749969482422,0.0
2026-08-20 20:45:00+00:00,159.0749969482422,159.09100341796875,159.01300048828125,159.01600646972656,0.0
2026-08-20 21:00:00+00:00,159.01199340820312,159.072998046875,158.98199462890625,159.04800415039062,0.0
2026-08-20 21:15:00+00:00,159.05999755859375,159.0749969482422,159.00900268554688,159.03799438476562,0.0
2026-08-20 21:30:00+00:00,159.03399658203125,159.07699584960938,158.98699951171875,159.0570068359375,0.0
2026-08-20 21:45:00+00:00,159.03199768066406,159.0590057373047,158.98699951171875,159.02000427246094,0.0
2026-08-20 22:00:00+00:00,159.0260009765625,159.07899475097656,159.00999450683594,159.01300048828125,0.0
2026-08-20 22:15:00+00:00,159.01300048828125,159.03500366210938,158.94500732421875,158.9720001220703,0.0
2026-08-20 22:30:00+00:00,158.97300720214844,159.01199340820312,158.9709930419922,158.99000549316406,0.0
2026-08-20 22:45:00+00:00,158.9980010986328,159.00399780273438,158.9340057373047,158.9550018310547,0.0
2026-08-20 23:00:00+00:00,158.9510040283203,158.96099853515625,158.8939971923828,158.90499877929688,0.0
2026-08-20 23:15:00+00:00,158.9010009765625,158.91400146484375,158.86900329589844,158.8990020751953,0.0
2026-08-20 23:30:00+00:00,158.9010009765625,158.94700622558594,158.86700439453125,158.9029998779297,0.0
2026-08-20 23:45:00+00:00,158.90499877929688,158.92999267578125,158.86399841308594,158.88999938964844,0.0
2026-08-21 00:00:00+00:00,158.89300537109375,159.02200317382812,158.86399841308594,158.96099853515625,0.0
2026-08-21 00:15:00+00:00,158.96200561523438,159.0240020751953,158.9040069580078,158.99200439453125,0.0
2026-08-21 00:30:00+00:00,158.99600219726562,159.10000610351562,158.99099731445312,159.0800018310547,0.0
2026-08-21 00:45:00+00:00,159.08799743652344,159.12899780273438,159.04800415039062,159.0970001220703,0.0
2026-08-21 01:00:00+00:00,159.08900451660156,159.13400268554688,159.05599975585938,159.06900024414062,0.0
2026-08-21 01:15:00+00:00,159.06900024414062,159.08799743652344,158.94400024414062,158.97500610351562,0.0
2026-08-21 01:30:00+00:00,158.97500610351562,158.99600219726562,158.9010009765625,158.99600219726562,0.0
2026-08-21 01:45:00+00:00,158.98899841308594,159.0019989013672,158.9409942626953,158.94500732421875,0.0
2026-08-21 02:00:00+00:00,158.94900512695312,159.02099609375,158.91799926757812,158.9709930419922,0.0
2026-08-21 02:15:00+00:00,158.9709930419922,159.0240020751953,158.93600463867188,158.99400329589844,0.0
2026-08-21 02:30:00+00:00,158.98699951171875,158.9929962158203,158.88800048828125,158.9320068359375,0.0
2026-08-21 02:45:00+00:00,158.92599487304688,158.9709930419922,158.8719940185547,158.96499633789062,0.0
2026-08-21 03:00:00+00:00,158.96200561523438,158.99099731445312,158.9409942626953,158.95899963378906,0.0
2026-08-21 03:15:00+00:00,158.95199584960938,159.00599670410156,158.93299865722656,159.0,0.0
2026-08-21 03:30:00+00:00,158.9980010986328,159.08799743652344,158.99400329589844,159.03599548339844,0.0
2026-08-21 03:45:00+00:00,159.03599548339844,159.07000732421875,158.98399353027344,158.9929962158203,0.0
2026-08-21 04:00:00+00:00,158.99400329589844,159.01199340820312,158.94700622558594,158.9759979248047,0.0
2026-08-21 04:15:00+00:00,158.98300170898438,159.02999877929688,158.96499633789062,159.00799560546875,0.0
2026-08-21 04:30:00+00:00,159.0070037841797,159.06399536132812,159.0050048828125,159.0330047607422,0.0
2026-08-21 04:45:00+00:00,159.02699279785156,159.05599975585938,158.98399353027344,158.9969940185547,0.0
2026-08-21 05:00:00+00:00,158.9969940185547,159.02999877929688,158.98599243164062,159.01300048828125,0.0
2026-08-21 05:15:00+00:00,159.00900268554688,159.031005859375,158.9969940185547,159.01699829101562,0.0
2026-08-21 05:30:00+00:00,159.01800537109375,159.01800537109375,158.8470001220703,158.8470001220703,0.0
2026-08-21 05:45:00+00:00,158.8560028076172,158.89700317382812,158.80999755859375,158.8300018310547,0.0
2026-08-21 06:00:00+00:00,158.8300018310547,158.91600036621094,158.78500366210938,158.9029998779297,0.0
2026-08-21 06:15:00+00:00,158.8990020751953,158.97999572753906,158.875,158.9770050048828,0.0
2026-08-21 06:30:00+00:00,158.9739990234375,158.98800659179688,158.89100646972656,158.927001953125,0.0
2026-08-21 06:45:00+00:00,158.927001953125,158.95799255371094,158.87100219726562,158.88699340820312,0.0
2026-08-21 07:00:00+00:00,158.88900756835938,158.93299865722656,158.8260040283203,158.88600158691406,0.0
2026-08-21 07:15:00+00:00,158.88600158691406,158.91799926757812,158.8560028076172,158.87600708007812,0.0
2026-08-21 07:30:00+00:00,158.88400268554688,158.89199829101562,158.75799560546875,158.8419952392578,0.0
2026-08-21 07:45:00+00:00,158.8350067138672,158.84500122070312,158.72900390625,158.81700134277344,0.0
2026-08-21 08:00:00+00:00,158.81700134277344,158.8699951171875,158.76600646972656,158.80999755859375,0.0
2026-08-21 08:15:00+00:00,158.80799865722656,158.84300231933594,158.71600341796875,158.7239990234375,0.0
2026-08-21 08:30:00+00:00,158.7239990234375,158.75,158.55099487304688,158.56900024414062,0.0
2026-08-21 08:45:00+00:00,158.57000732421875,158.63999938964844,158.50799560546875,158.52200317382812,0.0
2026-08-21 09:00:00+00:00,158.5279998779297,158.5570068359375,158.3470001220703,158.4149932861328,0.0
2026-08-21 09:15:00+00:00,158.41700744628906,158.51699829101562,158.40499877929688,158.48599243164062,0.0
2026-08-21 09:30:00+00:00,158.48599243164062,158.5500030517578,158.44200134277344,158.53399658203125,0.0
2026-08-21 09:45:00+00:00,158.5330047607422,158.60800170898438,158.5260009765625,158.5970001220703,0.0
2026-08-21 10:00:00+00:00,158.60299682617188,158.6479949951172,158.56700134277344,158.63699340820312,0.0
2026-08-21 10:15:00+00:00,158.6320037841797,158.63800048828125,158.51800537109375,158.52699279785156,0.0
2026-08-21 10:30:00+00:00,158.5330047607422,158.61199951171875,158.52699279785156,158.58999633789062,0.0
2026-08-21 10:45:00+00:00,158.58900451660156,158.73500061035156,158.58200073242188,158.69500732421875,0.0
2026-08-21 11:00:00+00:00,158.697998046875,158.76800537109375,158.67599487304688,158.72799682617188,0.0
2026-08-21 11:15:00+00:00,158.73300170898438,158.73300170898438,158.5489959716797,158.55999755859375,0.0
2026-08-21 11:30:00+00:00,158.5540008544922,158.67100524902344,158.5469970703125,158.62399291992188,0.0
2026-08-21 11:45:00+00:00,158.62399291992188,158.71200561523438,158.6199951171875,158.6820068359375,0.0
2026-08-21 12:00:00+00:00,158.6820068359375,158.7169952392578,158.6179962158203,158.71400451660156,0.0
2026-08-21 12:15:00+00:00,158.71200561523438,158.7530059814453,158.66200256347656,158.6999969482422,0.0
2026-08-21 12:30:00+00:00,158.6999969482422,158.8459930419922,158.69900512695312,158.7689971923828,0.0
2026-08-21 12:45:00+00:00,158.76400756835938,158.81199645996094,158.73399353027344,158.7530059814453,0.0
2026-08-21 13:00:00+00:00,158.7469940185547,158.83700561523438,158.71600341796875,158.7790069580078,0.0
2026-08-21 13:15:00+00:00,158.78599548339844,158.87100219726562,158.77499389648438,158.85299682617188,0.0
2026-08-21 13:30:00+00:00,158.85800170898438,158.88699340820312,158.8000030517578,158.8260040283203,0.0
2026-08-21 13:45:00+00:00,158.81700134277344,158.89599609375,158.75,158.77000427246094,0.0
2026-08-21 14:00:00+00:00,158.7729949951172,158.8820037841797,158.76300048828125,158.83599853515625,0.0
2026-08-21 14:15:00+00:00,158.83599853515625,158.89300537109375,158.81399536132812,158.8820037841797,0.0
2026-08-21 14:30:00+00:00,158.88099670410156,159.00799560546875,158.88099670410156,158.9739990234375,0.0
2026-08-21 14:45:00+00:00,158.9720001220703,159.00399780273438,158.8990020751953,158.95199584960938,0.0
2026-08-21 15:00:00+00:00,158.95199584960938,159.03199768066406,158.91200256347656,159.00900268554688,0.0
2026-08-21 15:15:00+00:00,159.01600646972656,159.0399932861328,158.94900512695312,158.9759979248047,0.0
2026-08-21 15:30:00+00:00,158.9770050048828,158.99000549316406,158.9040069580078,158.9219970703125,0.0
2026-08-21 15:45:00+00:00,158.9149932861328,158.95899963378906,158.89700317382812,158.91600036621094,0.0
2026-08-21 16:00:00+00:00,158.91000366210938,158.9810028076172,158.91000366210938,158.9429931640625,0.0
2026-08-21 16:15:00+00:00,158.9429931640625,158.9709930419922,158.82000732421875,158.947998046875,0.0
2026-08-21 16:30:00+00:00,158.947998046875,158.9669952392578,158.927001953125,158.9459991455078,0.0
2026-08-21 16:45:00+00:00,158.9499969482422,158.968994140625,158.91900634765625,158.95899963378906,0.0
2026-08-21 17:00:00+00:00,158.95899963378906,159.03599548339844,158.95899963378906,159.01499938964844,0.0
2026-08-21 17:15:00+00:00,159.02000427246094,159.04400634765625,158.95700073242188,158.98899841308594,0.0
2026-08-21 17:30:00+00:00,158.98699951171875,159.02000427246094,158.96499633789062,159.01499938964844,0.0
2026-08-21 17:45:00+00:00,159.01400756835938,159.03700256347656,159.00399780273438,159.01600646972656,0.0
2026-08-21 18:00:00+00:00,159.01199340820312,159.01699829101562,158.97900390625,159.01600646972656,0.0
2026-08-21 18:15:00+00:00,159.01100158691406,159.03500366210938,159.00100708007812,159.01600646972656,0.0
2026-08-21 18:30:00+00:00,159.01400756835938,159.03700256347656,159.0019989013672,159.0279998779297,0.0
2026-08-21 18:45:00+00:00,159.0240020751953,159.052001953125,159.01199340820312,159.01400756835938,0.0
2026-08-21 19:00:00+00:00,159.01499938964844,159.03900146484375,159.0019989013672,159.0290069580078,0.0
2026-08-21 19:15:00+00:00,159.0330047607422,159.04200744628906,159.01199340820312,159.03599548339844,0.0
2026-08-21 19:30:00+00:00,159.02999877929688,159.03799438476562,158.98899841308594,159.01100158691406,0.0
2026-08-21 19:45:00+00:00,159.01100158691406,159.01199340820312,158.9550018310547,158.9949951171875,0.0
2026-08-21 20:00:00+00:00,158.9980010986328,159.01300048828125,158.9810028076172,158.99200439453125,0.0
2026-08-21 20:15:00+00:00,158.99099731445312,159.01600646972656,158.96499633789062,159.00399780273438,0.0
2026-08-21 20:30:00+00:00,159.00799560546875,159.01800537109375,158.9669952392578,158.9720001220703,0.0
2026-08-21 20:45:00+00:00,158.96800231933594,158.9949951171875,158.86199951171875,158.86199951171875,0.0
2026-08-21 22:45:00+00:00,158.94000244140625,158.94000244140625,158.94000244140625,158.94000244140625,0.0
2026-08-21 22:59:00+00:00,158.94000244140625,158.94000244140625,158.94000244140625,158.94000244140625,0.0
