datetime,open,high,low,close,volume
2026-07-06 04:00:00+00:00,4177.0,4187.2998046875,4169.2001953125,4171.5,0.0
2026-07-06 05:00:00+00:00,4171.2001953125,4187.2998046875,4156.39990234375,4159.7001953125,3281.0
2026-07-06 06:00:00+00:00,4159.5,4187.2998046875,4156.7998046875,4161.89990234375,2731.0
2026-07-06 07:00:00+00:00,4162.0,4187.2998046875,4158.7001953125,4175.7001953125,3011.0
2026-07-06 08:00:00+00:00,4176.39990234375,4187.2998046875,4158.10009765625,4161.7998046875,2973.0
2026-07-06 09:00:00+00:00,4161.60009765625,4187.2998046875,4148.39990234375,4155.5,5049.0
2026-07-06 10:00:00+00:00,4155.5,4187.2998046875,4154.60009765625,4167.39990234375,2409.0
2026-07-06 11:00:00+00:00,4167.2998046875,4187.2998046875,4163.89990234375,4167.39990234375,1902.0
2026-07-06 12:00:00+00:00,4167.39990234375,4187.2998046875,4143.2998046875,4151.39990234375,6383.0
2026-07-06 13:00:00+00:00,4151.89990234375,4187.2998046875,4147.10009765625,4153.0,8151.0
2026-07-06 14:00:00+00:00,4152.5,4187.2998046875,4140.60009765625,4150.2001953125,8871.0
2026-07-06 15:00:00+00:00,4150.60009765625,4187.2998046875,4149.7998046875,4159.89990234375,5821.0
2026-07-06 16:00:00+00:00,4160.10009765625,4187.2998046875,4152.0,4166.89990234375,4509.0
2026-07-06 17:00:00+00:00,4166.89990234375,4187.2998046875,4162.10009765625,4172.89990234375,5115.0
2026-07-06 18:00:00+00:00,4173.2998046875,4187.2998046875,4167.10009765625,4175.7998046875,2874.0
2026-07-06 19:00:00+00:00,4175.7998046875,4187.2998046875,4170.5,4175.5,1924.0
2026-07-06 20:00:00+00:00,4175.39990234375,4187.2998046875,4172.60009765625,4187.2998046875,597.0
2026-07-06 22:00:00+00:00,4176.39990234375,4179.5,4174.60009765625,4175.89990234375,0.0
2026-07-06 23:00:00+00:00,4175.39990234375,4176.60009765625,4168.0,4168.7001953125,784.0
2026-07-07 00:00:00+00:00,4168.5,4174.5,4156.10009765625,4157.2001953125,2202.0
2026-07-07 01:00:00+00:00,4157.2998046875,4160.2001953125,4137.60009765625,4153.89990234375,5000.0
2026-07-07 02:00:00+00:00,4154.0,4157.0,4142.7998046875,4147.89990234375,2619.0
2026-07-07 03:00:00+00:00,4147.7998046875,4151.39990234375,4135.2001953125,4141.7998046875,2183.0
2026-07-07 04:00:00+00:00,4142.39990234375,4152.39990234375,4136.7998046875,4137.60009765625,1910.0
2026-07-07 05:00:00+00:00,4137.60009765625,4142.2001953125,4127.7001953125,4135.2001953125,3705.0
2026-07-07 06:00:00+00:00,4135.0,4144.39990234375,4132.5,4141.7001953125,2344.0
2026-07-07 07:00:00+00:00,4141.89990234375,4144.60009765625,4135.39990234375,4135.7998046875,2520.0
2026-07-07 08:00:00+00:00,4135.39990234375,4150.89990234375,4132.7001953125,4137.10009765625,4261.0
2026-07-07 09:00:00+00:00,4136.89990234375,4144.60009765625,4130.60009765625,4142.39990234375,3676.0
2026-07-07 10:00:00+00:00,4142.39990234375,4150.5,4142.39990234375,4147.10009765625,2012.0
2026-07-07 11:00:00+00:00,4147.10009765625,4170.0,4143.0,4168.60009765625,5278.0
2026-07-07 12:00:00+00:00,4168.60009765625,4187.0,4166.0,4184.10009765625,11524.0
2026-07-07 13:00:00+00:00,4184.10009765625,4192.39990234375,4167.2998046875,4170.0,12311.0
2026-07-07 14:00:00+00:00,4169.7001953125,4175.10009765625,4154.5,4165.0,10347.0
2026-07-07 15:00:00+00:00,4165.0,4166.7001953125,4146.89990234375,4150.10009765625,6189.0
2026-07-07 16:00:00+00:00,4150.39990234375,4158.7001953125,4148.2001953125,4156.60009765625,4083.0
2026-07-07 17:00:00+00:00,4156.7001953125,4159.7998046875,4151.7998046875,4155.89990234375,4102.0
2026-07-07 18:00:00+00:00,4156.0,4156.5,4136.10009765625,4138.0,4202.0
2026-07-07 19:00:00+00:00,4137.89990234375,4138.7001953125,4102.7001953125,4125.10009765625,13252.0
2026-07-07 20:00:00+00:00,4125.2998046875,4126.7001953125,4114.2001953125,4116.60009765625,2153.0
2026-07-07 22:00:00+00:00,4106.5,4116.89990234375,4104.0,4109.5,0.0
2026-07-07 23:00:00+00:00,4109.0,4118.89990234375,4106.2998046875,4108.7998046875,2983.0
2026-07-08 00:00:00+00:00,4108.5,4137.10009765625,4107.39990234375,4122.5,3627.0
2026-07-08 01:00:00+00:00,4122.7998046875,4129.0,4106.7998046875,4122.2998046875,5333.0
2026-07-08 02:00:00+00:00,4122.2001953125,4135.5,4116.5,4125.0,3123.0
2026-07-08 03:00:00+00:00,4125.5,4142.2998046875,4125.5,4133.7001953125,2790.0
2026-07-08 04:00:00+00:00,4134.2001953125,4139.39990234375,4131.39990234375,4135.89990234375,2420.0
2026-07-08 05:00:00+00:00,4135.89990234375,4144.60009765625,4131.2998046875,4138.5,2250.0
2026-07-08 06:00:00+00:00,4138.7998046875,4144.7001953125,4132.89990234375,4134.0,2615.0
2026-07-08 07:00:00+00:00,4134.39990234375,4139.0,4125.39990234375,4132.0,3794.0
2026-07-08 08:00:00+00:00,4132.0,4132.5,4062.199951171875,4066.800048828125,19280.0
2026-07-08 09:00:00+00:00,4066.60009765625,4071.300048828125,4051.60009765625,4053.10009765625,9608.0
2026-07-08 10:00:00+00:00,4053.5,4069.0,4050.0,4062.89990234375,5646.0
2026-07-08 11:00:00+00:00,4062.89990234375,4083.0,4051.5,4072.300048828125,8224.0
2026-07-08 12:00:00+00:00,4071.89990234375,4096.7998046875,4068.5,4082.89990234375,10640.0
2026-07-08 13:00:00+00:00,4082.5,4093.800048828125,4075.800048828125,4081.60009765625,12073.0
2026-07-08 14:00:00+00:00,4081.10009765625,4082.0,4044.0,4051.800048828125,19268.0
2026-07-08 15:00:00+00:00,4052.0,4054.300048828125,4032.5,4044.10009765625,11435.0
2026-07-08 16:00:00+00:00,4044.5,4075.0,4043.39990234375,4073.89990234375,9762.0
2026-07-08 17:00:00+00:00,4073.89990234375,4086.89990234375,4069.39990234375,4076.39990234375,12874.0
2026-07-08 18:00:00+00:00,4075.800048828125,4101.60009765625,4073.800048828125,4094.10009765625,5689.0
2026-07-08 19:00:00+00:00,4095.0,4101.39990234375,4088.5,4090.199951171875,4300.0
2026-07-08 20:00:00+00:00,4090.5,4093.5,4081.39990234375,4086.60009765625,2402.0
2026-07-08 22:00:00+00:00,4087.60009765625,4089.60009765625,4081.199951171875,4085.699951171875,0.0
2026-07-08 23:00:00+00:00,4086.300048828125,4087.5,4081.10009765625,4085.60009765625,1057.0
2026-07-09 00:00:00+00:00,4087.5,4099.10009765625,4079.199951171875,4082.800048828125,3289.0
2026-07-09 01:00:00+00:00,4083.199951171875,4088.199951171875,4071.39990234375,4081.800048828125,4259.0
2026-07-09 02:00:00+00:00,4081.89990234375,4091.89990234375,4073.10009765625,4073.800048828125,3434.0
2026-07-09 03:00:00+00:00,4073.39990234375,4076.300048828125,4063.39990234375,4072.10009765625,2279.0
2026-07-09 04:00:00+00:00,4073.60009765625,4073.699951171875,4065.89990234375,4073.699951171875,2758.0
2026-07-09 05:00:00+00:00,4073.699951171875,4093.800048828125,4073.0,4091.39990234375,4944.0
2026-07-09 06:00:00+00:00,4091.300048828125,4117.7001953125,4090.800048828125,4117.7001953125,6916.0
2026-07-09 07:00:00+00:00,4117.2998046875,4121.0,4111.2998046875,4117.89990234375,3715.0
2026-07-09 08:00:00+00:00,4117.89990234375,4127.39990234375,4115.0,4117.89990234375,4197.0
2026-07-09 09:00:00+00:00,4118.0,4121.39990234375,4112.60009765625,4115.7001953125,2621.0
2026-07-09 10:00:00+00:00,4115.7998046875,4119.2001953125,4102.7998046875,4108.0,3919.0
2026-07-09 11:00:00+00:00,4108.2001953125,4120.39990234375,4106.89990234375,4118.7001953125,4272.0
2026-07-09 12:00:00+00:00,4118.7001953125,4132.39990234375,4114.7998046875,4117.7001953125,9757.0
2026-07-09 13:00:00+00:00,4117.5,4139.60009765625,4116.60009765625,4131.7001953125,12423.0
2026-07-09 14:00:00+00:00,4131.2998046875,4147.39990234375,4123.7001953125,4137.2998046875,11470.0
2026-07-09 15:00:00+00:00,4137.7001953125,4143.0,4134.60009765625,4136.39990234375,6438.0
2026-07-09 16:00:00+00:00,4136.7998046875,4148.39990234375,4135.39990234375,4137.7001953125,5716.0
2026-07-09 17:00:00+00:00,4137.7998046875,4148.2998046875,4134.5,4146.10009765625,11464.0
2026-07-09 18:00:00+00:00,4145.89990234375,4146.5,4131.10009765625,4134.5,3055.0
2026-07-09 19:00:00+00:00,4134.10009765625,4136.89990234375,4128.2998046875,4132.39990234375,2319.0
2026-07-09 20:00:00+00:00,4132.10009765625,4135.10009765625,4130.0,4132.60009765625,973.0
2026-07-09 22:00:00+00:00,4135.39990234375,4136.7998046875,4130.5,4130.7001953125,0.0
2026-07-09 23:00:00+00:00,4130.7998046875,4134.2001953125,4130.10009765625,4132.60009765625,588.0
2026-07-10 00:00:00+00:00,4132.5,4137.7998046875,4123.5,4135.7998046875,2452.0
2026-07-10 01:00:00+00:00,4136.2001953125,4140.7998046875,4118.2998046875,4127.10009765625,4104.0
2026-07-10 02:00:00+00:00,4126.7001953125,4138.89990234375,4125.89990234375,4137.60009765625,2223.0
2026-07-10 03:00:00+00:00,4137.5,4144.60009765625,4128.89990234375,4129.5,2793.0
2026-07-10 04:00:00+00:00,4128.7998046875,4130.5,4121.2001953125,4123.89990234375,1776.0
2026-07-10 05:00:00+00:00,4124.10009765625,4126.0,4117.0,4125.5,2221.0
2026-07-10 06:00:00+00:00,4125.5,4129.0,4120.0,4120.60009765625,2197.0
2026-07-10 07:00:00+00:00,4120.2998046875,4124.39990234375,4113.0,4117.89990234375,3540.0
2026-07-10 08:00:00+00:00,4117.60009765625,4118.2998046875,4103.2998046875,4106.5,4267.0
2026-07-10 09:00:00+00:00,4106.5,4114.5,4103.0,4113.7001953125,3559.0
2026-07-10 10:00:00+00:00,4113.7998046875,4121.7998046875,4113.10009765625,4113.5,3360.0
2026-07-10 11:00:00+00:00,4113.2998046875,4117.10009765625,4104.5,4111.0,3263.0
2026-07-10 12:00:00+00:00,4111.39990234375,4127.0,4106.0,4109.2998046875,7274.0
2026-07-10 13:00:00+00:00,4109.7001953125,4115.5,4093.699951171875,4108.7001953125,8961.0
2026-07-10 14:00:00+00:00,4108.2998046875,4118.60009765625,4081.699951171875,4101.7001953125,13660.0
2026-07-10 15:00:00+00:00,4101.89990234375,4122.7001953125,4100.10009765625,4122.10009765625,5775.0
2026-07-10 16:00:00+00:00,4122.39990234375,4124.7998046875,4113.2998046875,4113.60009765625,5036.0
2026-07-10 17:00:00+00:00,4113.39990234375,4115.7998046875,4109.39990234375,4109.60009765625,6097.0
2026-07-10 18:00:00+00:00,4109.7998046875,4114.7998046875,4106.7998046875,4109.7001953125,3147.0
2026-07-10 19:00:00+00:00,4109.7001953125,4117.0,4106.2998046875,4116.60009765625,2845.0
2026-07-10 20:00:00+00:00,4116.39990234375,4129.0,4113.7001953125,4113.7001953125,1563.0
2026-07-12 22:00:00+00:00,4097.89990234375,4102.2001953125,4076.800048828125,4084.300048828125,2645.0
2026-07-12 23:00:00+00:00,4084.0,4093.300048828125,4075.800048828125,4092.89990234375,2185.0
2026-07-13 00:00:00+00:00,4093.10009765625,4099.7001953125,4069.39990234375,4082.10009765625,4601.0
2026-07-13 01:00:00+00:00,4082.89990234375,4098.2998046875,4074.0,4080.199951171875,5884.0
2026-07-13 02:00:00+00:00,4080.5,4085.5,4072.60009765625,4076.800048828125,3496.0
2026-07-13 03:00:00+00:00,4076.5,4077.199951171875,4060.699951171875,4067.39990234375,3656.0
2026-07-13 04:00:00+00:00,4068.10009765625,4068.10009765625,4057.800048828125,4066.300048828125,2226.0
2026-07-13 05:00:00+00:00,4066.39990234375,4080.89990234375,4059.5,4061.800048828125,4489.0
2026-07-13 06:00:00+00:00,4061.89990234375,4071.39990234375,4052.0,4063.0,5187.0
2026-07-13 07:00:00+00:00,4063.39990234375,4073.199951171875,4056.5,4072.800048828125,3396.0
2026-07-13 08:00:00+00:00,4072.800048828125,4089.10009765625,4071.39990234375,4083.10009765625,4872.0
2026-07-13 09:00:00+00:00,4082.800048828125,4085.0,4076.0,4076.300048828125,2626.0
2026-07-13 10:00:00+00:00,4076.199951171875,4078.39990234375,4055.0,4068.39990234375,5002.0
2026-07-13 11:00:00+00:00,4068.39990234375,4076.699951171875,4062.60009765625,4064.0,5014.0
2026-07-13 12:00:00+00:00,4064.0,4075.199951171875,4061.10009765625,4075.199951171875,6010.0
2026-07-13 13:00:00+00:00,4075.300048828125,4075.5,4049.0,4050.89990234375,10529.0
2026-07-13 14:00:00+00:00,4050.5,4054.5,4005.800048828125,4022.39990234375,29560.0
2026-07-13 15:00:00+00:00,4022.39990234375,4027.5,4017.5,4023.300048828125,6114.0
2026-07-13 16:00:00+00:00,4023.10009765625,4025.5,3992.89990234375,4000.300048828125,15526.0
2026-07-13 17:00:00+00:00,4000.5,4009.300048828125,3999.199951171875,4000.60009765625,9273.0
2026-07-13 18:00:00+00:00,4000.699951171875,4012.699951171875,3993.60009765625,4008.5,5006.0
2026-07-13 19:00:00+00:00,4008.800048828125,4011.60009765625,4000.5,4009.300048828125,3789.0
2026-07-13 20:00:00+00:00,4009.39990234375,4013.60009765625,4002.800048828125,4008.699951171875,2050.0
2026-07-13 22:00:00+00:00,4005.89990234375,4015.5,4005.800048828125,4007.39990234375,0.0
2026-07-13 23:00:00+00:00,4007.699951171875,4009.89990234375,3999.10009765625,4007.89990234375,1788.0
2026-07-14 00:00:00+00:00,4008.60009765625,4014.300048828125,3990.39990234375,4011.60009765625,5093.0
2026-07-14 01:00:00+00:00,4010.800048828125,4019.0,3998.60009765625,4017.0,4910.0
2026-07-14 02:00:00+00:00,4017.5,4025.699951171875,4012.699951171875,4019.199951171875,4176.0
2026-07-14 03:00:00+00:00,4019.10009765625,4025.699951171875,4017.5,4022.60009765625,2036.0
2026-07-14 04:00:00+00:00,4023.699951171875,4029.699951171875,4019.89990234375,4026.699951171875,2275.0
2026-07-14 05:00:00+00:00,4027.199951171875,4040.39990234375,4026.199951171875,4037.800048828125,4140.0
2026-07-14 06:00:00+00:00,4037.699951171875,4039.5,4028.0,4030.39990234375,2911.0
2026-07-14 07:00:00+00:00,4030.60009765625,4036.39990234375,4026.5,4027.300048828125,2759.0
2026-07-14 08:00:00+00:00,4027.300048828125,4031.10009765625,4020.800048828125,4022.60009765625,3861.0
2026-07-14 09:00:00+00:00,4022.39990234375,4031.199951171875,4020.10009765625,4028.699951171875,3610.0
2026-07-14 10:00:00+00:00,4028.60009765625,4029.60009765625,4021.89990234375,4028.199951171875,2221.0
2026-07-14 11:00:00+00:00,4028.199951171875,4039.0,4022.10009765625,4038.10009765625,3830.0
2026-07-14 12:00:00+00:00,4038.5,4112.5,4029.800048828125,4083.89990234375,32039.0
2026-07-14 13:00:00+00:00,4084.0,4096.39990234375,4078.199951171875,4084.0,13369.0
2026-07-14 14:00:00+00:00,4084.0,4098.39990234375,4077.89990234375,4093.0,12042.0
2026-07-14 15:00:00+00:00,4093.0,4108.7001953125,4071.300048828125,4073.10009765625,13942.0
2026-07-14 16:00:00+00:00,4073.199951171875,4073.800048828125,4063.39990234375,4068.300048828125,6558.0
2026-07-14 17:00:00+00:00,4068.800048828125,4072.199951171875,4061.10009765625,4070.10009765625,11163.0
2026-07-14 18:00:00+00:00,4069.5,4070.199951171875,4049.199951171875,4060.699951171875,5854.0
2026-07-14 19:00:00+00:00,4060.300048828125,4064.10009765625,4054.199951171875,4062.10009765625,3354.0
2026-07-14 20:00:00+00:00,4062.10009765625,4063.10009765625,4055.5,4058.300048828125,0.0
2026-07-14 22:00:00+00:00,4059.800048828125,4060.0,4054.300048828125,4055.10009765625,2081.0
2026-07-14 23:00:00+00:00,4054.800048828125,4062.39990234375,4052.699951171875,4058.800048828125,1286.0
2026-07-15 00:00:00+00:00,4059.0,4067.199951171875,4057.10009765625,4065.10009765625,1922.0
2026-07-15 01:00:00+00:00,4066.300048828125,4068.60009765625,4041.199951171875,4042.89990234375,3751.0
2026-07-15 02:00:00+00:00,4043.0,4048.39990234375,4035.300048828125,4041.699951171875,3542.0
2026-07-15 03:00:00+00:00,4041.300048828125,4046.60009765625,4033.89990234375,4037.89990234375,3006.0
2026-07-15 04:00:00+00:00,4036.89990234375,4041.300048828125,4034.199951171875,4039.10009765625,1599.0
2026-07-15 05:00:00+00:00,4039.5,4044.699951171875,4028.0,4041.0,4255.0
2026-07-15 06:00:00+00:00,4040.89990234375,4041.699951171875,4027.10009765625,4038.0,3848.0
2026-07-15 07:00:00+00:00,4038.199951171875,4040.60009765625,4025.60009765625,4030.699951171875,3942.0
2026-07-15 08:00:00+00:00,4030.699951171875,4039.5,4023.300048828125,4037.699951171875,3870.0
2026-07-15 09:00:00+00:00,4037.699951171875,4040.699951171875,4031.5,4036.300048828125,3992.0
2026-07-15 10:00:00+00:00,4036.39990234375,4042.39990234375,4032.10009765625,4034.300048828125,2535.0
2026-07-15 11:00:00+00:00,4033.89990234375,4046.5,4033.699951171875,4044.5,3415.0
2026-07-15 12:00:00+00:00,4044.89990234375,4078.199951171875,4041.800048828125,4074.60009765625,12247.0
2026-07-15 13:00:00+00:00,4074.699951171875,4080.699951171875,4060.5,4068.5,10827.0
2026-07-15 14:00:00+00:00,4068.699951171875,4073.0,4059.5,4067.199951171875,6386.0
2026-07-15 15:00:00+00:00,4067.39990234375,4069.60009765625,4045.89990234375,4053.199951171875,7269.0
2026-07-15 16:00:00+00:00,4053.39990234375,4054.39990234375,4033.0,4040.300048828125,8821.0
2026-07-15 17:00:00+00:00,4040.39990234375,4073.699951171875,4039.699951171875,4068.699951171875,10272.0
2026-07-15 18:00:00+00:00,4069.199951171875,4089.10009765625,4065.199951171875,4066.300048828125,6496.0
2026-07-15 19:00:00+00:00,4066.300048828125,4069.89990234375,4055.199951171875,4064.0,4689.0
2026-07-15 20:00:00+00:00,4063.699951171875,4069.800048828125,4062.300048828125,4066.89990234375,0.0
2026-07-15 22:00:00+00:00,4068.89990234375,4071.89990234375,4063.800048828125,4065.60009765625,1548.0
2026-07-15 23:00:00+00:00,4065.800048828125,4068.0,4061.10009765625,4063.60009765625,1642.0
2026-07-16 00:00:00+00:00,4063.800048828125,4067.10009765625,4049.199951171875,4050.39990234375,2896.0
2026-07-16 01:00:00+00:00,4050.300048828125,4056.60009765625,4039.39990234375,4044.199951171875,4454.0
2026-07-16 02:00:00+00:00,4044.5,4045.300048828125,4029.39990234375,4036.89990234375,3230.0
2026-07-16 03:00:00+00:00,4036.800048828125,4042.199951171875,4033.0,4040.699951171875,1391.0
2026-07-16 04:00:00+00:00,4041.800048828125,4043.10009765625,4037.0,4038.300048828125,1191.0
2026-07-16 05:00:00+00:00,4038.199951171875,4051.800048828125,4030.300048828125,4032.199951171875,2813.0
2026-07-16 06:00:00+00:00,4032.39990234375,4041.5,4027.699951171875,4035.800048828125,3821.0
2026-07-16 07:00:00+00:00,4035.60009765625,4037.10009765625,4027.800048828125,4036.10009765625,3166.0
2026-07-16 08:00:00+00:00,4035.5,4041.699951171875,4030.0,4040.300048828125,3128.0
2026-07-16 09:00:00+00:00,4040.60009765625,4043.199951171875,4035.699951171875,4037.39990234375,3045.0
2026-07-16 10:00:00+00:00,4037.199951171875,4040.10009765625,4034.39990234375,4035.10009765625,1517.0
2026-07-16 11:00:00+00:00,4035.199951171875,4048.39990234375,4026.199951171875,4044.10009765625,6103.0
2026-07-16 12:00:00+00:00,4044.39990234375,4048.699951171875,3994.199951171875,3996.39990234375,21186.0
2026-07-16 13:00:00+00:00,3996.300048828125,4012.60009765625,3977.10009765625,3994.0,19249.0
2026-07-16 14:00:00+00:00,3993.89990234375,4011.0,3991.199951171875,4002.0,8436.0
2026-07-16 15:00:00+00:00,4002.199951171875,4021.800048828125,3993.300048828125,4011.800048828125,9210.0
2026-07-16 16:00:00+00:00,4011.39990234375,4012.300048828125,3986.5,3996.39990234375,7528.0
2026-07-16 17:00:00+00:00,3996.699951171875,3997.300048828125,3983.89990234375,3989.5,7070.0
2026-07-16 18:00:00+00:00,3989.699951171875,3995.199951171875,3981.0,3984.699951171875,3842.0
2026-07-16 19:00:00+00:00,3984.89990234375,3990.800048828125,3973.39990234375,3984.60009765625,4197.0
2026-07-16 20:00:00+00:00,3984.800048828125,3984.800048828125,3976.199951171875,3979.89990234375,1317.0
2026-07-16 22:00:00+00:00,3980.10009765625,3984.10009765625,3976.800048828125,3982.10009765625,0.0
2026-07-16 23:00:00+00:00,3982.10009765625,3989.89990234375,3978.60009765625,3989.199951171875,1589.0
2026-07-17 00:00:00+00:00,3989.5,3995.89990234375,3983.800048828125,3995.89990234375,2152.0
2026-07-17 01:00:00+00:00,3996.0,4000.10009765625,3982.699951171875,3986.5,4196.0
2026-07-17 02:00:00+00:00,3987.0,3991.10009765625,3974.10009765625,3982.199951171875,2346.0
2026-07-17 03:00:00+00:00,3982.5,4012.199951171875,3982.199951171875,3995.699951171875,5126.0
2026-07-17 04:00:00+00:00,3995.0,3995.10009765625,3983.10009765625,3985.0,2771.0
2026-07-17 05:00:00+00:00,3984.800048828125,3995.300048828125,3978.39990234375,3988.60009765625,4328.0
2026-07-17 06:00:00+00:00,3988.60009765625,4010.699951171875,3988.5,4003.10009765625,4017.0
2026-07-17 07:00:00+00:00,4003.10009765625,4006.60009765625,3996.699951171875,3997.0,2210.0
2026-07-17 08:00:00+00:00,3996.60009765625,4003.800048828125,3991.300048828125,3998.39990234375,3252.0
2026-07-17 09:00:00+00:00,3997.89990234375,4006.5,3996.800048828125,4001.800048828125,2453.0
2026-07-17 10:00:00+00:00,4001.699951171875,4002.89990234375,3994.10009765625,3994.39990234375,2638.0
2026-07-17 11:00:00+00:00,3994.5,4002.699951171875,3993.60009765625,3997.89990234375,2783.0
2026-07-17 12:00:00+00:00,3998.199951171875,3999.60009765625,3967.699951171875,3969.5,9888.0
2026-07-17 13:00:00+00:00,3970.10009765625,4007.89990234375,3963.0,4001.39990234375,16455.0
2026-07-17 14:00:00+00:00,4000.699951171875,4008.89990234375,3994.199951171875,4005.5,9683.0
2026-07-17 15:00:00+00:00,4005.5,4026.10009765625,4002.0,4024.10009765625,12581.0
2026-07-17 16:00:00+00:00,4024.39990234375,4028.89990234375,4016.0,4019.60009765625,8845.0
2026-07-17 17:00:00+00:00,4020.0,4024.0,4012.89990234375,4014.800048828125,4749.0
2026-07-17 18:00:00+00:00,4014.89990234375,4021.300048828125,4011.60009765625,4016.10009765625,2795.0
2026-07-17 19:00:00+00:00,4016.39990234375,4020.89990234375,4006.800048828125,4019.89990234375,2902.0
2026-07-17 20:00:00+00:00,4019.89990234375,4023.0,4013.199951171875,4018.800048828125,0.0
2026-07-19 22:00:00+00:00,4001.0,4004.39990234375,3996.89990234375,3997.89990234375,1269.0
2026-07-19 23:00:00+00:00,3999.300048828125,4000.10009765625,3993.0,3999.199951171875,1368.0
2026-07-20 00:00:00+00:00,3999.60009765625,4014.5,3986.5,4013.699951171875,4828.0
2026-07-20 01:00:00+00:00,4013.5,4025.699951171875,4000.10009765625,4007.0,5248.0
2026-07-20 02:00:00+00:00,4007.300048828125,4034.199951171875,4006.0,4027.10009765625,3749.0
2026-07-20 03:00:00+00:00,4026.699951171875,4032.699951171875,4023.5,4027.800048828125,1888.0
2026-07-20 04:00:00+00:00,4028.699951171875,4031.300048828125,4022.60009765625,4022.800048828125,1292.0
2026-07-20 05:00:00+00:00,4023.300048828125,4025.10009765625,4009.5,4012.300048828125,2503.0
2026-07-20 06:00:00+00:00,4012.39990234375,4015.89990234375,4007.0,4008.199951171875,1903.0
2026-07-20 07:00:00+00:00,4008.0,4026.699951171875,4006.5,4022.0,4808.0
2026-07-20 08:00:00+00:00,4022.199951171875,4035.5,4021.800048828125,4023.300048828125,4353.0
2026-07-20 09:00:00+00:00,4023.0,4027.699951171875,4018.699951171875,4025.300048828125,2359.0
2026-07-20 10:00:00+00:00,4025.800048828125,4030.39990234375,4022.39990234375,4029.0,1602.0
2026-07-20 11:00:00+00:00,4029.0,4046.0,4024.39990234375,4030.5,6955.0
2026-07-20 12:00:00+00:00,4030.0,4030.199951171875,4010.10009765625,4012.0,10089.0
2026-07-20 13:00:00+00:00,4012.199951171875,4021.60009765625,4009.39990234375,4009.5,7574.0
2026-07-20 14:00:00+00:00,4009.39990234375,4018.60009765625,4001.60009765625,4010.5,10882.0
2026-07-20 15:00:00+00:00,4010.39990234375,4023.89990234375,4008.699951171875,4016.199951171875,7977.0
2026-07-20 16:00:00+00:00,4016.300048828125,4022.800048828125,4005.199951171875,4013.89990234375,4923.0
2026-07-20 17:00:00+00:00,4013.89990234375,4017.0,4007.800048828125,4009.199951171875,5847.0
2026-07-20 18:00:00+00:00,4009.39990234375,4016.39990234375,4007.699951171875,4012.10009765625,2770.0
2026-07-20 19:00:00+00:00,4011.5,4022.199951171875,4008.5,4010.699951171875,3347.0
2026-07-20 20:00:00+00:00,4011.10009765625,4013.5,4008.39990234375,4011.800048828125,1357.0
2026-07-20 22:00:00+00:00,4013.39990234375,4014.699951171875,4003.300048828125,4004.0,0.0
2026-07-20 23:00:00+00:00,4004.199951171875,4015.10009765625,4003.300048828125,4014.39990234375,2035.0
2026-07-21 00:00:00+00:00,4014.5,4032.0,4008.300048828125,4029.60009765625,2648.0
2026-07-21 01:00:00+00:00,4029.800048828125,4041.0,4022.5,4027.60009765625,5914.0
2026-07-21 02:00:00+00:00,4027.5,4049.800048828125,4025.89990234375,4042.699951171875,4151.0
2026-07-21 03:00:00+00:00,4042.300048828125,4057.199951171875,4041.300048828125,4050.89990234375,3178.0
2026-07-21 04:00:00+00:00,4051.699951171875,4056.60009765625,4048.39990234375,4054.300048828125,1832.0
2026-07-21 05:00:00+00:00,4054.10009765625,4072.800048828125,4051.10009765625,4066.0,6352.0
2026-07-21 06:00:00+00:00,4066.0,4088.39990234375,4066.0,4083.0,7847.0
2026-07-21 07:00:00+00:00,4083.300048828125,4084.800048828125,4072.10009765625,4075.699951171875,5424.0
2026-07-21 08:00:00+00:00,4075.60009765625,4076.89990234375,4063.60009765625,4067.39990234375,5062.0
2026-07-21 09:00:00+00:00,4067.699951171875,4074.39990234375,4065.39990234375,4070.199951171875,5677.0
2026-07-21 10:00:00+00:00,4070.5,4074.800048828125,4065.10009765625,4067.300048828125,4271.0
2026-07-21 11:00:00+00:00,4067.699951171875,4068.300048828125,4058.89990234375,4060.60009765625,3407.0
2026-07-21 12:00:00+00:00,4060.5,4070.39990234375,4055.0,4058.0,7241.0
2026-07-21 13:00:00+00:00,4058.300048828125,4066.10009765625,4048.39990234375,4057.199951171875,9286.0
2026-07-21 14:00:00+00:00,4057.5,4079.10009765625,4055.39990234375,4072.89990234375,12700.0
2026-07-21 15:00:00+00:00,4072.5,4088.0,4069.800048828125,4078.60009765625,9430.0
2026-07-21 16:00:00+00:00,4078.5,4083.5,4074.10009765625,4075.89990234375,4376.0
2026-07-21 17:00:00+00:00,4076.0,4077.199951171875,4071.0,4073.0,3588.0
2026-07-21 18:00:00+00:00,4072.89990234375,4092.5,4071.89990234375,4087.0,5148.0
2026-07-21 19:00:00+00:00,4087.0,4090.300048828125,4084.699951171875,4088.60009765625,2629.0
2026-07-21 20:00:00+00:00,4088.60009765625,4090.89990234375,4080.89990234375,4082.199951171875,1997.0
2026-07-21 22:00:00+00:00,4084.699951171875,4089.0,4081.0,4084.60009765625,0.0
2026-07-21 23:00:00+00:00,4084.39990234375,4087.39990234375,4083.300048828125,4085.199951171875,756.0
2026-07-22 00:00:00+00:00,4085.5,4107.5,4081.10009765625,4101.60009765625,5445.0
2026-07-22 01:00:00+00:00,4102.2998046875,4128.39990234375,4100.7998046875,4126.0,7430.0
2026-07-22 02:00:00+00:00,4126.39990234375,4135.2998046875,4123.10009765625,4134.7001953125,3791.0
2026-07-22 03:00:00+00:00,4134.7998046875,4146.0,4133.60009765625,4135.5,5420.0
2026-07-22 04:00:00+00:00,4135.10009765625,4135.60009765625,4129.39990234375,4131.7998046875,2353.0
2026-07-22 05:00:00+00:00,4131.60009765625,4138.60009765625,4127.5,4135.5,3331.0
2026-07-22 06:00:00+00:00,4135.39990234375,4140.0,4117.7998046875,4121.0,6601.0
2026-07-22 07:00:00+00:00,4120.7998046875,4127.39990234375,4113.2998046875,4114.60009765625,4809.0
2026-07-22 08:00:00+00:00,4115.0,4124.39990234375,4114.7998046875,4122.2998046875,2748.0
2026-07-22 09:00:00+00:00,4122.60009765625,4126.60009765625,4117.5,4118.7998046875,3715.0
2026-07-22 10:00:00+00:00,4119.2001953125,4126.10009765625,4119.2001953125,4121.2001953125,2333.0
2026-07-22 11:00:00+00:00,4121.7998046875,4127.89990234375,4117.2001953125,4127.39990234375,5843.0
2026-07-22 12:00:00+00:00,4127.5,4139.5,4110.39990234375,4117.0,11273.0
2026-07-22 13:00:00+00:00,4117.10009765625,4161.5,4117.0,4160.0,15833.0
2026-07-22 14:00:00+00:00,4159.7998046875,4168.7998046875,4148.60009765625,4153.39990234375,13066.0
2026-07-22 15:00:00+00:00,4153.5,4171.39990234375,4153.39990234375,4164.10009765625,8699.0
2026-07-22 16:00:00+00:00,4164.39990234375,4164.5,4150.10009765625,4152.7998046875,7710.0
2026-07-22 17:00:00+00:00,4152.7998046875,4153.60009765625,4143.7998046875,4148.10009765625,6276.0
2026-07-22 18:00:00+00:00,4147.89990234375,4148.39990234375,4137.5,4141.7998046875,3829.0
2026-07-22 19:00:00+00:00,4141.39990234375,4142.5,4133.89990234375,4136.39990234375,3383.0
2026-07-22 20:00:00+00:00,4136.39990234375,4142.7998046875,4133.2001953125,4135.0,2164.0
2026-07-22 22:00:00+00:00,4126.0,4133.0,4074.60009765625,4124.7001953125,0.0
2026-07-22 23:00:00+00:00,4125.10009765625,4137.10009765625,4118.89990234375,4135.7998046875,4017.0
2026-07-23 00:00:00+00:00,4136.7998046875,4138.0,4128.39990234375,4135.2998046875,2049.0
2026-07-23 01:00:00+00:00,4135.2001953125,4144.0,4116.7001953125,4120.5,6104.0
2026-07-23 02:00:00+00:00,4120.10009765625,4131.2998046875,4114.7001953125,4130.7998046875,3207.0
2026-07-23 03:00:00+00:00,4130.89990234375,4135.60009765625,4126.60009765625,4127.60009765625,2029.0
2026-07-23 04:00:00+00:00,4127.7001953125,4132.89990234375,4122.5,4123.7998046875,1222.0
2026-07-23 05:00:00+00:00,4124.0,4133.39990234375,4121.60009765625,4126.89990234375,2660.0
2026-07-23 06:00:00+00:00,4127.10009765625,4131.0,4119.5,4121.60009765625,2149.0
2026-07-23 07:00:00+00:00,4121.2998046875,4122.2001953125,4093.0,4098.2998046875,7476.0
2026-07-23 08:00:00+00:00,4098.5,4100.7001953125,4089.699951171875,4096.0,4255.0
2026-07-23 09:00:00+00:00,4095.89990234375,4102.39990234375,4091.300048828125,4093.199951171875,4607.0
2026-07-23 10:00:00+00:00,4093.199951171875,4098.60009765625,4088.699951171875,4096.7001953125,3348.0
2026-07-23 11:00:00+00:00,4096.60009765625,4097.39990234375,4075.699951171875,4088.89990234375,6802.0
2026-07-23 12:00:00+00:00,4088.39990234375,4089.0,4063.60009765625,4064.60009765625,11361.0
2026-07-23 13:00:00+00:00,4064.199951171875,4070.10009765625,4042.60009765625,4045.800048828125,24070.0
2026-07-23 14:00:00+00:00,4046.10009765625,4064.699951171875,4042.5,4061.10009765625,16442.0
2026-07-23 15:00:00+00:00,4061.5,4062.60009765625,4045.0,4051.199951171875,14488.0
2026-07-23 16:00:00+00:00,4051.5,4054.60009765625,4048.60009765625,4054.300048828125,11410.0
2026-07-23 17:00:00+00:00,4054.5,4057.5,4043.89990234375,4043.89990234375,11794.0
2026-07-23 18:00:00+00:00,4044.39990234375,4050.800048828125,4042.5,4048.800048828125,4132.0
2026-07-23 19:00:00+00:00,4049.199951171875,4053.300048828125,4045.300048828125,4052.10009765625,2934.0
2026-07-23 20:00:00+00:00,4051.89990234375,4053.60009765625,4049.800048828125,4052.300048828125,1776.0
2026-07-23 22:00:00+00:00,4053.39990234375,4053.5,4050.199951171875,4052.0,0.0
2026-07-23 23:00:00+00:00,4052.199951171875,4053.800048828125,4048.800048828125,4049.39990234375,1432.0
2026-07-24 00:00:00+00:00,4049.800048828125,4054.10009765625,4043.199951171875,4052.39990234375,2501.0
2026-07-24 01:00:00+00:00,4052.89990234375,4053.300048828125,4041.89990234375,4046.0,3730.0
2026-07-24 02:00:00+00:00,4045.89990234375,4051.0,4025.300048828125,4026.699951171875,5607.0
2026-07-24 03:00:00+00:00,4027.10009765625,4036.10009765625,4025.39990234375,4031.10009765625,1806.0
2026-07-24 04:00:00+00:00,4031.300048828125,4032.89990234375,4027.800048828125,4029.800048828125,1626.0
2026-07-24 05:00:00+00:00,4029.800048828125,4034.60009765625,4024.0,4025.0,3852.0
2026-07-24 06:00:00+00:00,4025.199951171875,4041.39990234375,4025.0,4038.39990234375,3245.0
2026-07-24 07:00:00+00:00,4038.199951171875,4056.300048828125,4037.5,4051.10009765625,4751.0
2026-07-24 08:00:00+00:00,4051.199951171875,4061.5,4047.5,4060.0,2970.0
2026-07-24 09:00:00+00:00,4060.39990234375,4064.0,4054.199951171875,4062.60009765625,4520.0
2026-07-24 10:00:00+00:00,4062.60009765625,4067.0,4059.39990234375,4062.199951171875,2860.0
2026-07-24 11:00:00+00:00,4062.5,4065.89990234375,4053.5,4060.199951171875,4489.0
2026-07-24 12:00:00+00:00,4060.60009765625,4062.89990234375,4054.199951171875,4058.5,4587.0
2026-07-24 13:00:00+00:00,4058.800048828125,4071.5,4046.89990234375,4070.0,10441.0
2026-07-24 14:00:00+00:00,4069.89990234375,4073.0,4060.300048828125,4066.199951171875,11555.0
2026-07-24 15:00:00+00:00,4066.10009765625,4085.199951171875,4064.699951171875,4079.89990234375,17520.0
2026-07-24 16:00:00+00:00,4080.300048828125,4080.89990234375,4066.5,4069.5,5254.0
2026-07-24 17:00:00+00:00,4069.699951171875,4072.800048828125,4065.300048828125,4065.800048828125,8590.0
2026-07-24 18:00:00+00:00,4066.0,4067.300048828125,4053.5,4056.699951171875,5205.0
2026-07-24 19:00:00+00:00,4056.89990234375,4060.199951171875,4051.300048828125,4056.10009765625,2952.0
2026-07-24 20:00:00+00:00,4055.89990234375,4070.800048828125,4053.89990234375,4070.800048828125,1967.0
2026-07-26 22:00:00+00:00,4091.5,4096.5,4086.89990234375,4092.199951171875,2348.0
2026-07-26 23:00:00+00:00,4092.89990234375,4099.0,4085.800048828125,4096.89990234375,1551.0
2026-07-27 00:00:00+00:00,4097.2001953125,4119.2998046875,4093.199951171875,4102.60009765625,6870.0
2026-07-27 01:00:00+00:00,4103.10009765625,4114.7998046875,4098.89990234375,4112.0,3858.0
2026-07-27 02:00:00+00:00,4112.2001953125,4112.89990234375,4095.60009765625,4095.699951171875,2096.0
2026-07-27 03:00:00+00:00,4095.5,4097.7998046875,4087.0,4092.5,2278.0
2026-07-27 04:00:00+00:00,4093.0,4095.0,4088.89990234375,4091.699951171875,1062.0
2026-07-27 05:00:00+00:00,4092.5,4097.0,4086.5,4095.300048828125,1801.0
2026-07-27 06:00:00+00:00,4094.89990234375,4101.39990234375,4093.300048828125,4098.39990234375,2778.0
2026-07-27 07:00:00+00:00,4098.2001953125,4108.2998046875,4090.5,4090.699951171875,4417.0
2026-07-27 08:00:00+00:00,4090.89990234375,4098.7001953125,4088.800048828125,4097.7001953125,3722.0
2026-07-27 09:00:00+00:00,4096.7998046875,4102.7001953125,4091.800048828125,4098.89990234375,5636.0
2026-07-27 10:00:00+00:00,4098.7998046875,4104.60009765625,4088.39990234375,4102.10009765625,5028.0
2026-07-27 11:00:00+00:00,4102.2001953125,4107.0,4095.60009765625,4095.89990234375,3912.0
2026-07-27 12:00:00+00:00,4096.10009765625,4099.7998046875,4082.39990234375,4085.199951171875,11113.0
2026-07-27 13:00:00+00:00,4085.800048828125,4091.800048828125,4071.60009765625,4075.800048828125,17551.0
2026-07-27 14:00:00+00:00,4075.89990234375,4081.0,4067.10009765625,4078.39990234375,16386.0
2026-07-27 15:00:00+00:00,4078.300048828125,4082.199951171875,4073.89990234375,4080.60009765625,11094.0
2026-07-27 16:00:00+00:00,4080.800048828125,4095.699951171875,4079.89990234375,4084.10009765625,7313.0
2026-07-27 17:00:00+00:00,4084.0,4084.10009765625,4072.199951171875,4078.199951171875,9486.0
2026-07-27 18:00:00+00:00,4078.199951171875,4081.199951171875,4074.5,4079.800048828125,3888.0
2026-07-27 19:00:00+00:00,4079.89990234375,4091.800048828125,4078.0,4085.5,4125.0
2026-07-27 20:00:00+00:00,4085.39990234375,4086.39990234375,4077.60009765625,4078.60009765625,2098.0
2026-07-27 22:00:00+00:00,4083.0,4085.699951171875,4072.300048828125,4075.10009765625,0.0
2026-07-27 23:00:00+00:00,4075.39990234375,4076.10009765625,4071.0,4074.39990234375,635.0
2026-07-28 00:00:00+00:00,4074.39990234375,4075.5,4058.10009765625,4058.5,3784.0
2026-07-28 01:00:00+00:00,4058.300048828125,4061.199951171875,4042.89990234375,4045.699951171875,5035.0
2026-07-28 02:00:00+00:00,4045.89990234375,4049.699951171875,4041.10009765625,4042.300048828125,2594.0
2026-07-28 03:00:00+00:00,4042.300048828125,4051.5,4040.699951171875,4049.60009765625,1940.0
2026-07-28 04:00:00+00:00,4049.0,4049.699951171875,4041.199951171875,4042.10009765625,1689.0
2026-07-28 05:00:00+00:00,4041.89990234375,4046.89990234375,4034.60009765625,4045.199951171875,2831.0
2026-07-28 06:00:00+00:00,4045.5,4052.800048828125,4042.89990234375,4048.699951171875,4038.0
2026-07-28 07:00:00+00:00,4048.300048828125,4052.89990234375,4045.800048828125,4047.300048828125,11717.0
2026-07-28 08:00:00+00:00,4047.300048828125,4055.60009765625,4041.89990234375,4045.699951171875,3989.0
2026-07-28 09:00:00+00:00,4045.5,4046.10009765625,4018.10009765625,4023.300048828125,9614.0
2026-07-28 10:00:00+00:00,4023.10009765625,4028.199951171875,4016.5,4025.60009765625,11419.0
2026-07-28 11:00:00+00:00,4026.0,4031.89990234375,4022.5,4027.800048828125,5181.0
2026-07-28 12:00:00+00:00,4027.300048828125,4037.89990234375,4022.199951171875,4029.39990234375,11773.0
2026-07-28 13:00:00+00:00,4029.39990234375,4036.10009765625,4019.300048828125,4021.39990234375,15865.0
2026-07-28 14:00:00+00:00,4021.89990234375,4034.10009765625,4011.10009765625,4023.800048828125,16274.0
2026-07-28 15:00:00+00:00,4024.60009765625,4047.39990234375,4021.89990234375,4046.5,15517.0
2026-07-28 16:00:00+00:00,4046.699951171875,4046.800048828125,4036.60009765625,4037.60009765625,12383.0
2026-07-28 17:00:00+00:00,4037.89990234375,4041.89990234375,4025.300048828125,4028.0,18058.0
2026-07-28 18:00:00+00:00,4028.10009765625,4030.5,4021.39990234375,4023.10009765625,3034.0
2026-07-28 19:00:00+00:00,4022.800048828125,4038.699951171875,4021.5,4025.89990234375,4674.0
2026-07-28 20:00:00+00:00,4025.800048828125,4030.60009765625,4022.199951171875,4028.800048828125,2092.0
2026-07-28 22:00:00+00:00,4020.89990234375,4034.0,4013.199951171875,4017.89990234375,0.0
2026-07-28 23:00:00+00:00,4017.39990234375,4026.0,4015.0,4024.300048828125,775.0
2026-07-29 00:00:00+00:00,4025.0,4030.699951171875,4017.10009765625,4021.300048828125,885.0
2026-07-29 01:00:00+00:00,4021.0,4030.0,4009.300048828125,4025.0,1265.0
2026-07-29 02:00:00+00:00,4025.0,4036.800048828125,4022.300048828125,4028.300048828125,791.0
2026-07-29 03:00:00+00:00,4028.199951171875,4031.39990234375,4021.5,4021.5,539.0
2026-07-29 04:00:00+00:00,4022.0,4026.0,4019.300048828125,4025.39990234375,690.0
2026-07-29 05:00:00+00:00,4025.89990234375,4038.199951171875,4025.300048828125,4031.300048828125,1233.0
2026-07-29 06:00:00+00:00,4032.199951171875,4043.199951171875,4032.199951171875,4039.800048828125,2507.0
2026-07-29 07:00:00+00:00,4039.89990234375,4106.7001953125,4039.89990234375,4102.60009765625,12607.0
2026-07-29 08:00:00+00:00,4103.0,4103.5,4094.60009765625,4096.5,4231.0
2026-07-29 09:00:00+00:00,4096.7998046875,4097.60009765625,4090.39990234375,4091.89990234375,3612.0
2026-07-29 10:00:00+00:00,4091.5,4093.699951171875,4085.10009765625,4086.10009765625,4328.0
2026-07-29 11:00:00+00:00,4086.800048828125,4095.39990234375,4084.0,4091.5,5100.0
2026-07-29 12:00:00+00:00,4091.699951171875,4092.5,4067.39990234375,4080.89990234375,12532.0
2026-07-29 13:00:00+00:00,4081.300048828125,4084.800048828125,4060.300048828125,4064.800048828125,17240.0
2026-07-29 14:00:00+00:00,4065.10009765625,4068.39990234375,4053.89990234375,4063.199951171875,19676.0
2026-07-29 15:00:00+00:00,4063.60009765625,4072.199951171875,4061.699951171875,4068.5,7918.0
2026-07-29 16:00:00+00:00,4068.5,4091.699951171875,4066.300048828125,4086.10009765625,9170.0
2026-07-29 17:00:00+00:00,4086.199951171875,4109.2998046875,4086.10009765625,4102.89990234375,17758.0
2026-07-29 18:00:00+00:00,4103.10009765625,4170.2998046875,4101.2998046875,4166.7998046875,30378.0
2026-07-29 19:00:00+00:00,4167.10009765625,4176.7998046875,4103.7998046875,4104.7001953125,18040.0
2026-07-29 20:00:00+00:00,4104.2001953125,4128.89990234375,4101.7001953125,4126.0,5898.0
2026-07-29 22:00:00+00:00,4126.7001953125,4148.2001953125,4121.10009765625,4146.2998046875,0.0
2026-07-29 23:00:00+00:00,4146.5,4158.0,4142.0,4142.0,2402.0
2026-07-30 00:00:00+00:00,4142.5,4144.2998046875,4122.2998046875,4129.7001953125,3847.0
2026-07-30 01:00:00+00:00,4130.0,4151.5,4127.7998046875,4142.39990234375,5691.0
2026-07-30 02:00:00+00:00,4142.10009765625,4148.0,4120.7001953125,4121.39990234375,2713.0
2026-07-30 03:00:00+00:00,4121.10009765625,4127.5,4107.60009765625,4114.10009765625,3621.0
2026-07-30 04:00:00+00:00,4115.89990234375,4117.10009765625,4100.2998046875,4102.5,2766.0
2026-07-30 05:00:00+00:00,4102.2001953125,4108.0,4085.0,4090.39990234375,4857.0
2026-07-30 06:00:00+00:00,4090.800048828125,4098.10009765625,4086.300048828125,4093.800048828125,4322.0
2026-07-30 07:00:00+00:00,4093.800048828125,4108.5,4092.699951171875,4096.10009765625,6831.0
2026-07-30 08:00:00+00:00,4096.10009765625,4130.89990234375,4093.89990234375,4119.2001953125,7080.0
2026-07-30 09:00:00+00:00,4119.39990234375,4131.5,4118.2998046875,4121.5,6006.0
2026-07-30 10:00:00+00:00,4121.7998046875,4142.2001953125,4121.2001953125,4136.39990234375,6229.0
2026-07-30 11:00:00+00:00,4136.5,4141.5,4133.60009765625,4136.0,3105.0
2026-07-30 12:00:00+00:00,4136.0,4145.39990234375,4125.39990234375,4127.39990234375,7534.0
2026-07-30 13:00:00+00:00,4127.2998046875,4172.5,4123.2001953125,4172.0,17844.0
2026-07-30 14:00:00+00:00,4172.10009765625,4180.2001953125,4145.60009765625,4159.10009765625,22927.0
2026-07-30 15:00:00+00:00,4159.39990234375,4169.2001953125,4141.89990234375,4167.0,9370.0
2026-07-30 16:00:00+00:00,4166.7998046875,4178.2998046875,4165.60009765625,4169.7998046875,6132.0
2026-07-30 17:00:00+00:00,4169.7998046875,4170.2001953125,4157.10009765625,4161.5,6751.0
2026-07-30 18:00:00+00:00,4161.5,4166.7998046875,4157.7001953125,4158.7998046875,3126.0
2026-07-30 19:00:00+00:00,4158.7001953125,4174.5,4158.0,4171.2001953125,3776.0
2026-07-30 20:00:00+00:00,4171.2998046875,4176.7001953125,4158.0,4162.7998046875,3250.0
2026-07-30 22:00:00+00:00,4163.89990234375,4169.7998046875,4158.0,4167.39990234375,0.0
2026-07-30 23:00:00+00:00,4168.10009765625,4170.7001953125,4160.7998046875,4164.39990234375,1400.0
2026-07-31 00:00:00+00:00,4164.7998046875,4165.39990234375,4149.0,4153.5,1826.0
2026-07-31 01:00:00+00:00,4153.5,4160.0,4140.0,4142.5,3901.0
2026-07-31 02:00:00+00:00,4142.7001953125,4148.7998046875,4132.5,4134.10009765625,2871.0
2026-07-31 03:00:00+00:00,4134.0,4137.39990234375,4129.7001953125,4133.10009765625,1810.0
2026-07-31 04:00:00+00:00,4132.60009765625,4139.5,4131.0,4137.60009765625,2229.0
2026-07-31 05:00:00+00:00,4138.0,4141.2998046875,4131.0,4132.10009765625,2007.0
2026-07-31 06:00:00+00:00,4132.39990234375,4145.2998046875,4130.5,4135.39990234375,2573.0
2026-07-31 07:00:00+00:00,4135.0,4136.7998046875,4124.7001953125,4125.10009765625,3901.0
2026-07-31 08:00:00+00:00,4125.39990234375,4125.39990234375,4110.7998046875,4117.60009765625,5613.0
2026-07-31 09:00:00+00:00,4117.2998046875,4120.7998046875,4106.5,4111.2998046875,4200.0
2026-07-31 10:00:00+00:00,4111.2001953125,4114.7001953125,4108.39990234375,4110.7998046875,2011.0
2026-07-31 11:00:00+00:00,4110.7001953125,4117.39990234375,4106.7001953125,4110.0,3085.0
2026-07-31 12:00:00+00:00,4110.2998046875,4115.7001953125,4096.39990234375,4096.7998046875,9280.0
2026-07-31 13:00:00+00:00,4096.60009765625,4103.39990234375,4077.60009765625,4081.5,17191.0
2026-07-31 14:00:00+00:00,4080.800048828125,4106.89990234375,4076.39990234375,4105.60009765625,11230.0
2026-07-31 15:00:00+00:00,4105.7998046875,4109.10009765625,4093.0,4101.7998046875,9573.0
2026-07-31 16:00:00+00:00,4101.7998046875,4106.0,4097.2001953125,4099.2998046875,3902.0
2026-07-31 17:00:00+00:00,4099.2001953125,4111.0,4097.2998046875,4109.7998046875,7447.0
2026-07-31 18:00:00+00:00,4110.0,4111.2998046875,4102.89990234375,4106.60009765625,2892.0
2026-07-31 19:00:00+00:00,4106.7998046875,4111.89990234375,4102.60009765625,4107.7001953125,3415.0
2026-07-31 20:00:00+00:00,4107.60009765625,4109.2001953125,4097.39990234375,4107.0,2513.0
2026-08-02 22:00:00+00:00,4131.10009765625,4135.7998046875,4119.5,4119.89990234375,2532.0
2026-08-02 23:00:00+00:00,4120.0,4130.5,4119.0,4130.39990234375,1637.0
2026-08-03 00:00:00+00:00,4130.5,4134.7001953125,4111.10009765625,4112.7998046875,3318.0
2026-08-03 01:00:00+00:00,4112.89990234375,4119.0,4102.7001953125,4112.7001953125,4002.0
2026-08-03 02:00:00+00:00,4112.7001953125,4122.2998046875,4107.7998046875,4117.7998046875,2734.0
2026-08-03 03:00:00+00:00,4117.60009765625,4123.2001953125,4114.2001953125,4120.0,1836.0
2026-08-03 04:00:00+00:00,4120.39990234375,4127.2001953125,4119.2001953125,4119.2001953125,1703.0
2026-08-03 05:00:00+00:00,4119.0,4125.2001953125,4109.10009765625,4124.2001953125,2830.0
2026-08-03 06:00:00+00:00,4124.2998046875,4127.2998046875,4115.7001953125,4118.89990234375,3442.0
2026-08-03 07:00:00+00:00,4119.0,4120.5,4107.2998046875,4117.10009765625,3407.0
2026-08-03 08:00:00+00:00,4117.0,4118.0,4110.0,4115.0,2092.0
2026-08-03 09:00:00+00:00,4115.2998046875,4117.7001953125,4102.2998046875,4111.60009765625,4606.0
2026-08-03 10:00:00+00:00,4111.60009765625,4113.60009765625,4101.89990234375,4105.39990234375,1993.0
2026-08-03 11:00:00+00:00,4105.7001953125,4119.39990234375,4101.7001953125,4118.89990234375,2979.0
2026-08-03 12:00:00+00:00,4119.0,4121.10009765625,4098.10009765625,4103.39990234375,5199.0
2026-08-03 13:00:00+00:00,4103.60009765625,4109.7998046875,4074.0,4087.199951171875,14506.0
2026-08-03 14:00:00+00:00,4086.60009765625,4094.89990234375,4081.60009765625,4091.60009765625,8433.0
2026-08-03 15:00:00+00:00,4091.699951171875,4096.39990234375,4085.5,4091.60009765625,5654.0
2026-08-03 16:00:00+00:00,4091.60009765625,4094.800048828125,4089.89990234375,4092.39990234375,2749.0
2026-08-03 17:00:00+00:00,4092.699951171875,4093.5,4085.89990234375,4086.39990234375,3764.0
2026-08-03 18:00:00+00:00,4086.39990234375,4101.0,4085.39990234375,4099.60009765625,3565.0
2026-08-03 19:00:00+00:00,4099.5,4112.0,4099.5,4108.2001953125,4353.0
2026-08-03 20:00:00+00:00,4108.2998046875,4115.0,4106.2001953125,4110.89990234375,1747.0
2026-08-03 22:00:00+00:00,4109.60009765625,4110.2998046875,4104.60009765625,4108.60009765625,0.0
2026-08-03 23:00:00+00:00,4108.60009765625,4110.7998046875,4105.5,4109.2998046875,1872.0
2026-08-04 00:00:00+00:00,4109.2001953125,4125.10009765625,4104.10009765625,4104.89990234375,3473.0
2026-08-04 01:00:00+00:00,4104.7998046875,4117.60009765625,4098.2001953125,4114.7998046875,3590.0
2026-08-04 02:00:00+00:00,4114.7998046875,4120.60009765625,4111.10009765625,4114.60009765625,2018.0
2026-08-04 03:00:00+00:00,4114.2998046875,4117.5,4107.60009765625,4108.2001953125,1751.0
2026-08-04 04:00:00+00:00,4107.39990234375,4121.89990234375,4106.39990234375,4119.2998046875,2972.0
2026-08-04 05:00:00+00:00,4119.2001953125,4123.7001953125,4112.7001953125,4117.2998046875,3127.0
2026-08-04 06:00:00+00:00,4117.89990234375,4122.10009765625,4111.39990234375,4119.2998046875,2476.0
2026-08-04 07:00:00+00:00,4119.5,4122.89990234375,4116.60009765625,4121.7998046875,2926.0
2026-08-04 08:00:00+00:00,4121.89990234375,4129.60009765625,4110.10009765625,4110.7998046875,4193.0
2026-08-04 09:00:00+00:00,4110.5,4111.2001953125,4102.0,4105.10009765625,3305.0
2026-08-04 10:00:00+00:00,4105.7001953125,4116.39990234375,4101.39990234375,4109.7998046875,3180.0
2026-08-04 11:00:00+00:00,4109.39990234375,4141.7998046875,4108.10009765625,4132.10009765625,9082.0
2026-08-04 12:00:00+00:00,4132.2998046875,4141.5,4117.60009765625,4127.7998046875,9798.0
2026-08-04 13:00:00+00:00,4128.10009765625,4151.5,4117.2001953125,4140.7001953125,18051.0
2026-08-04 14:00:00+00:00,4140.7001953125,4149.2998046875,4131.2998046875,4140.39990234375,10504.0
2026-08-04 15:00:00+00:00,4140.5,4145.7998046875,4131.0,4144.2001953125,6438.0
2026-08-04 16:00:00+00:00,4144.39990234375,4150.7001953125,4139.7001953125,4150.39990234375,5649.0
2026-08-04 17:00:00+00:00,4150.2001953125,4163.7998046875,4143.0,4143.10009765625,9397.0
2026-08-04 18:00:00+00:00,4142.7998046875,4146.0,4132.10009765625,4136.7998046875,4176.0
2026-08-04 19:00:00+00:00,4136.60009765625,4141.89990234375,4133.2998046875,4135.2998046875,3098.0
2026-08-04 20:00:00+00:00,4135.60009765625,4137.2998046875,4131.39990234375,4134.2001953125,1049.0
2026-08-04 22:00:00+00:00,4133.7998046875,4142.10009765625,4132.10009765625,4132.5,0.0
2026-08-04 23:00:00+00:00,4132.7998046875,4134.0,4121.60009765625,4128.7001953125,3198.0
2026-08-05 00:00:00+00:00,4128.60009765625,4139.2998046875,4126.2998046875,4138.2001953125,1594.0
2026-08-05 01:00:00+00:00,4138.5,4158.5,4133.39990234375,4157.2001953125,3341.0
2026-08-05 02:00:00+00:00,4157.2001953125,4192.60009765625,4151.7998046875,4186.2001953125,10596.0
2026-08-05 03:00:00+00:00,4186.5,4193.7998046875,4184.2998046875,4186.60009765625,3697.0
2026-08-05 04:00:00+00:00,4186.10009765625,4199.5,4186.0,4193.39990234375,5170.0
2026-08-05 05:00:00+00:00,4193.2998046875,4233.0,4192.7001953125,4222.2001953125,14827.0
2026-08-05 06:00:00+00:00,4222.39990234375,4237.7998046875,4220.2001953125,4237.10009765625,9835.0
2026-08-05 07:00:00+00:00,4236.7001953125,4238.5,4220.89990234375,4229.89990234375,6408.0
2026-08-05 08:00:00+00:00,4229.89990234375,4231.5,4218.39990234375,4219.7001953125,5964.0
2026-08-05 09:00:00+00:00,4220.0,4226.89990234375,4211.7998046875,4216.89990234375,6259.0
2026-08-05 10:00:00+00:00,4216.7998046875,4220.7001953125,4209.10009765625,4220.39990234375,4304.0
2026-08-05 11:00:00+00:00,4220.60009765625,4252.2001953125,4219.7998046875,4248.5,13789.0
2026-08-05 12:00:00+00:00,4248.5,4273.60009765625,4243.10009765625,4244.10009765625,18030.0
2026-08-05 13:00:00+00:00,4243.89990234375,4266.7001953125,4243.7998046875,4265.7998046875,16944.0
2026-08-05 14:00:00+00:00,4265.10009765625,4307.7998046875,4263.10009765625,4304.2998046875,24086.0
2026-08-05 15:00:00+00:00,4303.89990234375,4325.5,4292.7001953125,4293.0,18805.0
2026-08-05 16:00:00+00:00,4293.60009765625,4308.10009765625,4285.0,4302.7998046875,10846.0
2026-08-05 17:00:00+00:00,4302.89990234375,4313.0,4296.2001953125,4311.0,9593.0
2026-08-05 18:00:00+00:00,4310.7001953125,4328.2001953125,4309.60009765625,4321.2001953125,6671.0
2026-08-05 19:00:00+00:00,4321.0,4322.7001953125,4307.0,4307.60009765625,4665.0
2026-08-05 20:00:00+00:00,4307.89990234375,4310.39990234375,4303.5,4308.0,1758.0
2026-08-05 22:00:00+00:00,4307.0,4315.2001953125,4304.89990234375,4309.5,0.0
2026-08-05 23:00:00+00:00,4309.39990234375,4341.10009765625,4308.2998046875,4337.2998046875,5180.0
2026-08-06 00:00:00+00:00,4337.2001953125,4360.0,4323.5,4354.7001953125,9424.0
2026-08-06 01:00:00+00:00,4354.60009765625,4362.7001953125,4332.5,4346.89990234375,12884.0
2026-08-06 02:00:00+00:00,4346.7001953125,4363.7001953125,4334.0,4337.7998046875,6276.0
2026-08-06 03:00:00+00:00,4337.2001953125,4340.0,4319.60009765625,4324.89990234375,4392.0
2026-08-06 04:00:00+00:00,4324.5,4326.10009765625,4312.2001953125,4321.39990234375,3017.0
2026-08-06 05:00:00+00:00,4321.2998046875,4327.5,4306.2001953125,4326.0,4349.0
2026-08-06 06:00:00+00:00,4325.7998046875,4327.5,4308.2001953125,4314.7001953125,4606.0
2026-08-06 07:00:00+00:00,4314.7001953125,4324.0,4311.7001953125,4321.7001953125,4114.0
2026-08-06 08:00:00+00:00,4322.0,4337.7001953125,4319.39990234375,4337.10009765625,4835.0
2026-08-06 09:00:00+00:00,4337.2001953125,4344.2001953125,4330.39990234375,4332.60009765625,4937.0
2026-08-06 10:00:00+00:00,4332.60009765625,4333.10009765625,4322.7998046875,4330.0,3026.0
2026-08-06 11:00:00+00:00,4330.0,4332.5,4312.7001953125,4322.60009765625,6046.0
2026-08-06 12:00:00+00:00,4322.2001953125,4330.10009765625,4307.0,4308.60009765625,10550.0
2026-08-06 13:00:00+00:00,4308.5,4332.89990234375,4288.39990234375,4325.89990234375,21320.0
2026-08-06 14:00:00+00:00,4326.10009765625,4334.7001953125,4318.89990234375,4332.2001953125,12144.0
2026-08-06 15:00:00+00:00,4332.2001953125,4333.60009765625,4285.2001953125,4291.5,15764.0
2026-08-06 16:00:00+00:00,4291.7998046875,4300.7998046875,4281.2001953125,4299.39990234375,11573.0
2026-08-06 17:00:00+00:00,4299.60009765625,4307.0,4297.10009765625,4305.7998046875,5853.0
2026-08-06 18:00:00+00:00,4305.89990234375,4308.0,4299.2001953125,4302.2001953125,2206.0
2026-08-06 19:00:00+00:00,4302.10009765625,4309.7998046875,4292.0,4307.7998046875,5130.0
2026-08-06 20:00:00+00:00,4307.7001953125,4309.10009765625,4293.60009765625,4298.7001953125,0.0
2026-08-06 22:00:00+00:00,4298.2998046875,4301.7998046875,4293.89990234375,4298.2998046875,1238.0
2026-08-06 23:00:00+00:00,4298.60009765625,4311.7998046875,4298.39990234375,4311.0,2012.0
2026-08-07 00:00:00+00:00,4310.7001953125,4311.39990234375,4288.0,4291.2001953125,3122.0
2026-08-07 01:00:00+00:00,4290.89990234375,4317.5,4289.7998046875,4314.7001953125,4642.0
2026-08-07 02:00:00+00:00,4314.60009765625,4320.7998046875,4305.39990234375,4309.10009765625,4069.0
2026-08-07 03:00:00+00:00,4309.10009765625,4325.0,4308.2998046875,4322.7998046875,2943.0
2026-08-07 04:00:00+00:00,4325.2998046875,4328.39990234375,4320.2001953125,4324.10009765625,3327.0
2026-08-07 05:00:00+00:00,4324.10009765625,4340.0,4320.39990234375,4337.7001953125,5385.0
2026-08-07 06:00:00+00:00,4337.7001953125,4358.0,4337.10009765625,4356.2998046875,9533.0
2026-08-07 07:00:00+00:00,4356.2001953125,4356.89990234375,4342.0,4348.89990234375,4998.0
2026-08-07 08:00:00+00:00,4349.2001953125,4375.89990234375,4347.89990234375,4365.39990234375,8376.0
2026-08-07 09:00:00+00:00,4365.60009765625,4380.10009765625,4361.60009765625,4375.60009765625,7639.0
2026-08-07 10:00:00+00:00,4375.7998046875,4380.2001953125,4367.2001953125,4376.39990234375,5016.0
2026-08-07 11:00:00+00:00,4376.2998046875,4387.10009765625,4376.0,4380.7998046875,7837.0
2026-08-07 12:00:00+00:00,4380.60009765625,4432.2998046875,4361.0,4421.89990234375,29412.0
2026-08-07 13:00:00+00:00,4421.60009765625,4428.7998046875,4398.89990234375,4408.2998046875,21849.0
2026-08-07 14:00:00+00:00,4408.39990234375,4413.0,4386.89990234375,4401.2998046875,18679.0
2026-08-07 15:00:00+00:00,4401.39990234375,4418.10009765625,4398.89990234375,4400.39990234375,11766.0
2026-08-07 16:00:00+00:00,4400.39990234375,4409.39990234375,4388.7998046875,4389.5,8763.0
2026-08-07 17:00:00+00:00,4388.7001953125,4402.5,4387.39990234375,4400.0,10395.0
2026-08-07 18:00:00+00:00,4399.7998046875,4403.0,4391.89990234375,4395.60009765625,3937.0
2026-08-07 19:00:00+00:00,4395.7001953125,4410.60009765625,4395.7001953125,4403.10009765625,4853.0
2026-08-07 20:00:00+00:00,4403.0,4404.60009765625,4395.2998046875,4399.7001953125,2589.0
2026-08-09 22:00:00+00:00,4398.0,4405.5,4397.0,4400.2001953125,1097.0
2026-08-09 23:00:00+00:00,4400.39990234375,4408.0,4390.7998046875,4392.0,1664.0
2026-08-10 00:00:00+00:00,4391.89990234375,4406.0,4389.7998046875,4391.2998046875,1995.0
2026-08-10 01:00:00+00:00,4391.5,4400.0,4373.89990234375,4383.0,7756.0
2026-08-10 02:00:00+00:00,4382.7998046875,4392.5,4379.0,4380.0,3336.0
2026-08-10 03:00:00+00:00,4379.60009765625,4390.2998046875,4377.39990234375,4387.7998046875,2163.0
2026-08-10 04:00:00+00:00,4387.7001953125,4399.7998046875,4383.60009765625,4399.5,3381.0
2026-08-10 05:00:00+00:00,4399.10009765625,4412.5,4391.5,4407.0,4381.0
2026-08-10 06:00:00+00:00,4407.2998046875,4419.5,4401.5,4417.7998046875,4452.0
2026-08-10 07:00:00+00:00,4417.7998046875,4421.5,4409.39990234375,4414.7001953125,4447.0
2026-08-10 08:00:00+00:00,4415.0,4416.0,4402.89990234375,4405.60009765625,4353.0
2026-08-10 09:00:00+00:00,4405.60009765625,4409.2001953125,4398.39990234375,4400.10009765625,4677.0
2026-08-10 10:00:00+00:00,4400.39990234375,4403.2998046875,4394.60009765625,4395.2001953125,3270.0
2026-08-10 11:00:00+00:00,4395.2998046875,4398.5,4386.2998046875,4393.89990234375,3889.0
2026-08-10 12:00:00+00:00,4393.7998046875,4396.39990234375,4382.7998046875,4391.60009765625,4506.0
2026-08-10 13:00:00+00:00,4391.10009765625,4398.39990234375,4375.0,4376.2998046875,10239.0
2026-08-10 14:00:00+00:00,4376.2001953125,4411.2998046875,4376.2001953125,4405.2001953125,12691.0
2026-08-10 15:00:00+00:00,4405.2001953125,4419.2001953125,4402.7001953125,4417.89990234375,7571.0
2026-08-10 16:00:00+00:00,4418.10009765625,4424.5,4408.60009765625,4416.2998046875,7854.0
2026-08-10 17:00:00+00:00,4416.39990234375,4425.2001953125,4410.5,4419.2001953125,5679.0
2026-08-10 18:00:00+00:00,4419.39990234375,4442.5,4418.7998046875,4437.7001953125,6538.0
2026-08-10 19:00:00+00:00,4437.7998046875,4453.7998046875,4437.7998046875,4446.7998046875,6828.0
2026-08-10 20:00:00+00:00,4447.0,4451.2998046875,4444.7001953125,4448.60009765625,1750.0
2026-08-10 22:00:00+00:00,4446.89990234375,4460.39990234375,4443.2001953125,4459.0,0.0
2026-08-10 23:00:00+00:00,4459.10009765625,4462.39990234375,4453.89990234375,4462.10009765625,2097.0
2026-08-11 00:00:00+00:00,4462.2998046875,4478.60009765625,4456.0,4468.5,5365.0
2026-08-11 01:00:00+00:00,4469.0,4493.7001953125,4453.0,4489.2001953125,8597.0
2026-08-11 02:00:00+00:00,4489.2001953125,4495.0,4468.0,4470.7998046875,6304.0
2026-08-11 03:00:00+00:00,4470.7001953125,4481.39990234375,4469.60009765625,4477.0,2234.0
2026-08-11 04:00:00+00:00,4476.5,4480.2998046875,4463.2998046875,4468.7001953125,3866.0
2026-08-11 05:00:00+00:00,4468.7998046875,4468.89990234375,4427.10009765625,4435.2001953125,8759.0
2026-08-11 06:00:00+00:00,4434.7001953125,4442.0,4418.7001953125,4425.2998046875,7331.0
2026-08-11 07:00:00+00:00,4425.2001953125,4426.5,4415.7001953125,4416.60009765625,4032.0
2026-08-11 08:00:00+00:00,4417.10009765625,4435.5,4416.10009765625,4428.10009765625,5302.0
2026-08-11 09:00:00+00:00,4428.0,4434.39990234375,4426.10009765625,4431.39990234375,3621.0
2026-08-11 10:00:00+00:00,4431.2998046875,4441.2001953125,4430.0,4441.2001953125,3376.0
2026-08-11 11:00:00+00:00,4441.10009765625,4451.7998046875,4439.10009765625,4446.10009765625,6290.0
2026-08-11 12:00:00+00:00,4446.2001953125,4458.7998046875,4442.2001953125,4450.60009765625,10861.0
2026-08-11 13:00:00+00:00,4450.7001953125,4463.2998046875,4442.89990234375,4448.2001953125,11799.0
2026-08-11 14:00:00+00:00,4448.2001953125,4457.39990234375,4439.89990234375,4453.60009765625,10180.0
2026-08-11 15:00:00+00:00,4453.60009765625,4458.2001953125,4428.2001953125,4443.2001953125,10280.0
2026-08-11 16:00:00+00:00,4443.5,4445.2998046875,4438.2001953125,4443.10009765625,3312.0
2026-08-11 17:00:00+00:00,4443.2998046875,4445.7001953125,4428.2001953125,4428.2998046875,6560.0
2026-08-11 18:00:00+00:00,4428.5,4431.89990234375,4419.7001953125,4430.39990234375,5781.0
2026-08-11 19:00:00+00:00,4430.39990234375,4433.60009765625,4420.0,4429.7001953125,6076.0
2026-08-11 20:00:00+00:00,4429.2998046875,4430.0,4426.10009765625,4427.7998046875,905.0
2026-08-11 22:00:00+00:00,4430.0,4437.7998046875,4426.10009765625,4427.89990234375,0.0
2026-08-11 23:00:00+00:00,4428.7001953125,4433.0,4421.39990234375,4430.39990234375,3462.0
2026-08-12 00:00:00+00:00,4430.60009765625,4442.89990234375,4426.0,4440.2001953125,2359.0
2026-08-12 01:00:00+00:00,4440.2998046875,4456.89990234375,4438.0,4456.2001953125,4737.0
2026-08-12 02:00:00+00:00,4456.10009765625,4474.2001953125,4453.89990234375,4470.7998046875,5861.0
2026-08-12 03:00:00+00:00,4471.10009765625,4475.7001953125,4460.60009765625,4461.7998046875,3612.0
2026-08-12 04:00:00+00:00,4462.39990234375,4463.10009765625,4455.2998046875,4461.0,2339.0
2026-08-12 05:00:00+00:00,4460.89990234375,4465.10009765625,4444.0,4451.0,4539.0
2026-08-12 06:00:00+00:00,4450.89990234375,4466.10009765625,4445.2998046875,4463.2001953125,4554.0
2026-08-12 07:00:00+00:00,4463.0,4469.5,4457.39990234375,4465.89990234375,4437.0
2026-08-12 08:00:00+00:00,4465.89990234375,4470.10009765625,4460.60009765625,4460.60009765625,2833.0
2026-08-12 09:00:00+00:00,4460.89990234375,4484.2001953125,4460.89990234375,4475.39990234375,6664.0
2026-08-12 10:00:00+00:00,4475.5,4480.39990234375,4465.89990234375,4472.0,4110.0
2026-08-12 11:00:00+00:00,4472.2998046875,4476.60009765625,4467.2001953125,4472.39990234375,4117.0
2026-08-12 12:00:00+00:00,4472.39990234375,4499.2998046875,4440.0,4498.2001953125,25595.0
2026-08-12 13:00:00+00:00,4497.7998046875,4502.7001953125,4468.0,4487.39990234375,18383.0
2026-08-12 14:00:00+00:00,4487.5,4499.7998046875,4475.7998046875,4481.39990234375,14963.0
2026-08-12 15:00:00+00:00,4481.2001953125,4489.5,4470.2001953125,4480.39990234375,7526.0
2026-08-12 16:00:00+00:00,4480.2001953125,4486.2001953125,4455.89990234375,4461.7001953125,9101.0
2026-08-12 17:00:00+00:00,4461.7001953125,4471.7001953125,4459.0,4459.60009765625,7606.0
2026-08-12 18:00:00+00:00,4459.2998046875,4478.10009765625,4456.0,4473.2001953125,3850.0
2026-08-12 19:00:00+00:00,4473.2001953125,4478.2998046875,4468.5,4473.89990234375,2697.0
2026-08-12 20:00:00+00:00,4473.7001953125,4474.2998046875,4466.7001953125,4469.0,1340.0
2026-08-12 22:00:00+00:00,4468.7998046875,4470.2998046875,4456.5,4459.89990234375,0.0
2026-08-12 23:00:00+00:00,4460.10009765625,4473.2001953125,4459.89990234375,4473.10009765625,1352.0
2026-08-13 00:00:00+00:00,4473.2001953125,4509.10009765625,4471.89990234375,4486.89990234375,9057.0
2026-08-13 01:00:00+00:00,4486.7001953125,4494.10009765625,4464.7001953125,4467.0,6179.0
2026-08-13 02:00:00+00:00,4466.7998046875,4472.60009765625,4457.0,4465.7001953125,3645.0
2026-08-13 03:00:00+00:00,4465.7998046875,4470.7001953125,4458.0,4458.2998046875,2730.0
2026-08-13 04:00:00+00:00,4458.7001953125,4458.7001953125,4449.39990234375,4455.5,3702.0
2026-08-13 05:00:00+00:00,4455.2001953125,4465.2001953125,4437.2001953125,4440.39990234375,6386.0
2026-08-13 06:00:00+00:00,4440.2998046875,4443.0,4425.60009765625,4437.7001953125,6345.0
2026-08-13 07:00:00+00:00,4437.7998046875,4438.60009765625,4425.7998046875,4426.39990234375,4677.0
2026-08-13 08:00:00+00:00,4426.39990234375,4435.7001953125,4420.2998046875,4432.39990234375,4515.0
2026-08-13 09:00:00+00:00,4432.2998046875,4441.89990234375,4428.60009765625,4441.7998046875,3402.0
2026-08-13 10:00:00+00:00,4441.89990234375,4451.5,4438.7998046875,4449.89990234375,3161.0
2026-08-13 11:00:00+00:00,4449.60009765625,4454.2001953125,4439.60009765625,4444.39990234375,4946.0
2026-08-13 12:00:00+00:00,4444.5,4460.0,4437.10009765625,4458.89990234375,9126.0
2026-08-13 13:00:00+00:00,4458.5,4459.0,4427.10009765625,4429.10009765625,12370.0
2026-08-13 14:00:00+00:00,4429.2998046875,4444.7001953125,4408.7998046875,4440.89990234375,14838.0
2026-08-13 15:00:00+00:00,4441.2001953125,4443.10009765625,4413.60009765625,4422.39990234375,9700.0
2026-08-13 16:00:00+00:00,4422.2998046875,4425.60009765625,4407.5,4424.2001953125,8482.0
2026-08-13 17:00:00+00:00,4424.2998046875,4430.60009765625,4412.0,4412.39990234375,7369.0
2026-08-13 18:00:00+00:00,4412.60009765625,4420.5,4411.39990234375,4413.60009765625,3519.0
2026-08-13 19:00:00+00:00,4414.0,4415.5,4400.0,4406.2001953125,4655.0
2026-08-13 20:00:00+00:00,4406.2001953125,4408.39990234375,4402.89990234375,4407.10009765625,1913.0
2026-08-13 22:00:00+00:00,4408.2001953125,4418.39990234375,4406.60009765625,4410.2998046875,0.0
2026-08-13 23:00:00+00:00,4411.5,4419.39990234375,4405.10009765625,4411.7998046875,3512.0
2026-08-14 00:00:00+00:00,4411.60009765625,4417.39990234375,4385.10009765625,4396.39990234375,5728.0
2026-08-14 01:00:00+00:00,4396.2001953125,4397.10009765625,4367.5,4373.7001953125,9506.0
2026-08-14 02:00:00+00:00,4373.7001953125,4378.0,4365.5,4370.7001953125,4982.0
2026-08-14 03:00:00+00:00,4370.7001953125,4383.7998046875,4368.89990234375,4379.60009765625,2551.0
2026-08-14 04:00:00+00:00,4379.2001953125,4384.60009765625,4378.2998046875,4382.0,1800.0
2026-08-14 05:00:00+00:00,4382.2001953125,4389.5,4365.60009765625,4389.5,4331.0
2026-08-14 06:00:00+00:00,4389.60009765625,4392.60009765625,4383.60009765625,4391.60009765625,3066.0
2026-08-14 07:00:00+00:00,4391.39990234375,4401.60009765625,4385.7001953125,4399.7998046875,3733.0
2026-08-14 08:00:00+00:00,4399.7998046875,4405.7001953125,4398.10009765625,4404.7001953125,3608.0
2026-08-14 09:00:00+00:00,4404.5,4413.7998046875,4402.0,4413.60009765625,3922.0
2026-08-14 10:00:00+00:00,4413.60009765625,4415.10009765625,4403.7001953125,4405.5,4193.0
2026-08-14 11:00:00+00:00,4405.5,4426.0,4404.7001953125,4425.7998046875,4534.0
2026-08-14 12:00:00+00:00,4425.5,4444.0,4421.7998046875,4430.89990234375,12963.0
2026-08-14 13:00:00+00:00,4430.7001953125,4454.60009765625,4427.2998046875,4442.0,13285.0
2026-08-14 14:00:00+00:00,4441.60009765625,4452.2001953125,4436.2001953125,4438.60009765625,9581.0
2026-08-14 15:00:00+00:00,4438.7001953125,4452.2998046875,4436.39990234375,4449.0,9824.0
2026-08-14 16:00:00+00:00,4449.0,4454.2998046875,4437.2001953125,4442.7001953125,4686.0
2026-08-14 17:00:00+00:00,4443.0,4443.39990234375,4433.60009765625,4435.5,4557.0
2026-08-14 18:00:00+00:00,4435.89990234375,4439.60009765625,4427.5,4430.2998046875,5830.0
2026-08-14 19:00:00+00:00,4430.2998046875,4435.60009765625,4428.60009765625,4431.5,3055.0
2026-08-14 20:00:00+00:00,4431.39990234375,4432.39990234375,4426.89990234375,4432.10009765625,1870.0
2026-08-14 21:00:00+00:00,4432.0,4437.2998046875,4432.0,4437.2998046875,1.0
2026-08-16 22:00:00+00:00,4433.7001953125,4442.5,4429.2998046875,4441.60009765625,1615.0
2026-08-16 23:00:00+00:00,4441.7998046875,4441.89990234375,4422.2998046875,4425.5,2616.0
2026-08-17 00:00:00+00:00,4426.0,4459.39990234375,4423.5,4457.2998046875,5088.0
2026-08-17 01:00:00+00:00,4457.10009765625,4473.2001953125,4448.60009765625,4452.0,7212.0
2026-08-17 02:00:00+00:00,4451.89990234375,4454.7001953125,4444.89990234375,4449.7998046875,3034.0
2026-08-17 03:00:00+00:00,4450.2001953125,4453.7998046875,4444.5,4453.7001953125,1901.0
2026-08-17 04:00:00+00:00,4453.5,4456.2998046875,4445.5,4447.10009765625,2263.0
2026-08-17 05:00:00+00:00,4447.2998046875,4457.7001953125,4443.39990234375,4451.2998046875,3266.0
2026-08-17 06:00:00+00:00,4451.60009765625,4460.7001953125,4449.10009765625,4459.2998046875,3790.0
2026-08-17 07:00:00+00:00,4459.0,4467.89990234375,4452.2001953125,4461.5,4780.0
2026-08-17 08:00:00+00:00,4461.7998046875,4461.7998046875,4448.7998046875,4451.10009765625,2809.0
2026-08-17 09:00:00+00:00,4451.2998046875,4457.0,4449.2001953125,4452.39990234375,3179.0
2026-08-17 10:00:00+00:00,4452.39990234375,4462.60009765625,4445.7001953125,4455.7998046875,4781.0
2026-08-17 11:00:00+00:00,4455.89990234375,4461.7998046875,4451.7998046875,4453.39990234375,3769.0
2026-08-17 12:00:00+00:00,4453.10009765625,4455.39990234375,4433.39990234375,4441.39990234375,9175.0
2026-08-17 13:00:00+00:00,4441.7001953125,4473.0,4438.10009765625,4465.2998046875,10618.0
2026-08-17 14:00:00+00:00,4465.2998046875,4484.89990234375,4460.39990234375,4474.5,15673.0
2026-08-17 15:00:00+00:00,4474.60009765625,4485.2998046875,4471.7998046875,4484.7998046875,6321.0
2026-08-17 16:00:00+00:00,4485.0,4486.5,4479.7001953125,4481.5,4696.0
2026-08-17 17:00:00+00:00,4481.7001953125,4483.7001953125,4468.2001953125,4471.0,7291.0
2026-08-17 18:00:00+00:00,4471.2998046875,4474.0,4454.5,4463.10009765625,7947.0
2026-08-17 19:00:00+00:00,4462.89990234375,4477.0,4456.60009765625,4475.7001953125,4630.0
2026-08-17 20:00:00+00:00,4475.89990234375,4477.5,4471.10009765625,4473.10009765625,1067.0
2026-08-17 22:00:00+00:00,4473.39990234375,4475.89990234375,4466.5,4467.89990234375,0.0
2026-08-17 23:00:00+00:00,4468.0,4482.10009765625,4466.0,4482.0,2172.0
2026-08-18 00:00:00+00:00,4482.2998046875,4491.7001953125,4475.0,4491.2001953125,4382.0
2026-08-18 01:00:00+00:00,4491.60009765625,4493.10009765625,4460.89990234375,4464.60009765625,5713.0
2026-08-18 02:00:00+00:00,4464.60009765625,4464.89990234375,4450.0,4456.10009765625,4781.0
2026-08-18 03:00:00+00:00,4456.10009765625,4460.5,4446.2998046875,4448.10009765625,3013.0
2026-08-18 04:00:00+00:00,4447.39990234375,4450.89990234375,4444.0,4448.89990234375,2669.0
2026-08-18 05:00:00+00:00,4448.7001953125,4453.2001953125,4441.39990234375,4450.2001953125,3095.0
2026-08-18 06:00:00+00:00,4449.39990234375,4455.60009765625,4443.2001953125,4454.10009765625,3781.0
2026-08-18 07:00:00+00:00,4454.2998046875,4459.5,4451.2001953125,4451.2001953125,3413.0
2026-08-18 08:00:00+00:00,4451.60009765625,4454.2001953125,4442.39990234375,4448.89990234375,4050.0
2026-08-18 09:00:00+00:00,4448.7998046875,4451.2998046875,4443.0,4449.7001953125,2918.0
2026-08-18 10:00:00+00:00,4449.7001953125,4456.2001953125,4446.10009765625,4454.39990234375,2138.0
2026-08-18 11:00:00+00:00,4454.2001953125,4455.7998046875,4444.7998046875,4452.2998046875,2641.0
2026-08-18 12:00:00+00:00,4452.60009765625,4457.2998046875,4445.7998046875,4450.7001953125,6033.0
2026-08-18 13:00:00+00:00,4450.5,4463.0,4430.89990234375,4451.0,16644.0
2026-08-18 14:00:00+00:00,4450.5,4462.7998046875,4419.10009765625,4422.2998046875,19020.0
2026-08-18 15:00:00+00:00,4422.60009765625,4434.10009765625,4406.7998046875,4420.2001953125,16647.0
2026-08-18 16:00:00+00:00,4420.2998046875,4427.0,4417.7998046875,4419.0,4860.0
2026-08-18 17:00:00+00:00,4419.10009765625,4423.7998046875,4412.39990234375,4413.2001953125,4727.0
2026-08-18 18:00:00+00:00,4413.60009765625,4416.5,4407.89990234375,4409.39990234375,3912.0
2026-08-18 19:00:00+00:00,4409.5,4413.7001953125,4392.2998046875,4400.0,7084.0
2026-08-18 20:00:00+00:00,4400.10009765625,4401.2001953125,4383.2998046875,4389.5,3119.0
2026-08-18 22:00:00+00:00,4391.39990234375,4395.2998046875,4385.7998046875,4386.7998046875,0.0
2026-08-18 23:00:00+00:00,4387.2001953125,4391.5,4379.60009765625,4386.0,3354.0
2026-08-19 00:00:00+00:00,4386.10009765625,4401.0,4384.60009765625,4391.7998046875,4774.0
2026-08-19 01:00:00+00:00,4391.5,4411.10009765625,4378.0,4410.2001953125,8886.0
2026-08-19 02:00:00+00:00,4410.0,4415.7998046875,4405.0,4408.5,4996.0
2026-08-19 03:00:00+00:00,4408.39990234375,4414.10009765625,4405.2998046875,4409.0,1942.0
2026-08-19 04:00:00+00:00,4408.89990234375,4409.60009765625,4396.5,4401.7998046875,2722.0
2026-08-19 05:00:00+00:00,4401.7001953125,4404.2001953125,4388.2001953125,4389.0,4934.0
2026-08-19 06:00:00+00:00,4389.0,4403.10009765625,4388.7001953125,4402.7998046875,5596.0
2026-08-19 07:00:00+00:00,4402.7998046875,4417.2001953125,4401.10009765625,4408.2998046875,4933.0
2026-08-19 08:00:00+00:00,4408.39990234375,4417.2001953125,4404.7998046875,4409.7001953125,4213.0
2026-08-19 09:00:00+00:00,4409.7001953125,4416.39990234375,4407.39990234375,4416.39990234375,3029.0
2026-08-19 10:00:00+00:00,4416.5,4424.10009765625,4413.7998046875,4422.2001953125,3283.0
2026-08-19 11:00:00+00:00,4422.39990234375,4429.10009765625,4417.7001953125,4419.10009765625,4055.0
2026-08-19 12:00:00+00:00,4419.7001953125,4499.7998046875,4417.0,4496.2998046875,36057.0
2026-08-19 13:00:00+00:00,4496.2998046875,4524.0,4480.7998046875,4517.7998046875,42249.0
2026-08-19 14:00:00+00:00,4518.0,4557.60009765625,4513.5,4546.7998046875,35698.0
2026-08-19 15:00:00+00:00,4547.0,4552.7998046875,4536.5,4552.2001953125,14896.0
2026-08-19 16:00:00+00:00,4552.2001953125,4557.5,4548.39990234375,4551.0,9392.0
2026-08-19 17:00:00+00:00,4551.0,4557.0,4541.89990234375,4545.0,9699.0
2026-08-19 18:00:00+00:00,4544.89990234375,4556.0,4530.39990234375,4553.2998046875,16444.0
2026-08-19 19:00:00+00:00,4553.2998046875,4569.60009765625,4552.2998046875,4568.0,10549.0
2026-08-19 20:00:00+00:00,4568.39990234375,4582.7998046875,4562.7998046875,4580.7001953125,6291.0
2026-08-19 22:00:00+00:00,4580.0,4583.7998046875,4573.5,4575.89990234375,0.0
2026-08-19 23:00:00+00:00,4576.39990234375,4581.2001953125,4568.39990234375,4569.2001953125,2554.0
2026-08-20 00:00:00+00:00,4568.7001953125,4578.60009765625,4560.2001953125,4562.0,4263.0
2026-08-20 01:00:00+00:00,4562.2998046875,4567.89990234375,4542.10009765625,4547.39990234375,8738.0
2026-08-20 02:00:00+00:00,4547.2998046875,4557.60009765625,4546.10009765625,4548.10009765625,4395.0
2026-08-20 03:00:00+00:00,4548.2001953125,4558.7998046875,4545.7001953125,4555.7001953125,3032.0
2026-08-20 04:00:00+00:00,4556.39990234375,4556.60009765625,4543.39990234375,4546.10009765625,2955.0
2026-08-20 05:00:00+00:00,4546.0,4551.39990234375,4534.7998046875,4538.5,3806.0
2026-08-20 06:00:00+00:00,4538.60009765625,4553.5,4537.2001953125,4550.7998046875,6024.0
2026-08-20 07:00:00+00:00,4550.60009765625,4552.7001953125,4540.10009765625,4547.60009765625,4873.0
2026-08-20 08:00:00+00:00,4547.89990234375,4555.89990234375,4543.89990234375,4546.10009765625,5530.0
2026-08-20 09:00:00+00:00,4546.2001953125,4551.0,4538.2001953125,4538.89990234375,4560.0
2026-08-20 10:00:00+00:00,4539.10009765625,4552.5,4537.0,4546.39990234375,4171.0
2026-08-20 11:00:00+00:00,4546.7001953125,4547.89990234375,4521.2001953125,4523.10009765625,10669.0
2026-08-20 12:00:00+00:00,4523.2998046875,4532.2998046875,4506.0,4529.7001953125,17523.0
2026-08-20 13:00:00+00:00,4529.7998046875,4544.39990234375,4524.10009765625,4537.0,15951.0
2026-08-20 14:00:00+00:00,4536.7998046875,4572.0,4535.7998046875,4571.7001953125,18959.0
2026-08-20 15:00:00+00:00,4571.7998046875,4597.10009765625,4563.5,4577.2998046875,32802.0
2026-08-20 16:00:00+00:00,4577.5,4580.7001953125,4559.2001953125,4566.7001953125,8474.0
2026-08-20 17:00:00+00:00,4566.7001953125,4576.89990234375,4564.10009765625,4576.0,6696.0
2026-08-20 18:00:00+00:00,4576.0,4581.7001953125,4564.7001953125,4578.5,5540.0
2026-08-20 19:00:00+00:00,4578.2998046875,4588.0,4574.7001953125,4584.89990234375,4191.0
2026-08-20 20:00:00+00:00,4584.5,4585.2001953125,4573.0,4575.10009765625,2026.0
2026-08-20 22:00:00+00:00,4577.0,4580.2001953125,4571.0,4580.2001953125,0.0
2026-08-20 23:00:00+00:00,4579.89990234375,4589.0,4577.10009765625,4582.2001953125,3440.0
2026-08-21 00:00:00+00:00,4582.2998046875,4583.7001953125,4566.2998046875,4567.2001953125,3126.0
2026-08-21 01:00:00+00:00,4567.2001953125,4600.2998046875,4565.5,4587.0,7141.0
2026-08-21 02:00:00+00:00,4586.7998046875,4599.2001953125,4574.0,4590.0,5560.0
2026-08-21 03:00:00+00:00,4590.0,4594.7001953125,4582.60009765625,4590.89990234375,2465.0
2026-08-21 04:00:00+00:00,4591.5,4604.39990234375,4591.2001953125,4596.7998046875,4033.0
2026-08-21 05:00:00+00:00,4596.39990234375,4612.39990234375,4585.39990234375,4610.10009765625,5908.0
2026-08-21 06:00:00+00:00,4609.89990234375,4624.7001953125,4601.7998046875,4617.89990234375,9132.0
2026-08-21 07:00:00+00:00,4617.7998046875,4625.0,4615.39990234375,4621.0,5890.0
2026-08-21 08:00:00+00:00,4621.39990234375,4642.0,4615.7998046875,4641.0,10338.0
2026-08-21 09:00:00+00:00,4641.10009765625,4659.39990234375,4637.60009765625,4639.7001953125,13836.0
2026-08-21 10:00:00+00:00,4639.39990234375,4651.60009765625,4634.5,4645.7998046875,7281.0
2026-08-21 11:00:00+00:00,4645.5,4661.7001953125,4644.2998046875,4654.39990234375,7950.0
2026-08-21 12:00:00+00:00,4654.7001953125,4659.10009765625,4620.5,4634.7001953125,18190.0
2026-08-21 13:00:00+00:00,4634.60009765625,4650.2001953125,4630.0,4638.2998046875,15060.0
2026-08-21 14:00:00+00:00,4638.10009765625,4660.2001953125,4636.5,4648.10009765625,17876.0
2026-08-21 15:00:00+00:00,4648.5,4673.0,4644.10009765625,4672.0,13380.0
2026-08-21 16:00:00+00:00,4672.10009765625,4687.2001953125,4666.2998046875,4686.60009765625,10785.0
2026-08-21 17:00:00+00:00,4686.7001953125,4690.39990234375,4673.39990234375,4678.7001953125,14697.0
2026-08-21 18:00:00+00:00,4679.0,4686.10009765625,4677.5,4681.7998046875,4955.0
2026-08-21 19:00:00+00:00,4682.10009765625,4683.10009765625,4673.0,4674.7001953125,4668.0
2026-08-21 20:00:00+00:00,4674.60009765625,4680.60009765625,4661.0,4680.60009765625,2580.0
2026-08-23 22:00:00+00:00,4675.39990234375,4679.10009765625,4663.0,4663.10009765625,2062.0
2026-08-23 23:00:00+00:00,4663.5,4682.0,4661.89990234375,4681.60009765625,3548.0
2026-08-24 00:00:00+00:00,4681.60009765625,4698.60009765625,4651.7998046875,4678.7998046875,9593.0
2026-08-24 01:00:00+00:00,4679.0,4694.2998046875,4664.60009765625,4688.60009765625,8902.0
2026-08-24 02:00:00+00:00,4688.7001953125,4713.7998046875,4684.2998046875,4700.39990234375,9983.0
2026-08-24 03:00:00+00:00,4700.39990234375,4707.0,4690.0,4698.2001953125,3505.0
2026-08-24 04:00:00+00:00,4698.2001953125,4699.0,4688.89990234375,4695.2001953125,2400.0
2026-08-24 05:00:00+00:00,4695.7998046875,4702.5,4685.5,4697.2998046875,4068.0
2026-08-24 06:00:00+00:00,4697.5,4716.7001953125,4695.7998046875,4706.7001953125,8329.0
2026-08-24 07:00:00+00:00,4706.39990234375,4711.0,4686.0,4697.39990234375,7294.0
2026-08-24 08:00:00+00:00,4697.7998046875,4702.0,4684.2001953125,4693.5,7467.0
2026-08-24 09:00:00+00:00,4693.7001953125,4702.7001953125,4688.7998046875,4702.39990234375,7635.0
2026-08-24 10:00:00+00:00,4702.39990234375,4707.0,4698.60009765625,4700.2998046875,5452.0
2026-08-24 11:00:00+00:00,4700.10009765625,4728.2998046875,4696.2001953125,4715.0,13924.0
2026-08-24 12:00:00+00:00,4715.2001953125,4726.89990234375,4702.0,4720.7001953125,10683.0
2026-08-24 13:00:00+00:00,4720.89990234375,4738.5,4713.2998046875,4721.7998046875,18757.0
2026-08-24 14:00:00+00:00,4721.5,4736.10009765625,4712.0,4727.60009765625,15969.0
2026-08-24 15:00:00+00:00,4727.7998046875,4737.0,4696.5,4706.0,18113.0
2026-08-24 16:00:00+00:00,4706.0,4719.60009765625,4697.89990234375,4701.89990234375,10523.0
2026-08-24 17:00:00+00:00,4702.10009765625,4712.7001953125,4686.60009765625,4693.2998046875,15426.0
2026-08-24 18:00:00+00:00,4693.0,4699.0,4681.2001953125,4693.0,9639.0
2026-08-24 19:00:00+00:00,4692.7001953125,4712.10009765625,4692.2001953125,4707.5,4546.0
2026-08-24 20:00:00+00:00,4707.89990234375,4711.5,4703.39990234375,4710.0,3322.0
2026-08-24 22:00:00+00:00,4710.10009765625,4725.60009765625,4708.39990234375,4724.5,0.0
2026-08-24 23:00:00+00:00,4724.60009765625,4740.60009765625,4723.0,4737.2001953125,4225.0
2026-08-25 00:00:00+00:00,4737.2998046875,4755.0,4732.7001953125,4741.0,7997.0
2026-08-25 01:00:00+00:00,4740.7998046875,4743.2998046875,4713.2001953125,4714.7001953125,9906.0
2026-08-25 02:00:00+00:00,4714.5,4718.2998046875,4670.5,4685.5,14102.0
2026-08-25 03:00:00+00:00,4685.7001953125,4697.7001953125,4678.10009765625,4688.2998046875,4898.0
2026-08-25 04:00:00+00:00,4689.39990234375,4693.5,4679.5,4681.10009765625,2845.0
2026-08-25 05:00:00+00:00,4681.2998046875,4704.0,4679.2998046875,4698.5,6460.0
2026-08-25 06:00:00+00:00,4698.39990234375,4709.60009765625,4693.0,4694.60009765625,4905.0
2026-08-25 07:00:00+00:00,4695.0,4700.2998046875,4685.7998046875,4686.10009765625,5734.0
2026-08-25 08:00:00+00:00,4686.10009765625,4702.0,4676.2998046875,4685.7001953125,7616.0
2026-08-25 09:00:00+00:00,4685.7001953125,4698.10009765625,4679.5,4691.7001953125,6280.0
2026-08-25 10:00:00+00:00,4691.60009765625,4698.2001953125,4688.10009765625,4695.0,3230.0
2026-08-25 11:00:00+00:00,4694.7998046875,4703.5,4691.89990234375,4698.39990234375,4924.0
2026-08-25 12:00:00+00:00,4698.7001953125,4699.60009765625,4685.2998046875,4695.7001953125,8891.0
2026-08-25 13:00:00+00:00,4696.2998046875,4696.60009765625,4659.5,4671.39990234375,18693.0
2026-08-25 14:00:00+00:00,4671.2998046875,4696.0,4667.2998046875,4691.60009765625,16913.0
2026-08-25 15:00:00+00:00,4691.7998046875,4716.39990234375,4685.10009765625,4709.5,13804.0
2026-08-25 16:00:00+00:00,4709.60009765625,4710.2001953125,4694.2998046875,4700.7998046875,9284.0
2026-08-25 17:00:00+00:00,4700.60009765625,4705.7998046875,4691.2998046875,4705.7998046875,7466.0
2026-08-25 18:00:00+00:00,4705.7998046875,4711.7998046875,4701.7001953125,4711.39990234375,3703.0
2026-08-25 19:00:00+00:00,4711.39990234375,4725.60009765625,4710.39990234375,4723.39990234375,7288.0
2026-08-25 20:00:00+00:00,4723.2998046875,4726.0,4714.10009765625,4715.89990234375,2964.0
2026-08-25 22:00:00+00:00,4715.7001953125,4730.89990234375,4712.10009765625,4729.7001953125,0.0
2026-08-25 23:00:00+00:00,4729.7001953125,4730.60009765625,4710.2998046875,4712.10009765625,2587.0
2026-08-26 00:00:00+00:00,4711.89990234375,4715.2001953125,4691.10009765625,4694.2001953125,4918.0
2026-08-26 01:00:00+00:00,4694.60009765625,4717.7001953125,4686.2001953125,4713.7998046875,7488.0
2026-08-26 02:00:00+00:00,4713.60009765625,4728.0,4711.60009765625,4715.2001953125,4529.0
2026-08-26 03:00:00+00:00,4715.39990234375,4715.89990234375,4699.60009765625,4701.10009765625,3853.0
2026-08-26 04:00:00+00:00,4699.7998046875,4701.2001953125,4695.7001953125,4697.60009765625,1898.0
2026-08-26 05:00:00+00:00,4697.5,4706.2998046875,4692.2001953125,4696.2998046875,3455.0
2026-08-26 06:00:00+00:00,4696.2001953125,4698.0,4681.10009765625,4690.60009765625,4644.0
2026-08-26 07:00:00+00:00,4690.60009765625,4695.7001953125,4682.60009765625,4685.10009765625,4051.0
2026-08-26 08:00:00+00:00,4684.89990234375,4686.7001953125,4677.2998046875,4683.7001953125,3655.0
2026-08-26 09:00:00+00:00,4684.0,4687.0,4671.2998046875,4679.5,5668.0
2026-08-26 10:00:00+00:00,4679.60009765625,4680.10009765625,4668.7998046875,4675.89990234375,3722.0
2026-08-26 11:00:00+00:00,4676.2998046875,4681.0,4672.10009765625,4680.2998046875,4055.0
2026-08-26 12:00:00+00:00,4680.60009765625,4690.0,4666.0,4669.5,13147.0
2026-08-26 13:00:00+00:00,4670.0,4687.0,4653.2998046875,4686.60009765625,20169.0
2026-08-26 14:00:00+00:00,4686.7001953125,4688.60009765625,4658.0,4658.2001953125,12459.0
2026-08-26 15:00:00+00:00,4658.5,4664.60009765625,4638.2001953125,4651.39990234375,19020.0
2026-08-26 16:00:00+00:00,4651.60009765625,4656.7998046875,4640.7998046875,4647.10009765625,11736.0
2026-08-26 17:00:00+00:00,4647.10009765625,4657.60009765625,4645.89990234375,4653.2001953125,6138.0
2026-08-26 18:00:00+00:00,4653.10009765625,4660.2998046875,4647.5,4648.5,4792.0
2026-08-26 19:00:00+00:00,4648.7998046875,4656.2998046875,4645.7001953125,4648.89990234375,3508.0
2026-08-26 20:00:00+00:00,4649.0,4651.39990234375,4638.60009765625,4647.7998046875,1738.0
2026-08-26 22:00:00+00:00,4650.0,4667.7001953125,4648.10009765625,4663.2998046875,0.0
2026-08-26 23:00:00+00:00,4663.2001953125,4678.89990234375,4660.89990234375,4677.5,3632.0
2026-08-27 00:00:00+00:00,4677.89990234375,4681.0,4654.5,4659.2001953125,4826.0
2026-08-27 01:00:00+00:00,4658.89990234375,4695.39990234375,4656.2001953125,4694.60009765625,7479.0
2026-08-27 02:00:00+00:00,4694.60009765625,4697.7001953125,4678.10009765625,4683.7001953125,5414.0
2026-08-27 03:00:00+00:00,4683.7998046875,4693.10009765625,4678.7998046875,4679.0,2302.0
2026-08-27 04:00:00+00:00,4679.7001953125,4681.7998046875,4671.39990234375,4673.0,2334.0
2026-08-27 05:00:00+00:00,4673.2998046875,4675.7998046875,4655.0,4661.2001953125,6017.0
2026-08-27 06:00:00+00:00,4661.0,4665.7001953125,4651.7001953125,4654.2998046875,6886.0
2026-08-27 07:00:00+00:00,4654.2998046875,4659.7001953125,4647.2001953125,4653.39990234375,4945.0
2026-08-27 08:00:00+00:00,4654.0,4660.5,4647.89990234375,4652.2998046875,3555.0
2026-08-27 09:00:00+00:00,4652.2998046875,4653.7998046875,4631.0,4633.2001953125,8946.0
2026-08-27 10:00:00+00:00,4632.89990234375,4643.60009765625,4618.89990234375,4643.0,7616.0
2026-08-27 11:00:00+00:00,4643.10009765625,4653.7001953125,4640.2001953125,4652.2998046875,6869.0
2026-08-27 12:00:00+00:00,4652.0,4654.7001953125,4633.7001953125,4639.2998046875,8105.0
2026-08-27 13:00:00+00:00,4639.2001953125,4646.39990234375,4616.0,4625.89990234375,14123.0
2026-08-27 14:00:00+00:00,4625.60009765625,4652.0,4621.7001953125,4645.10009765625,13769.0
2026-08-27 15:00:00+00:00,4645.0,4665.5,4642.7001953125,4664.5,7897.0
2026-08-27 16:00:00+00:00,4664.7001953125,4670.89990234375,4656.5,4669.2998046875,6571.0
2026-08-27 17:00:00+00:00,4669.2001953125,4670.7001953125,4659.10009765625,4660.39990234375,4833.0
2026-08-27 18:00:00+00:00,4660.60009765625,4665.2001953125,4654.7001953125,4664.2998046875,3361.0
2026-08-27 19:00:00+00:00,4664.7001953125,4672.39990234375,4658.2998046875,4662.7001953125,3927.0
2026-08-27 20:00:00+00:00,4662.7998046875,4663.60009765625,4653.7998046875,4654.7998046875,1264.0
2026-08-27 22:00:00+00:00,4656.0,4664.10009765625,4653.89990234375,4664.10009765625,0.0
2026-08-27 23:00:00+00:00,4664.0,4664.7998046875,4647.2998046875,4647.60009765625,2426.0
2026-08-28 00:00:00+00:00,4647.7998046875,4655.7001953125,4638.5,4641.2001953125,2843.0
2026-08-28 01:00:00+00:00,4642.39990234375,4655.39990234375,4628.10009765625,4628.89990234375,5299.0
2026-08-28 02:00:00+00:00,4628.60009765625,4642.39990234375,4628.0,4638.89990234375,2512.0
2026-08-28 03:00:00+00:00,4638.7001953125,4642.2998046875,4630.89990234375,4631.39990234375,1786.0
2026-08-28 04:00:00+00:00,4632.2998046875,4637.5,4630.0,4636.39990234375,1614.0
2026-08-28 05:00:00+00:00,4636.7001953125,4638.60009765625,4623.0,4625.5,2952.0
2026-08-28 06:00:00+00:00,4625.7001953125,4666.2001953125,4624.5,4665.5,6108.0
2026-08-28 07:00:00+00:00,4665.39990234375,4667.39990234375,4648.7001953125,4665.0,6239.0
2026-08-28 08:00:00+00:00,4664.89990234375,4667.7001953125,4654.2998046875,4656.2998046875,3772.0
2026-08-28 09:00:00+00:00,4656.39990234375,4661.39990234375,4653.5,4658.7001953125,2904.0
2026-08-28 10:00:00+00:00,4658.7998046875,4663.5,4650.2998046875,4653.10009765625,3350.0
2026-08-28 11:00:00+00:00,4653.10009765625,4654.2001953125,4643.60009765625,4645.60009765625,4445.0
2026-08-28 12:00:00+00:00,4645.60009765625,4656.39990234375,4641.2001953125,4654.10009765625,6831.0
2026-08-28 13:00:00+00:00,4654.2001953125,4680.7998046875,4645.89990234375,4657.5,12968.0
2026-08-28 14:00:00+00:00,4657.39990234375,4688.0,4580.2001953125,4629.0,75096.0
2026-08-28 15:00:00+00:00,4629.2998046875,4636.10009765625,4574.7998046875,4575.7001953125,34399.0
2026-08-28 16:00:00+00:00,4575.89990234375,4580.89990234375,4515.2998046875,4529.89990234375,44119.0
2026-08-28 17:00:00+00:00,4530.10009765625,4537.2001953125,4510.5,4519.7001953125,20382.0
2026-08-28 18:00:00+00:00,4519.7001953125,4521.89990234375,4495.0,4506.5,15598.0
2026-08-28 19:00:00+00:00,4506.5,4517.2001953125,4502.2998046875,4507.89990234375,8303.0
2026-08-28 20:00:00+00:00,4507.89990234375,4529.89990234375,4502.7001953125,4529.89990234375,3151.0
2026-08-30 22:00:00+00:00,4506.2998046875,4515.89990234375,4502.2001953125,4510.89990234375,4311.0
2026-08-30 23:00:00+00:00,4510.7998046875,4516.60009765625,4485.2001953125,4507.7998046875,5649.0
2026-08-31 00:00:00+00:00,4507.7998046875,4521.5,4501.39990234375,4505.7001953125,5101.0
2026-08-31 01:00:00+00:00,4505.7998046875,4512.39990234375,4485.0,4489.60009765625,10236.0
2026-08-31 02:00:00+00:00,4489.10009765625,4490.7001953125,4445.60009765625,4472.2998046875,13543.0
2026-08-31 03:00:00+00:00,4472.2998046875,4483.60009765625,4469.5,4472.0,4563.0
2026-08-31 04:00:00+00:00,4472.2998046875,4475.0,4462.5,4474.60009765625,3470.0
2026-08-31 05:00:00+00:00,4474.60009765625,4493.5,4469.2001953125,4492.7001953125,5005.0
2026-08-31 06:00:00+00:00,4492.7001953125,4493.0,4478.89990234375,4489.39990234375,4271.0
2026-08-31 07:00:00+00:00,4489.2001953125,4498.5,4485.0,4493.2998046875,4457.0
2026-08-31 08:00:00+00:00,4493.2998046875,4499.7001953125,4483.89990234375,4485.60009765625,3387.0
2026-08-31 09:00:00+00:00,4485.7998046875,4496.0,4485.7001953125,4496.0,2925.0
2026-08-31 10:00:00+00:00,4495.89990234375,4506.7001953125,4495.2001953125,4504.5,3859.0
2026-08-31 11:00:00+00:00,4504.60009765625,4514.89990234375,4503.10009765625,4506.2001953125,4497.0
2026-08-31 12:00:00+00:00,4506.10009765625,4511.89990234375,4486.5,4486.89990234375,10124.0
2026-08-31 13:00:00+00:00,4486.7001953125,4499.5,4466.39990234375,4469.10009765625,15197.0
2026-08-31 14:00:00+00:00,4469.2998046875,4487.2001953125,4466.7001953125,4481.7001953125,12556.0
2026-08-31 15:00:00+00:00,4481.7001953125,4487.89990234375,4474.2998046875,4475.5,7801.0
2026-08-31 16:00:00+00:00,4475.89990234375,4490.2998046875,4473.0,4482.60009765625,6076.0
2026-08-31 17:00:00+00:00,4482.7998046875,4489.7001953125,4477.7998046875,4485.60009765625,6513.0
2026-08-31 18:00:00+00:00,4486.0,4486.10009765625,4475.5,4480.2998046875,3311.0
2026-08-31 19:00:00+00:00,4480.7001953125,4502.7001953125,4478.39990234375,4502.0,6601.0
2026-08-31 20:00:00+00:00,4502.2998046875,4504.89990234375,4495.89990234375,4497.2998046875,1759.0
2026-08-31 22:00:00+00:00,4498.7001953125,4504.7998046875,4494.2998046875,4495.5,0.0
2026-08-31 23:00:00+00:00,4495.7998046875,4501.0,4490.2998046875,4501.0,1701.0
2026-09-01 00:00:00+00:00,4501.2998046875,4510.5,4495.0,4502.7001953125,3425.0
2026-09-01 01:00:00+00:00,4502.60009765625,4505.89990234375,4485.2001953125,4493.10009765625,3898.0
2026-09-01 02:00:00+00:00,4492.89990234375,4498.2001953125,4477.10009765625,4492.39990234375,4700.0
2026-09-01 03:00:00+00:00,4492.7001953125,4493.5,4480.89990234375,4487.0,3688.0
2026-09-01 04:00:00+00:00,4485.7001953125,4486.7001953125,4473.89990234375,4475.2001953125,3959.0
2026-09-01 05:00:00+00:00,4475.39990234375,4494.7001953125,4471.89990234375,4489.0,3790.0
2026-09-01 06:00:00+00:00,4488.5,4489.10009765625,4476.2998046875,4478.0,3170.0
2026-09-01 07:00:00+00:00,4478.10009765625,4483.60009765625,4460.5,4468.7001953125,7285.0
2026-09-01 08:00:00+00:00,4468.60009765625,4468.60009765625,4417.89990234375,4419.39990234375,17854.0
2026-09-01 09:00:00+00:00,4419.39990234375,4426.60009765625,4413.0,4413.7001953125,10482.0
2026-09-01 10:00:00+00:00,4413.7001953125,4434.60009765625,4413.0,4426.89990234375,7242.0
2026-09-01 11:00:00+00:00,4427.0,4435.7001953125,4420.5,4422.89990234375,6382.0
2026-09-01 12:00:00+00:00,4423.0,4424.89990234375,4400.39990234375,4404.7001953125,15235.0
2026-09-01 13:00:00+00:00,4404.60009765625,4415.89990234375,4374.10009765625,4413.89990234375,31866.0
2026-09-01 14:00:00+00:00,4414.2001953125,4424.2998046875,4401.5,4408.7998046875,16929.0
2026-09-01 15:00:00+00:00,4409.10009765625,4422.7001953125,4403.39990234375,4421.7001953125,7955.0
2026-09-01 16:00:00+00:00,4421.60009765625,4423.2998046875,4395.39990234375,4399.60009765625,11301.0
2026-09-01 17:00:00+00:00,4399.7998046875,4400.2998046875,4389.0,4391.10009765625,9910.0
2026-09-01 18:00:00+00:00,4391.2998046875,4392.7001953125,4375.60009765625,4379.39990234375,7744.0
2026-09-01 19:00:00+00:00,4379.10009765625,4385.2001953125,4369.7001953125,4374.0,7183.0
2026-09-01 20:00:00+00:00,4374.10009765625,4377.89990234375,4370.7001953125,4375.7001953125,4548.0
2026-09-01 22:00:00+00:00,4377.2001953125,4381.0,4372.7001953125,4375.7001953125,0.0
2026-09-01 23:00:00+00:00,4375.7001953125,4382.0,4367.7001953125,4370.60009765625,3362.0
2026-09-02 00:00:00+00:00,4370.7001953125,4380.89990234375,4360.7001953125,4362.5,8043.0
2026-09-02 01:00:00+00:00,4362.10009765625,4373.5,4333.89990234375,4338.10009765625,13479.0
2026-09-02 02:00:00+00:00,4337.7998046875,4362.10009765625,4334.60009765625,4350.0,9310.0
2026-09-02 03:00:00+00:00,4350.0,4351.39990234375,4329.2001953125,4348.7998046875,8745.0
2026-09-02 04:00:00+00:00,4349.89990234375,4354.39990234375,4347.7998046875,4353.7001953125,2960.0
2026-09-02 05:00:00+00:00,4353.89990234375,4373.10009765625,4350.0,4366.7001953125,6139.0
2026-09-02 06:00:00+00:00,4366.7998046875,4375.89990234375,4361.2001953125,4368.2998046875,6159.0
2026-09-02 07:00:00+00:00,4368.39990234375,4377.7998046875,4365.7998046875,4369.7998046875,4423.0
2026-09-02 08:00:00+00:00,4370.10009765625,4378.39990234375,4359.10009765625,4359.60009765625,5127.0
2026-09-02 09:00:00+00:00,4359.60009765625,4369.2001953125,4352.2998046875,4355.89990234375,4822.0
2026-09-02 10:00:00+00:00,4355.89990234375,4359.7998046875,4349.10009765625,4356.60009765625,3611.0
2026-09-02 11:00:00+00:00,4356.2998046875,4380.2001953125,4354.89990234375,4379.60009765625,7567.0
2026-09-02 12:00:00+00:00,4379.5,4391.39990234375,4374.39990234375,4378.2998046875,13593.0
2026-09-02 13:00:00+00:00,4378.2998046875,4433.5,4377.5,4433.0,27934.0
2026-09-02 14:00:00+00:00,4432.89990234375,4444.39990234375,4421.39990234375,4424.2001953125,20892.0
2026-09-02 15:00:00+00:00,4424.10009765625,4427.7998046875,4411.39990234375,4419.89990234375,10859.0
2026-09-02 16:00:00+00:00,4419.7001953125,4421.7001953125,4411.10009765625,4415.10009765625,5029.0
2026-09-02 17:00:00+00:00,4415.2001953125,4427.39990234375,4411.2001953125,4423.39990234375,7180.0
2026-09-02 18:00:00+00:00,4423.7001953125,4426.2998046875,4415.89990234375,4420.2998046875,4613.0
2026-09-02 19:00:00+00:00,4420.7998046875,4437.89990234375,4418.2998046875,4437.7001953125,4838.0
2026-09-02 20:00:00+00:00,4437.39990234375,4438.2001953125,4430.60009765625,4434.2998046875,2245.0
2026-09-02 22:00:00+00:00,4436.39990234375,4438.10009765625,4428.39990234375,4429.7998046875,0.0
2026-09-02 23:00:00+00:00,4430.2001953125,4434.39990234375,4426.7001953125,4431.0,1695.0
2026-09-03 00:00:00+00:00,4431.2001953125,4442.89990234375,4427.7998046875,4440.5,3459.0
2026-09-03 01:00:00+00:00,4440.7998046875,4457.60009765625,4432.2001953125,4455.0,9218.0
2026-09-03 02:00:00+00:00,4455.2001953125,4466.2001953125,4452.2001953125,4466.0,5977.0
2026-09-03 03:00:00+00:00,4466.0,4478.2001953125,4464.89990234375,4477.10009765625,6171.0
2026-09-03 04:00:00+00:00,4477.2998046875,4483.89990234375,4470.7998046875,4483.0,5124.0
2026-09-03 05:00:00+00:00,4483.10009765625,4486.0,4468.2001953125,4477.0,8903.0
2026-09-03 06:00:00+00:00,4477.0,4482.2001953125,4462.7998046875,4466.39990234375,7623.0
2026-09-03 07:00:00+00:00,4466.0,4477.5,4464.60009765625,4474.7001953125,6351.0
2026-09-03 08:00:00+00:00,4474.5,4490.0,4473.60009765625,4481.10009765625,9719.0
2026-09-03 09:00:00+00:00,4481.2998046875,4488.2001953125,4472.0,4473.89990234375,7610.0
2026-09-03 10:00:00+00:00,4474.10009765625,4476.10009765625,4464.89990234375,4473.2001953125,4737.0
2026-09-03 11:00:00+00:00,4473.10009765625,4493.39990234375,4471.10009765625,4490.2001953125,6932.0
2026-09-03 12:00:00+00:00,4490.0,4542.60009765625,4484.10009765625,4540.89990234375,27504.0
2026-09-03 13:00:00+00:00,4540.89990234375,4543.7001953125,4502.7998046875,4517.10009765625,25953.0
2026-09-03 14:00:00+00:00,4517.10009765625,4531.89990234375,4502.89990234375,4531.89990234375,16310.0
2026-09-03 15:00:00+00:00,4532.0,4558.5,4530.89990234375,4540.7998046875,21907.0
2026-09-03 16:00:00+00:00,4540.7001953125,4543.39990234375,4533.0,4533.7001953125,5945.0
2026-09-03 17:00:00+00:00,4533.89990234375,4542.0,4530.60009765625,4535.7001953125,7442.0
2026-09-03 18:00:00+00:00,4534.60009765625,4537.10009765625,4521.2001953125,4522.89990234375,6450.0
2026-09-03 19:00:00+00:00,4522.7998046875,4528.7001953125,4520.2998046875,4522.89990234375,4938.0
2026-09-03 20:00:00+00:00,4522.7001953125,4523.2998046875,4517.7001953125,4520.0,1728.0
2026-09-03 21:00:00+00:00,4520.2998046875,4520.2998046875,4520.2998046875,4520.2998046875,1.0
2026-09-03 22:00:00+00:00,4522.0,4526.2998046875,4518.5,4521.60009765625,0.0
2026-09-03 23:00:00+00:00,4521.5,4527.2001953125,4519.0,4526.89990234375,2361.0
2026-09-04 00:00:00+00:00,4527.0,4533.5,4519.2998046875,4532.89990234375,2941.0
2026-09-04 01:00:00+00:00,4532.60009765625,4533.60009765625,4513.0,4525.2001953125,5656.0
2026-09-04 02:00:00+00:00,4525.2998046875,4528.89990234375,4516.2998046875,4523.7998046875,3537.0
2026-09-04 03:00:00+00:00,4523.5,4525.0,4513.60009765625,4513.7998046875,1781.0
2026-09-04 04:00:00+00:00,4513.10009765625,4521.5,4511.60009765625,4520.39990234375,2177.0
2026-09-04 05:00:00+00:00,4520.2998046875,4523.89990234375,4512.7998046875,4518.2001953125,4261.0
2026-09-04 06:00:00+00:00,4518.10009765625,4519.5,4506.60009765625,4509.5,4647.0
2026-09-04 07:00:00+00:00,4509.2998046875,4537.7998046875,4508.0,4530.2998046875,7045.0
2026-09-04 08:00:00+00:00,4530.39990234375,4533.60009765625,4521.0,4524.2998046875,3787.0
2026-09-04 09:00:00+00:00,4524.5,4525.7001953125,4510.0,4511.7998046875,4836.0
2026-09-04 10:00:00+00:00,4511.7001953125,4523.10009765625,4511.60009765625,4518.89990234375,2424.0
2026-09-04 11:00:00+00:00,4519.2001953125,4519.2998046875,4510.89990234375,4513.10009765625,3470.0
2026-09-04 12:00:00+00:00,4513.2998046875,4523.5,4419.0,4440.60009765625,45018.0
2026-09-04 13:00:00+00:00,4440.89990234375,4481.7998046875,4412.0,4459.89990234375,32312.0
2026-09-04 14:00:00+00:00,4460.0,4489.39990234375,4458.7998046875,4474.2998046875,17547.0
2026-09-04 15:00:00+00:00,4474.39990234375,4496.2001953125,4469.5,4483.2998046875,11986.0
2026-09-04 16:00:00+00:00,4483.7998046875,4491.0,4479.5,4483.60009765625,6089.0
2026-09-04 17:00:00+00:00,4483.5,4488.0,4461.10009765625,4464.0,9254.0
2026-09-04 18:00:00+00:00,4464.7001953125,4474.5,4459.0,4471.2998046875,5254.0
2026-09-04 19:00:00+00:00,4471.60009765625,4485.60009765625,4470.0,4482.0,4751.0
2026-09-04 20:00:00+00:00,4481.7998046875,4482.2998046875,4475.60009765625,4476.60009765625,1799.0
2026-09-08 04:00:00+00:00,4483.5,4488.7998046875,4477.0,4481.60009765625,2902.0
2026-09-08 05:00:00+00:00,4481.7001953125,4483.39990234375,4462.10009765625,4464.39990234375,4160.0
2026-09-08 06:00:00+00:00,4464.39990234375,4465.10009765625,4442.60009765625,4448.2998046875,6730.0
2026-09-08 07:00:00+00:00,4448.60009765625,4454.0,4434.2998046875,4436.7001953125,5481.0
2026-09-08 08:00:00+00:00,4436.60009765625,4443.0,4432.0,4438.5,4596.0
2026-09-08 09:00:00+00:00,4438.0,4450.10009765625,4435.0,4447.2001953125,4513.0
2026-09-08 10:00:00+00:00,4447.2998046875,4451.60009765625,4438.0,4439.89990234375,4436.0
2026-09-08 11:00:00+00:00,4440.2001953125,4452.39990234375,4435.5,4450.89990234375,4220.0
2026-09-08 12:00:00+00:00,4450.89990234375,4456.2998046875,4429.5,4456.10009765625,12623.0
2026-09-08 13:00:00+00:00,4456.2998046875,4457.89990234375,4434.7001953125,4440.2998046875,11000.0
2026-09-08 14:00:00+00:00,4440.2998046875,4449.0,4433.7001953125,4443.39990234375,10330.0
2026-09-08 15:00:00+00:00,4443.7998046875,4454.5,4439.7998046875,4439.7998046875,8727.0
2026-09-08 16:00:00+00:00,4440.0,4443.39990234375,4425.10009765625,4438.2998046875,10812.0
2026-09-08 17:00:00+00:00,4438.39990234375,4448.60009765625,4429.5,4434.2998046875,7413.0
2026-09-08 18:00:00+00:00,4434.5,4434.7001953125,4402.39990234375,4420.10009765625,11894.0
2026-09-08 19:00:00+00:00,4420.2001953125,4421.7998046875,4401.10009765625,4404.5,7790.0
2026-09-08 20:00:00+00:00,4404.10009765625,4409.5,4381.0,4400.0,5404.0
2026-09-08 22:00:00+00:00,4399.0,4403.0,4393.7001953125,4397.39990234375,0.0
2026-09-08 23:00:00+00:00,4397.39990234375,4403.39990234375,4392.39990234375,4393.10009765625,2299.0
2026-09-09 00:00:00+00:00,4393.2998046875,4409.5,4384.10009765625,4408.7998046875,4921.0
2026-09-09 01:00:00+00:00,4408.60009765625,4422.0,4397.7998046875,4417.7001953125,6680.0
2026-09-09 02:00:00+00:00,4417.2998046875,4428.39990234375,4411.0,4426.0,2862.0
2026-09-09 03:00:00+00:00,4426.2001953125,4426.60009765625,4419.2001953125,4420.39990234375,1546.0
2026-09-09 04:00:00+00:00,4418.7001953125,4426.2001953125,4414.2001953125,4425.2998046875,2158.0
2026-09-09 05:00:00+00:00,4425.39990234375,4444.60009765625,4423.89990234375,4442.2998046875,7270.0
2026-09-09 06:00:00+00:00,4442.39990234375,4449.89990234375,4438.60009765625,4444.7001953125,6619.0
2026-09-09 07:00:00+00:00,4444.39990234375,4456.2998046875,4443.0,4452.89990234375,5989.0
2026-09-09 08:00:00+00:00,4452.7998046875,4455.39990234375,4442.60009765625,4444.60009765625,4870.0
2026-09-09 09:00:00+00:00,4444.7998046875,4446.2998046875,4432.5,4434.60009765625,4501.0
2026-09-09 10:00:00+00:00,4434.5,4447.0,4430.0,4442.89990234375,5078.0
2026-09-09 11:00:00+00:00,4443.2998046875,4459.89990234375,4443.2001953125,4451.60009765625,6612.0
2026-09-09 12:00:00+00:00,4451.5,4453.60009765625,4435.2001953125,4444.39990234375,7810.0
2026-09-09 13:00:00+00:00,4444.2001953125,4479.0,4442.7998046875,4459.2998046875,19110.0
2026-09-09 14:00:00+00:00,4459.2001953125,4473.0,4453.60009765625,4463.2001953125,12762.0
2026-09-09 15:00:00+00:00,4463.39990234375,4477.0,4419.2998046875,4442.7001953125,31469.0
2026-09-09 16:00:00+00:00,4442.89990234375,4455.39990234375,4435.7998046875,4454.39990234375,7175.0
2026-09-09 17:00:00+00:00,4454.5,4465.60009765625,4453.7998046875,4461.2001953125,8029.0
2026-09-09 18:00:00+00:00,4461.39990234375,4466.7001953125,4446.5,4448.2001953125,5805.0
2026-09-09 19:00:00+00:00,4448.2001953125,4450.39990234375,4441.10009765625,4444.39990234375,4183.0
2026-09-09 20:00:00+00:00,4444.2001953125,4448.10009765625,4438.89990234375,4447.2001953125,1856.0
2026-09-09 22:00:00+00:00,4448.0,4450.39990234375,4442.0,4443.89990234375,0.0
2026-09-09 23:00:00+00:00,4444.0,4447.5,4436.7001953125,4437.5,3724.0
2026-09-10 00:00:00+00:00,4437.7001953125,4448.39990234375,4433.2001953125,4444.5,2991.0
2026-09-10 01:00:00+00:00,4444.2998046875,4462.5,4443.5,4455.2001953125,4763.0
2026-09-10 02:00:00+00:00,4455.2001953125,4464.39990234375,4451.2998046875,4462.7001953125,4640.0
2026-09-10 03:00:00+00:00,4462.7001953125,4464.5,4449.89990234375,4451.89990234375,2088.0
2026-09-10 04:00:00+00:00,4452.39990234375,4458.39990234375,4448.39990234375,4451.39990234375,1681.0
2026-09-10 05:00:00+00:00,4451.2001953125,4475.10009765625,4451.10009765625,4475.0,5606.0
2026-09-10 06:00:00+00:00,4475.10009765625,4479.89990234375,4454.39990234375,4469.2998046875,9653.0
2026-09-10 07:00:00+00:00,4469.0,4469.5,4447.5,4454.89990234375,7602.0
2026-09-10 08:00:00+00:00,4454.7001953125,4455.7001953125,4435.0,4437.7998046875,6197.0
2026-09-10 09:00:00+00:00,4437.7998046875,4439.5,4431.0,4437.0,4074.0
2026-09-10 10:00:00+00:00,4436.89990234375,4442.7998046875,4417.0,4421.39990234375,8887.0
2026-09-10 11:00:00+00:00,4421.10009765625,4433.10009765625,4415.10009765625,4416.7001953125,5906.0
2026-09-10 12:00:00+00:00,4416.7998046875,4419.89990234375,4365.39990234375,4381.7998046875,31855.0
2026-09-10 13:00:00+00:00,4382.10009765625,4418.10009765625,4380.39990234375,4408.5,23981.0
2026-09-10 14:00:00+00:00,4408.2998046875,4419.10009765625,4396.39990234375,4400.10009765625,17514.0
2026-09-10 15:00:00+00:00,4400.39990234375,4414.10009765625,4394.60009765625,4407.7998046875,8371.0
2026-09-10 16:00:00+00:00,4408.10009765625,4412.0,4395.5,4406.39990234375,8585.0
2026-09-10 17:00:00+00:00,4406.2001953125,4410.5,4392.7001953125,4394.2001953125,8106.0
2026-09-10 18:00:00+00:00,4394.39990234375,4397.7998046875,4371.2998046875,4374.39990234375,11936.0
2026-09-10 19:00:00+00:00,4374.0,4374.0,4354.7001953125,4365.7001953125,10829.0
2026-09-10 20:00:00+00:00,4365.5,4365.7001953125,4355.89990234375,4358.5,2651.0
2026-09-10 22:00:00+00:00,4359.39990234375,4365.7998046875,4354.0,4358.7998046875,0.0
2026-09-10 23:00:00+00:00,4358.7001953125,4361.0,4351.2998046875,4354.5,1750.0
2026-09-11 00:00:00+00:00,4355.5,4374.10009765625,4353.2001953125,4372.2001953125,3434.0
2026-09-11 01:00:00+00:00,4372.2998046875,4380.7001953125,4361.0,4369.10009765625,6716.0
2026-09-11 02:00:00+00:00,4369.5,4374.5,4356.2001953125,4363.2001953125,4849.0
2026-09-11 03:00:00+00:00,4362.7001953125,4366.7998046875,4341.39990234375,4345.0,5825.0
2026-09-11 04:00:00+00:00,4344.2001953125,4375.60009765625,4342.39990234375,4372.10009765625,5520.0
2026-09-11 05:00:00+00:00,4372.39990234375,4392.5,4368.89990234375,4386.60009765625,5097.0
2026-09-11 06:00:00+00:00,4386.7998046875,4402.0,4386.2998046875,4394.7998046875,5934.0
2026-09-11 07:00:00+00:00,4394.2001953125,4397.2998046875,4381.7001953125,4386.10009765625,3220.0
2026-09-11 08:00:00+00:00,4386.2998046875,4399.2998046875,4383.0,4388.7001953125,5735.0
2026-09-11 09:00:00+00:00,4388.89990234375,4395.39990234375,4382.5,4388.2001953125,3322.0
2026-09-11 10:00:00+00:00,4388.2998046875,4392.0,4378.5,4379.39990234375,4631.0
2026-09-11 11:00:00+00:00,4379.2998046875,4384.60009765625,4372.10009765625,4375.0,4812.0
2026-09-11 12:00:00+00:00,4375.2998046875,4432.60009765625,4333.0,4430.2998046875,37113.0
2026-09-11 13:00:00+00:00,4430.5,4444.89990234375,4421.89990234375,4443.89990234375,25946.0
2026-09-11 14:00:00+00:00,4443.7001953125,4444.89990234375,4406.2998046875,4412.5,18183.0
2026-09-11 15:00:00+00:00,4412.5,4418.7001953125,4401.0,4408.60009765625,10752.0
2026-09-11 16:00:00+00:00,4408.60009765625,4414.39990234375,4393.2998046875,4403.7998046875,10143.0
2026-09-11 17:00:00+00:00,4403.7001953125,4412.7001953125,4400.0,4400.60009765625,7756.0
2026-09-11 18:00:00+00:00,4400.5,4402.39990234375,4385.7998046875,4389.10009765625,6728.0
2026-09-11 19:00:00+00:00,4389.2998046875,4395.7998046875,4384.89990234375,4391.0,4704.0
2026-09-11 20:00:00+00:00,4391.0,4408.89990234375,4387.2998046875,4408.89990234375,1499.0
2026-09-13 22:00:00+00:00,4371.89990234375,4380.89990234375,4368.60009765625,4378.39990234375,2929.0
2026-09-13 23:00:00+00:00,4378.60009765625,4383.0,4372.60009765625,4373.2998046875,1603.0
2026-09-14 00:00:00+00:00,4373.2998046875,4388.7998046875,4370.89990234375,4379.60009765625,3450.0
2026-09-14 01:00:00+00:00,4379.7001953125,4396.5,4367.10009765625,4394.5,6361.0
2026-09-14 02:00:00+00:00,4394.39990234375,4396.7998046875,4371.10009765625,4371.7998046875,3943.0
2026-09-14 03:00:00+00:00,4371.5,4377.10009765625,4367.2001953125,4370.60009765625,3180.0
2026-09-14 04:00:00+00:00,4370.60009765625,4371.89990234375,4362.10009765625,4369.60009765625,2615.0
2026-09-14 05:00:00+00:00,4369.7998046875,4378.10009765625,4363.5,4378.10009765625,4403.0
2026-09-14 06:00:00+00:00,4377.89990234375,4379.2998046875,4360.89990234375,4362.5,3506.0
2026-09-14 07:00:00+00:00,4362.39990234375,4364.5,4348.0,4350.7001953125,5155.0
2026-09-14 08:00:00+00:00,4350.89990234375,4358.39990234375,4343.2001953125,4346.60009765625,4232.0
2026-09-14 09:00:00+00:00,4346.2998046875,4351.7998046875,4317.2998046875,4325.2001953125,14005.0
2026-09-14 10:00:00+00:00,4325.10009765625,4336.5,4317.7998046875,4334.39990234375,5543.0
2026-09-14 11:00:00+00:00,4334.39990234375,4337.10009765625,4324.10009765625,4326.89990234375,4515.0
2026-09-14 12:00:00+00:00,4327.10009765625,4337.7001953125,4322.89990234375,4326.0,4679.0
2026-09-14 12:26:43+00:00,4326.60009765625,4326.60009765625,4326.60009765625,4326.60009765625,0.0
